{
	"credit": "Made with Blockbench",
	"texture_size": [64, 64],
	"textures": {
		"6": "custom/rover/curiosity_roue",
		"2_2": "custom/rover/curiosity_amortisseur"
	},
	"elements": [
		{
			"from": [-0.9, 6.5, 6.5],
			"to": [0.1, 11, 8.5],
			"shade": false,
			"rotation": {"angle": 0, "axis": "y", "origin": [-8.5, 16, 23.5]},
			"faces": {
				"north": {"uv": [0, 8, 1, 13], "texture": "#2_2"},
				"east": {"uv": [0, 0, 2, 5], "texture": "#2_2"},
				"south": {"uv": [1, 8, 2, 13], "texture": "#2_2"},
				"west": {"uv": [2, 2, 4, 7], "texture": "#2_2"},
				"up": {"uv": [4, 2, 5, 4], "texture": "#2_2"},
				"down": {"uv": [9, 12, 10, 14], "texture": "#2_2"}
			}
		},
		{
			"from": [0.6, 6, 6.5],
			"to": [1.6, 13, 8.5],
			"shade": false,
			"rotation": {"angle": -22.5, "axis": "z", "origin": [-7, 15, 23.5]},
			"faces": {
				"north": {"uv": [0, 8, 1, 15], "texture": "#2_2"},
				"east": {"uv": [0, 0, 2, 7], "texture": "#2_2"},
				"south": {"uv": [1, 8, 2, 15], "texture": "#2_2"},
				"west": {"uv": [2, 2, 4, 9], "texture": "#2_2"},
				"up": {"uv": [4, 2, 5, 4], "texture": "#2_2"},
				"down": {"uv": [9, 12, 10, 14], "texture": "#2_2"}
			}
		},
		{
			"from": [-8, 2.5, 10.75],
			"to": [-3, 5.5, 11.25],
			"rotation": {"angle": -22.5, "axis": "x", "origin": [-5.5, 3.75, 7.5]},
			"faces": {
				"north": {"uv": [5, 3, 10, 6], "texture": "#6"},
				"east": {"uv": [10, 0, 11, 3], "rotation": 180, "texture": "#6"},
				"south": {"uv": [5, 0, 10, 3], "texture": "#6"},
				"west": {"uv": [10, 0, 11, 3], "texture": "#6"},
				"up": {"uv": [5, 6, 10, 7], "texture": "#6"},
				"down": {"uv": [10, 6, 5, 7], "texture": "#6"}
			}
		},
		{
			"from": [-8, 2, 3.75],
			"to": [-3, 5, 4.25],
			"rotation": {"angle": -22.5, "axis": "x", "origin": [-5.5, 3.75, 7.5]},
			"faces": {
				"north": {"uv": [5, 0, 10, 3], "rotation": 180, "texture": "#6"},
				"east": {"uv": [10, 0, 11, 3], "texture": "#6"},
				"south": {"uv": [5, 3, 10, 6], "rotation": 180, "texture": "#6"},
				"west": {"uv": [10, 0, 11, 3], "rotation": 180, "texture": "#6"},
				"up": {"uv": [10, 6, 5, 7], "texture": "#6"},
				"down": {"uv": [5, 6, 10, 7], "texture": "#6"}
			}
		},
		{
			"from": [-8, 7, 5.75],
			"to": [-3, 7.5, 8.75],
			"rotation": {"angle": -22.5, "axis": "x", "origin": [-5.5, 3.75, 7.5]},
			"faces": {
				"north": {"uv": [5, 6, 10, 7], "rotation": 180, "texture": "#6"},
				"east": {"uv": [10, 0, 11, 3], "rotation": 270, "texture": "#6"},
				"south": {"uv": [10, 6, 5, 7], "texture": "#6"},
				"west": {"uv": [10, 0, 11, 3], "rotation": 270, "texture": "#6"},
				"up": {"uv": [5, 0, 10, 3], "texture": "#6"},
				"down": {"uv": [5, 3, 10, 6], "rotation": 180, "texture": "#6"}
			}
		},
		{
			"from": [-8, 0, 6.25],
			"to": [-3, 0.5, 9.25],
			"rotation": {"angle": -22.5, "axis": "x", "origin": [-5.5, 3.75, 7.5]},
			"faces": {
				"north": {"uv": [10, 6, 5, 7], "rotation": 180, "texture": "#6"},
				"east": {"uv": [10, 0, 11, 3], "rotation": 90, "texture": "#6"},
				"south": {"uv": [5, 6, 10, 7], "texture": "#6"},
				"west": {"uv": [10, 0, 11, 3], "rotation": 90, "texture": "#6"},
				"up": {"uv": [5, 3, 10, 6], "rotation": 180, "texture": "#6"},
				"down": {"uv": [5, 0, 10, 3], "texture": "#6"}
			}
		},
		{
			"from": [-8, 7, 5.75],
			"to": [-3, 7.5, 8.75],
			"rotation": {"angle": 22.5, "axis": "x", "origin": [-5.5, 3.75, 7.5]},
			"faces": {
				"north": {"uv": [5, 6, 10, 7], "rotation": 180, "texture": "#6"},
				"east": {"uv": [10, 0, 11, 3], "rotation": 270, "texture": "#6"},
				"south": {"uv": [10, 6, 5, 7], "texture": "#6"},
				"west": {"uv": [10, 0, 11, 3], "rotation": 270, "texture": "#6"},
				"up": {"uv": [5, 0, 10, 3], "texture": "#6"},
				"down": {"uv": [5, 3, 10, 6], "rotation": 180, "texture": "#6"}
			}
		},
		{
			"from": [-8, 0, 6.25],
			"to": [-3, 0.5, 9.25],
			"rotation": {"angle": 22.5, "axis": "x", "origin": [-5.5, 3.75, 7.5]},
			"faces": {
				"north": {"uv": [10, 6, 5, 7], "rotation": 180, "texture": "#6"},
				"east": {"uv": [10, 0, 11, 3], "rotation": 90, "texture": "#6"},
				"south": {"uv": [5, 6, 10, 7], "texture": "#6"},
				"west": {"uv": [10, 0, 11, 3], "rotation": 90, "texture": "#6"},
				"up": {"uv": [5, 3, 10, 6], "rotation": 180, "texture": "#6"},
				"down": {"uv": [5, 0, 10, 3], "texture": "#6"}
			}
		},
		{
			"from": [-8, 2, 3.75],
			"to": [-3, 5, 4.25],
			"rotation": {"angle": 22.5, "axis": "x", "origin": [-5.5, 3.75, 7.5]},
			"faces": {
				"north": {"uv": [5, 0, 10, 3], "rotation": 180, "texture": "#6"},
				"east": {"uv": [10, 0, 11, 3], "texture": "#6"},
				"south": {"uv": [5, 3, 10, 6], "rotation": 180, "texture": "#6"},
				"west": {"uv": [10, 0, 11, 3], "rotation": 180, "texture": "#6"},
				"up": {"uv": [10, 6, 5, 7], "texture": "#6"},
				"down": {"uv": [5, 6, 10, 7], "texture": "#6"}
			}
		},
		{
			"from": [-8, 2.5, 10.75],
			"to": [-3, 5.5, 11.25],
			"rotation": {"angle": 22.5, "axis": "x", "origin": [-5.5, 3.75, 7.5]},
			"faces": {
				"north": {"uv": [5, 3, 10, 6], "texture": "#6"},
				"east": {"uv": [10, 0, 11, 3], "rotation": 180, "texture": "#6"},
				"south": {"uv": [5, 0, 10, 3], "texture": "#6"},
				"west": {"uv": [10, 0, 11, 3], "texture": "#6"},
				"up": {"uv": [5, 6, 10, 7], "texture": "#6"},
				"down": {"uv": [10, 6, 5, 7], "texture": "#6"}
			}
		},
		{
			"from": [-7.5, 3.5, 8.25],
			"to": [-7, 4, 11.25],
			"rotation": {"angle": 0, "axis": "y", "origin": [-7.25, 3.75, 7.5]},
			"faces": {
				"east": {"uv": [8, 12, 11, 13], "texture": "#6"},
				"west": {"uv": [8, 12, 11, 13], "texture": "#6"},
				"up": {"uv": [8, 13, 9, 16], "texture": "#6"},
				"down": {"uv": [8, 13, 9, 16], "texture": "#6"}
			}
		},
		{
			"from": [-7.5, 3.5, 3.75],
			"to": [-7, 4, 6.75],
			"rotation": {"angle": 0, "axis": "x", "origin": [-7.25, 3.75, 7.5]},
			"faces": {
				"east": {"uv": [8, 12, 11, 13], "rotation": 180, "texture": "#6"},
				"west": {"uv": [8, 12, 11, 13], "rotation": 180, "texture": "#6"},
				"up": {"uv": [8, 13, 9, 16], "texture": "#6"},
				"down": {"uv": [8, 13, 9, 16], "texture": "#6"}
			}
		},
		{
			"from": [-7.5, 4.5, 7.25],
			"to": [-7, 7.5, 7.75],
			"rotation": {"angle": 0, "axis": "x", "origin": [-7.25, 3.75, 7.5]},
			"faces": {
				"north": {"uv": [8, 13, 9, 16], "rotation": 180, "texture": "#6"},
				"east": {"uv": [8, 12, 11, 13], "rotation": 90, "texture": "#6"},
				"south": {"uv": [8, 13, 9, 16], "texture": "#6"},
				"west": {"uv": [8, 12, 11, 13], "rotation": 270, "texture": "#6"}
			}
		},
		{
			"from": [-7.5, 0, 7.25],
			"to": [-7, 3, 7.75],
			"rotation": {"angle": 0, "axis": "x", "origin": [-7.25, 3.75, 7.5]},
			"faces": {
				"north": {"uv": [8, 13, 9, 16], "rotation": 180, "texture": "#6"},
				"east": {"uv": [8, 12, 11, 13], "rotation": 270, "texture": "#6"},
				"south": {"uv": [8, 13, 9, 16], "texture": "#6"},
				"west": {"uv": [8, 12, 11, 13], "rotation": 90, "texture": "#6"}
			}
		},
		{
			"name": "axe",
			"from": [-8, 3, 6.75],
			"to": [-2.5, 4.5, 8.25],
			"rotation": {"angle": 45, "axis": "x", "origin": [-5.25, 3.75, 7.5]},
			"faces": {
				"north": {"uv": [2, 8, 8, 10], "texture": "#6"},
				"east": {"uv": [0, 8, 2, 10], "texture": "#6"},
				"south": {"uv": [2, 8, 8, 10], "texture": "#6"},
				"west": {"uv": [0, 8, 2, 10], "texture": "#6"},
				"up": {"uv": [2, 8, 8, 10], "texture": "#6"},
				"down": {"uv": [2, 10, 8, 12], "texture": "#6"}
			}
		},
		{
			"from": [-8, 2.5, 10.75],
			"to": [-3, 5.5, 11.25],
			"rotation": {"angle": -45, "axis": "x", "origin": [-6.01923, 3.75, 7.5]},
			"faces": {
				"north": {"uv": [0, 3, 5, 6], "texture": "#6"},
				"east": {"uv": [10, 3, 11, 6], "rotation": 180, "texture": "#6"},
				"south": {"uv": [0, 0, 5, 3], "texture": "#6"},
				"west": {"uv": [10, 3, 11, 6], "texture": "#6"},
				"up": {"uv": [0, 6, 5, 7], "texture": "#6"},
				"down": {"uv": [5, 6, 0, 7], "texture": "#6"}
			}
		},
		{
			"from": [-8, 2, 3.75],
			"to": [-3, 5, 4.25],
			"rotation": {"angle": -45, "axis": "x", "origin": [-6.01923, 3.75, 7.5]},
			"faces": {
				"north": {"uv": [0, 0, 5, 3], "rotation": 180, "texture": "#6"},
				"east": {"uv": [10, 3, 11, 6], "texture": "#6"},
				"south": {"uv": [0, 3, 5, 6], "rotation": 180, "texture": "#6"},
				"west": {"uv": [10, 3, 11, 6], "rotation": 180, "texture": "#6"},
				"up": {"uv": [5, 6, 0, 7], "texture": "#6"},
				"down": {"uv": [0, 6, 5, 7], "texture": "#6"}
			}
		},
		{
			"from": [-8, 7, 5.75],
			"to": [-3, 7.5, 8.75],
			"rotation": {"angle": -45, "axis": "x", "origin": [-6.01923, 3.75, 7.5]},
			"faces": {
				"north": {"uv": [0, 6, 5, 7], "rotation": 180, "texture": "#6"},
				"east": {"uv": [10, 3, 11, 6], "rotation": 270, "texture": "#6"},
				"south": {"uv": [5, 6, 0, 7], "texture": "#6"},
				"west": {"uv": [10, 3, 11, 6], "rotation": 270, "texture": "#6"},
				"up": {"uv": [0, 0, 5, 3], "texture": "#6"},
				"down": {"uv": [0, 3, 5, 6], "rotation": 180, "texture": "#6"}
			}
		},
		{
			"from": [-8, 0, 6.25],
			"to": [-3, 0.5, 9.25],
			"rotation": {"angle": -45, "axis": "x", "origin": [-6.01923, 3.75, 7.5]},
			"faces": {
				"north": {"uv": [5, 6, 0, 7], "rotation": 180, "texture": "#6"},
				"east": {"uv": [10, 3, 11, 6], "rotation": 90, "texture": "#6"},
				"south": {"uv": [0, 6, 5, 7], "texture": "#6"},
				"west": {"uv": [10, 3, 11, 6], "rotation": 90, "texture": "#6"},
				"up": {"uv": [0, 3, 5, 6], "rotation": 180, "texture": "#6"},
				"down": {"uv": [0, 0, 5, 3], "texture": "#6"}
			}
		},
		{
			"from": [-8, 7, 5.75],
			"to": [-3, 7.5, 8.75],
			"rotation": {"angle": 0, "axis": "x", "origin": [-6.01923, 3.75, 7.5]},
			"faces": {
				"north": {"uv": [0, 6, 5, 7], "rotation": 180, "texture": "#6"},
				"east": {"uv": [10, 3, 11, 6], "rotation": 270, "texture": "#6"},
				"south": {"uv": [5, 6, 0, 7], "texture": "#6"},
				"west": {"uv": [10, 3, 11, 6], "rotation": 270, "texture": "#6"},
				"up": {"uv": [0, 0, 5, 3], "texture": "#6"},
				"down": {"uv": [0, 3, 5, 6], "rotation": 180, "texture": "#6"}
			}
		},
		{
			"from": [-8, 0, 6.25],
			"to": [-3, 0.5, 9.25],
			"rotation": {"angle": 0, "axis": "x", "origin": [-6.01923, 3.75, 7.5]},
			"faces": {
				"north": {"uv": [5, 6, 0, 7], "rotation": 180, "texture": "#6"},
				"east": {"uv": [10, 3, 11, 6], "rotation": 90, "texture": "#6"},
				"south": {"uv": [0, 6, 5, 7], "texture": "#6"},
				"west": {"uv": [10, 3, 11, 6], "rotation": 90, "texture": "#6"},
				"up": {"uv": [0, 3, 5, 6], "rotation": 180, "texture": "#6"},
				"down": {"uv": [0, 0, 5, 3], "texture": "#6"}
			}
		},
		{
			"from": [-8, 2, 3.75],
			"to": [-3, 5, 4.25],
			"rotation": {"angle": 0, "axis": "x", "origin": [-6.01923, 3.75, 7.5]},
			"faces": {
				"north": {"uv": [0, 0, 5, 3], "rotation": 180, "texture": "#6"},
				"east": {"uv": [10, 3, 11, 6], "texture": "#6"},
				"south": {"uv": [0, 3, 5, 6], "rotation": 180, "texture": "#6"},
				"west": {"uv": [10, 3, 11, 6], "rotation": 180, "texture": "#6"},
				"up": {"uv": [5, 6, 0, 7], "texture": "#6"},
				"down": {"uv": [0, 6, 5, 7], "texture": "#6"}
			}
		},
		{
			"from": [-8, 2.5, 10.75],
			"to": [-3, 5.5, 11.25],
			"rotation": {"angle": 0, "axis": "x", "origin": [-6.01923, 3.75, 7.5]},
			"faces": {
				"north": {"uv": [0, 3, 5, 6], "texture": "#6"},
				"east": {"uv": [10, 3, 11, 6], "rotation": 180, "texture": "#6"},
				"south": {"uv": [0, 0, 5, 3], "texture": "#6"},
				"west": {"uv": [10, 3, 11, 6], "texture": "#6"},
				"up": {"uv": [0, 6, 5, 7], "texture": "#6"},
				"down": {"uv": [5, 6, 0, 7], "texture": "#6"}
			}
		},
		{
			"from": [-7.5, 3.5, 8.25],
			"to": [-7, 4, 11.25],
			"rotation": {"angle": -22.5, "axis": "x", "origin": [-6.01923, 3.75, 7.5]},
			"faces": {
				"east": {"uv": [8, 11, 11, 12], "texture": "#6"},
				"west": {"uv": [8, 11, 11, 12], "texture": "#6"},
				"up": {"uv": [9, 13, 10, 16], "texture": "#6"},
				"down": {"uv": [9, 13, 10, 16], "texture": "#6"}
			}
		},
		{
			"from": [-7.5, 3.5, 3.75],
			"to": [-7, 4, 6.75],
			"rotation": {"angle": -22.5, "axis": "x", "origin": [-6.01923, 3.75, 7.5]},
			"faces": {
				"east": {"uv": [8, 11, 11, 12], "rotation": 180, "texture": "#6"},
				"west": {"uv": [8, 11, 11, 12], "rotation": 180, "texture": "#6"},
				"up": {"uv": [9, 13, 10, 16], "texture": "#6"},
				"down": {"uv": [9, 13, 10, 16], "texture": "#6"}
			}
		},
		{
			"from": [-7.5, 4.5, 7.25],
			"to": [-7, 7.5, 7.75],
			"rotation": {"angle": -22.5, "axis": "x", "origin": [-6.01923, 3.75, 7.5]},
			"faces": {
				"north": {"uv": [9, 13, 10, 16], "rotation": 180, "texture": "#6"},
				"east": {"uv": [8, 11, 11, 12], "rotation": 90, "texture": "#6"},
				"south": {"uv": [9, 13, 10, 16], "texture": "#6"},
				"west": {"uv": [8, 11, 11, 12], "rotation": 270, "texture": "#6"}
			}
		},
		{
			"from": [-7.5, 0, 7.25],
			"to": [-7, 3, 7.75],
			"rotation": {"angle": -22.5, "axis": "x", "origin": [-6.01923, 3.75, 7.5]},
			"faces": {
				"north": {"uv": [9, 13, 10, 16], "rotation": 180, "texture": "#6"},
				"east": {"uv": [8, 11, 11, 12], "rotation": 270, "texture": "#6"},
				"south": {"uv": [9, 13, 10, 16], "texture": "#6"},
				"west": {"uv": [8, 11, 11, 12], "rotation": 90, "texture": "#6"}
			}
		},
		{
			"name": "axe",
			"from": [-8, 3, 6.75],
			"to": [-2.5, 4.5, 8.25],
			"rotation": {"angle": 22.5, "axis": "x", "origin": [-6.01923, 3.75, 7.5]},
			"faces": {
				"north": {"uv": [2, 10, 8, 12], "texture": "#6"},
				"east": {"uv": [0, 10, 2, 12], "texture": "#6"},
				"south": {"uv": [2, 10, 8, 12], "texture": "#6"},
				"west": {"uv": [0, 10, 2, 12], "texture": "#6"},
				"up": {"uv": [2, 10, 8, 12], "texture": "#6"},
				"down": {"uv": [2, 10, 8, 12], "texture": "#6"}
			}
		},
		{
			"from": [-8, 7, 5.75],
			"to": [-3, 7.5, 8.75],
			"rotation": {"angle": 22.5, "axis": "x", "origin": [-5.5, 3.75, 7.5]},
			"faces": {
				"north": {"uv": [5, 6, 10, 7], "rotation": 180, "texture": "#6"},
				"east": {"uv": [10, 0, 11, 3], "rotation": 270, "texture": "#6"},
				"south": {"uv": [10, 6, 5, 7], "texture": "#6"},
				"west": {"uv": [10, 0, 11, 3], "rotation": 270, "texture": "#6"},
				"up": {"uv": [5, 0, 10, 3], "texture": "#6"},
				"down": {"uv": [5, 3, 10, 6], "rotation": 180, "texture": "#6"}
			}
		},
		{
			"from": [-8, 0, 6.25],
			"to": [-3, 0.5, 9.25],
			"rotation": {"angle": 22.5, "axis": "x", "origin": [-5.5, 3.75, 7.5]},
			"faces": {
				"north": {"uv": [10, 6, 5, 7], "rotation": 180, "texture": "#6"},
				"east": {"uv": [10, 0, 11, 3], "rotation": 90, "texture": "#6"},
				"south": {"uv": [5, 6, 10, 7], "texture": "#6"},
				"west": {"uv": [10, 0, 11, 3], "rotation": 90, "texture": "#6"},
				"up": {"uv": [5, 3, 10, 6], "rotation": 180, "texture": "#6"},
				"down": {"uv": [5, 0, 10, 3], "texture": "#6"}
			}
		},
		{
			"from": [-8, 2, 3.75],
			"to": [-3, 5, 4.25],
			"rotation": {"angle": 22.5, "axis": "x", "origin": [-5.5, 3.75, 7.5]},
			"faces": {
				"north": {"uv": [5, 0, 10, 3], "rotation": 180, "texture": "#6"},
				"east": {"uv": [10, 0, 11, 3], "texture": "#6"},
				"south": {"uv": [5, 3, 10, 6], "rotation": 180, "texture": "#6"},
				"west": {"uv": [10, 0, 11, 3], "rotation": 180, "texture": "#6"},
				"up": {"uv": [10, 6, 5, 7], "texture": "#6"},
				"down": {"uv": [5, 6, 10, 7], "texture": "#6"}
			}
		},
		{
			"from": [-8, 2.5, 10.75],
			"to": [-3, 5.5, 11.25],
			"rotation": {"angle": 22.5, "axis": "x", "origin": [-5.5, 3.75, 7.5]},
			"faces": {
				"north": {"uv": [5, 3, 10, 6], "texture": "#6"},
				"east": {"uv": [10, 0, 11, 3], "rotation": 180, "texture": "#6"},
				"south": {"uv": [5, 0, 10, 3], "texture": "#6"},
				"west": {"uv": [10, 0, 11, 3], "texture": "#6"},
				"up": {"uv": [5, 6, 10, 7], "texture": "#6"},
				"down": {"uv": [10, 6, 5, 7], "texture": "#6"}
			}
		},
		{
			"from": [-8, 7, 5.75],
			"to": [-3, 7.5, 8.75],
			"rotation": {"angle": -22.5, "axis": "x", "origin": [-5.5, 3.75, 7.5]},
			"faces": {
				"north": {"uv": [5, 6, 10, 7], "rotation": 180, "texture": "#6"},
				"east": {"uv": [10, 0, 11, 3], "rotation": 270, "texture": "#6"},
				"south": {"uv": [10, 6, 5, 7], "texture": "#6"},
				"west": {"uv": [10, 0, 11, 3], "rotation": 270, "texture": "#6"},
				"up": {"uv": [5, 0, 10, 3], "texture": "#6"},
				"down": {"uv": [5, 3, 10, 6], "rotation": 180, "texture": "#6"}
			}
		},
		{
			"from": [-8, 0, 6.25],
			"to": [-3, 0.5, 9.25],
			"rotation": {"angle": -22.5, "axis": "x", "origin": [-5.5, 3.75, 7.5]},
			"faces": {
				"north": {"uv": [10, 6, 5, 7], "rotation": 180, "texture": "#6"},
				"east": {"uv": [10, 0, 11, 3], "rotation": 90, "texture": "#6"},
				"south": {"uv": [5, 6, 10, 7], "texture": "#6"},
				"west": {"uv": [10, 0, 11, 3], "rotation": 90, "texture": "#6"},
				"up": {"uv": [5, 3, 10, 6], "rotation": 180, "texture": "#6"},
				"down": {"uv": [5, 0, 10, 3], "texture": "#6"}
			}
		},
		{
			"from": [-8, 2, 3.75],
			"to": [-3, 5, 4.25],
			"rotation": {"angle": -22.5, "axis": "x", "origin": [-5.5, 3.75, 7.5]},
			"faces": {
				"north": {"uv": [5, 0, 10, 3], "rotation": 180, "texture": "#6"},
				"east": {"uv": [10, 0, 11, 3], "texture": "#6"},
				"south": {"uv": [5, 3, 10, 6], "rotation": 180, "texture": "#6"},
				"west": {"uv": [10, 0, 11, 3], "rotation": 180, "texture": "#6"},
				"up": {"uv": [10, 6, 5, 7], "texture": "#6"},
				"down": {"uv": [5, 6, 10, 7], "texture": "#6"}
			}
		},
		{
			"from": [-8, 2.5, 10.75],
			"to": [-3, 5.5, 11.25],
			"rotation": {"angle": -22.5, "axis": "x", "origin": [-5.5, 3.75, 7.5]},
			"faces": {
				"north": {"uv": [5, 3, 10, 6], "texture": "#6"},
				"east": {"uv": [10, 0, 11, 3], "rotation": 180, "texture": "#6"},
				"south": {"uv": [5, 0, 10, 3], "texture": "#6"},
				"west": {"uv": [10, 0, 11, 3], "texture": "#6"},
				"up": {"uv": [5, 6, 10, 7], "texture": "#6"},
				"down": {"uv": [10, 6, 5, 7], "texture": "#6"}
			}
		},
		{
			"from": [-7.5, 3.5, 8.25],
			"to": [-7, 4, 11.25],
			"rotation": {"angle": -45, "axis": "x", "origin": [-7.25, 3.75, 7.5]},
			"faces": {
				"east": {"uv": [8, 10, 11, 11], "texture": "#6"},
				"west": {"uv": [8, 10, 11, 11], "texture": "#6"},
				"up": {"uv": [10, 13, 11, 16], "texture": "#6"},
				"down": {"uv": [10, 13, 11, 16], "texture": "#6"}
			}
		},
		{
			"from": [-7.5, 3.5, 3.75],
			"to": [-7, 4, 6.75],
			"rotation": {"angle": -45, "axis": "x", "origin": [-7.25, 3.75, 7.5]},
			"faces": {
				"east": {"uv": [8, 10, 11, 11], "rotation": 180, "texture": "#6"},
				"west": {"uv": [8, 10, 11, 11], "rotation": 180, "texture": "#6"},
				"up": {"uv": [10, 13, 11, 16], "texture": "#6"},
				"down": {"uv": [10, 13, 11, 16], "texture": "#6"}
			}
		},
		{
			"from": [-7.5, 3.5, 3.75],
			"to": [-7, 4, 6.75],
			"rotation": {"angle": 45, "axis": "x", "origin": [-7.25, 3.75, 7.5]},
			"faces": {
				"east": {"uv": [8, 10, 11, 11], "rotation": 180, "texture": "#6"},
				"west": {"uv": [8, 10, 11, 11], "rotation": 180, "texture": "#6"},
				"up": {"uv": [10, 13, 11, 16], "texture": "#6"},
				"down": {"uv": [10, 13, 11, 16], "texture": "#6"}
			}
		},
		{
			"from": [-7.5, 0, 7.25],
			"to": [-7, 3, 7.75],
			"rotation": {"angle": -45, "axis": "x", "origin": [-7.25, 3.75, 7.5]},
			"faces": {
				"north": {"uv": [10, 13, 11, 16], "rotation": 180, "texture": "#6"},
				"east": {"uv": [8, 10, 11, 11], "rotation": 270, "texture": "#6"},
				"south": {"uv": [10, 13, 11, 16], "texture": "#6"},
				"west": {"uv": [8, 10, 11, 11], "rotation": 90, "texture": "#6"}
			}
		},
		{
			"name": "axe",
			"from": [-8, 3, 6.75],
			"to": [-2.5, 4.5, 8.25],
			"rotation": {"angle": 0, "axis": "x", "origin": [-5.25, 3.75, 7.5]},
			"faces": {
				"north": {"uv": [2, 12, 8, 14], "texture": "#6"},
				"east": {"uv": [0, 12, 2, 14], "texture": "#6"},
				"south": {"uv": [2, 12, 8, 14], "texture": "#6"},
				"west": {"uv": [0, 12, 2, 14], "texture": "#6"},
				"up": {"uv": [2, 12, 8, 14], "texture": "#6"},
				"down": {"uv": [2, 12, 8, 14], "texture": "#6"}
			}
		},
		{
			"from": [-8, 7, 5.75],
			"to": [-3, 7.5, 8.75],
			"rotation": {"angle": 0, "axis": "x", "origin": [-6.01923, 3.75, 7.5]},
			"faces": {
				"north": {"uv": [0, 6, 5, 7], "rotation": 180, "texture": "#6"},
				"east": {"uv": [10, 3, 11, 6], "rotation": 270, "texture": "#6"},
				"south": {"uv": [5, 6, 0, 7], "texture": "#6"},
				"west": {"uv": [10, 3, 11, 6], "rotation": 270, "texture": "#6"},
				"up": {"uv": [0, 0, 5, 3], "texture": "#6"},
				"down": {"uv": [0, 3, 5, 6], "rotation": 180, "texture": "#6"}
			}
		},
		{
			"from": [-8, 0, 6.25],
			"to": [-3, 0.5, 9.25],
			"rotation": {"angle": 0, "axis": "x", "origin": [-6.01923, 3.75, 7.5]},
			"faces": {
				"north": {"uv": [5, 6, 0, 7], "rotation": 180, "texture": "#6"},
				"east": {"uv": [10, 3, 11, 6], "rotation": 90, "texture": "#6"},
				"south": {"uv": [0, 6, 5, 7], "texture": "#6"},
				"west": {"uv": [10, 3, 11, 6], "rotation": 90, "texture": "#6"},
				"up": {"uv": [0, 3, 5, 6], "rotation": 180, "texture": "#6"},
				"down": {"uv": [0, 0, 5, 3], "texture": "#6"}
			}
		},
		{
			"from": [-8, 2, 3.75],
			"to": [-3, 5, 4.25],
			"rotation": {"angle": 0, "axis": "x", "origin": [-6.01923, 3.75, 7.5]},
			"faces": {
				"north": {"uv": [0, 0, 5, 3], "rotation": 180, "texture": "#6"},
				"east": {"uv": [10, 3, 11, 6], "texture": "#6"},
				"south": {"uv": [0, 3, 5, 6], "rotation": 180, "texture": "#6"},
				"west": {"uv": [10, 3, 11, 6], "rotation": 180, "texture": "#6"},
				"up": {"uv": [5, 6, 0, 7], "texture": "#6"},
				"down": {"uv": [0, 6, 5, 7], "texture": "#6"}
			}
		},
		{
			"from": [-8, 2.5, 10.75],
			"to": [-3, 5.5, 11.25],
			"rotation": {"angle": 0, "axis": "x", "origin": [-6.01923, 3.75, 7.5]},
			"faces": {
				"north": {"uv": [0, 3, 5, 6], "texture": "#6"},
				"east": {"uv": [10, 3, 11, 6], "rotation": 180, "texture": "#6"},
				"south": {"uv": [0, 0, 5, 3], "texture": "#6"},
				"west": {"uv": [10, 3, 11, 6], "texture": "#6"},
				"up": {"uv": [0, 6, 5, 7], "texture": "#6"},
				"down": {"uv": [5, 6, 0, 7], "texture": "#6"}
			}
		},
		{
			"from": [-8, 7, 5.75],
			"to": [-3, 7.5, 8.75],
			"rotation": {"angle": -45, "axis": "x", "origin": [-6.01923, 3.75, 7.5]},
			"faces": {
				"north": {"uv": [0, 6, 5, 7], "rotation": 180, "texture": "#6"},
				"east": {"uv": [10, 3, 11, 6], "rotation": 270, "texture": "#6"},
				"south": {"uv": [5, 6, 0, 7], "texture": "#6"},
				"west": {"uv": [10, 3, 11, 6], "rotation": 270, "texture": "#6"},
				"up": {"uv": [0, 0, 5, 3], "texture": "#6"},
				"down": {"uv": [0, 3, 5, 6], "rotation": 180, "texture": "#6"}
			}
		},
		{
			"from": [-8, 0, 6.25],
			"to": [-3, 0.5, 9.25],
			"rotation": {"angle": -45, "axis": "x", "origin": [-6.01923, 3.75, 7.5]},
			"faces": {
				"north": {"uv": [5, 6, 0, 7], "rotation": 180, "texture": "#6"},
				"east": {"uv": [10, 3, 11, 6], "rotation": 90, "texture": "#6"},
				"south": {"uv": [0, 6, 5, 7], "texture": "#6"},
				"west": {"uv": [10, 3, 11, 6], "rotation": 90, "texture": "#6"},
				"up": {"uv": [0, 3, 5, 6], "rotation": 180, "texture": "#6"},
				"down": {"uv": [0, 0, 5, 3], "texture": "#6"}
			}
		},
		{
			"from": [-8, 2, 3.75],
			"to": [-3, 5, 4.25],
			"rotation": {"angle": -45, "axis": "x", "origin": [-6.01923, 3.75, 7.5]},
			"faces": {
				"north": {"uv": [0, 0, 5, 3], "rotation": 180, "texture": "#6"},
				"east": {"uv": [10, 3, 11, 6], "texture": "#6"},
				"south": {"uv": [0, 3, 5, 6], "rotation": 180, "texture": "#6"},
				"west": {"uv": [10, 3, 11, 6], "rotation": 180, "texture": "#6"},
				"up": {"uv": [5, 6, 0, 7], "texture": "#6"},
				"down": {"uv": [0, 6, 5, 7], "texture": "#6"}
			}
		},
		{
			"from": [-8, 2.5, 10.75],
			"to": [-3, 5.5, 11.25],
			"rotation": {"angle": -45, "axis": "x", "origin": [-6.01923, 3.75, 7.5]},
			"faces": {
				"north": {"uv": [0, 3, 5, 6], "texture": "#6"},
				"east": {"uv": [10, 3, 11, 6], "rotation": 180, "texture": "#6"},
				"south": {"uv": [0, 0, 5, 3], "texture": "#6"},
				"west": {"uv": [10, 3, 11, 6], "texture": "#6"},
				"up": {"uv": [0, 6, 5, 7], "texture": "#6"},
				"down": {"uv": [5, 6, 0, 7], "texture": "#6"}
			}
		},
		{
			"from": [-7.5, 3.5, 8.25],
			"to": [-7, 4, 11.25],
			"rotation": {"angle": 22.5, "axis": "x", "origin": [-6.01923, 3.75, 7.5]},
			"faces": {
				"east": {"uv": [8, 9, 11, 10], "texture": "#6"},
				"west": {"uv": [8, 9, 11, 10], "texture": "#6"},
				"up": {"uv": [11, 13, 12, 16], "texture": "#6"},
				"down": {"uv": [11, 13, 12, 16], "texture": "#6"}
			}
		},
		{
			"from": [-7.5, 3.5, 3.75],
			"to": [-7, 4, 6.75],
			"rotation": {"angle": 22.5, "axis": "x", "origin": [-6.01923, 3.75, 7.5]},
			"faces": {
				"east": {"uv": [8, 9, 11, 10], "rotation": 180, "texture": "#6"},
				"west": {"uv": [8, 9, 11, 10], "rotation": 180, "texture": "#6"},
				"up": {"uv": [11, 13, 12, 16], "texture": "#6"},
				"down": {"uv": [11, 13, 12, 16], "texture": "#6"}
			}
		},
		{
			"from": [-7.5, 4.5, 7.25],
			"to": [-7, 7.5, 7.75],
			"rotation": {"angle": 22.5, "axis": "x", "origin": [-6.01923, 3.75, 7.5]},
			"faces": {
				"north": {"uv": [11, 13, 12, 16], "rotation": 180, "texture": "#6"},
				"east": {"uv": [8, 9, 11, 10], "rotation": 90, "texture": "#6"},
				"south": {"uv": [11, 13, 12, 16], "texture": "#6"},
				"west": {"uv": [8, 9, 11, 10], "rotation": 270, "texture": "#6"}
			}
		},
		{
			"from": [-7.5, 0, 7.25],
			"to": [-7, 3, 7.75],
			"rotation": {"angle": 22.5, "axis": "x", "origin": [-6.01923, 3.75, 7.5]},
			"faces": {
				"north": {"uv": [11, 13, 12, 16], "rotation": 180, "texture": "#6"},
				"east": {"uv": [8, 9, 11, 10], "rotation": 270, "texture": "#6"},
				"south": {"uv": [11, 13, 12, 16], "texture": "#6"},
				"west": {"uv": [8, 9, 11, 10], "rotation": 90, "texture": "#6"}
			}
		},
		{
			"name": "axe",
			"from": [-8, 3, 6.75],
			"to": [-2.5, 4.5, 8.25],
			"rotation": {"angle": -22.5, "axis": "x", "origin": [-6.01923, 3.75, 7.5]},
			"faces": {
				"north": {"uv": [2, 14, 8, 16], "texture": "#6"},
				"east": {"uv": [0, 14, 2, 16], "texture": "#6"},
				"south": {"uv": [2, 14, 8, 16], "texture": "#6"},
				"west": {"uv": [0, 14, 2, 16], "texture": "#6"},
				"up": {"uv": [2, 14, 8, 16], "texture": "#6"},
				"down": {"uv": [2, 14, 8, 16], "texture": "#6"}
			}
		}
	],
	"display": {
		"head": {
			"translation": [0, -35, 0]
		}
	},
	"groups": [
		{
			"name": "sym",
			"origin": [1, 21.5, 9],
			"children": [
				{
					"name": "roue_milieu",
					"origin": [8, 8, 8],
					"children": [0, 1,
						{
							"name": "roue_milieu",
							"origin": [-10.25, 3.75, -26.25],
							"children": [
								{
									"name": "roue_avant1",
									"origin": [-10.25, 3.75, 7.75],
									"children": [
										{
											"name": "pneu",
											"origin": [-9.125, 3.75, 23.5],
											"children": [2, 3, 4, 5, 6, 7, 8, 9]
										},
										{
											"name": "rayon",
											"origin": [-3.25, 3.75, -10.5],
											"children": [10, 11, 12, 13, 14]
										}
									]
								},
								{
									"name": "roue_avant2",
									"origin": [-10.25, 3.75, 7.75],
									"children": [
										{
											"name": "pneu",
											"origin": [-9.125, 3.75, 23.5],
											"children": [15, 16, 17, 18, 19, 20, 21, 22]
										},
										{
											"name": "rayon",
											"origin": [-3.25, 3.75, -10.5],
											"children": [23, 24, 25, 26, 27]
										}
									]
								},
								{
									"name": "roue_avant3",
									"origin": [-10.25, 3.75, 7.75],
									"children": [
										{
											"name": "pneu",
											"origin": [-9.125, 3.75, 23.5],
											"children": [28, 29, 30, 31, 32, 33, 34, 35]
										},
										{
											"name": "rayon",
											"origin": [-3.25, 3.75, -10.5],
											"children": [36, 37, 38, 39, 40]
										}
									]
								},
								{
									"name": "roue_avant4",
									"origin": [-10.25, 3.75, 7.75],
									"children": [
										{
											"name": "pneu",
											"origin": [-9.125, 3.75, 23.5],
											"children": [41, 42, 43, 44, 45, 46, 47, 48]
										},
										{
											"name": "rayon",
											"origin": [-3.25, 3.75, -10.5],
											"children": [49, 50, 51, 52, 53]
										}
									]
								}
							]
						}
					]
				}
			]
		}
	],
    "display": {
        "head": {
            "rotation": [ 0, 0, 0 ],
            "translation": [ 0, -28, 0],
            "scale":[ 1.8, 1.8, 1.8 ]
        }
    }
}
