{
	"credit": "Made by Daminator4113, with Blockbench",
	"textures": {
		"0": "custom/siege/cuir",
		"1": "custom/siege/metal",
		"particle": "custom/siege/cuir"
	},
	"elements": [
		{
			"from": [1, 7.5, 0],
			"to": [15, 9, 16],
			"rotation": {"angle": 0, "axis": "y", "origin": [8, 7.61854, 8.13296]},
			"faces": {
				"north": {"uv": [14, 0, 0, 1.5], "texture": "#0"},
				"east": {"uv": [16, 0, 0, 1.5], "texture": "#0"},
				"south": {"uv": [14, 0, 0, 1.5], "texture": "#0"},
				"west": {"uv": [16, 0, 0, 1.5], "texture": "#0"},
				"up": {"uv": [0, 16, 14, 0], "rotation": 180, "texture": "#0"},
				"down": {"uv": [0, 16, 14, 0], "rotation": 180, "texture": "#0"}
			}
		},
		{
			"from": [1.5, 9, 0.5],
			"to": [14.5, 9.5, 15.5],
			"rotation": {"angle": 0, "axis": "y", "origin": [8, 7.61854, 8.13296]},
			"faces": {
				"north": {"uv": [13, 0, 0, 0.5], "texture": "#0"},
				"east": {"uv": [15, 0, 0, 0.5], "texture": "#0"},
				"south": {"uv": [13, 0, 0, 0.5], "texture": "#0"},
				"west": {"uv": [15, 0, 0, 0.5], "texture": "#0"},
				"up": {"uv": [0, 15, 13, 0], "rotation": 180, "texture": "#0"},
				"down": {"uv": [0, 15, 13, 0], "rotation": 180, "texture": "#0"}
			}
		},
		{
			"from": [1, 7.5, 16],
			"to": [15, 30, 18],
			"rotation": {"angle": 0, "axis": "y", "origin": [8, 7.61854, 8.13296]},
			"faces": {
				"north": {"uv": [14, 0, 0, 16], "texture": "#0"},
				"east": {"uv": [2, 0, 0, 16], "texture": "#0"},
				"south": {"uv": [14, 0, 0, 16], "texture": "#0"},
				"west": {"uv": [2, 0, 0, 16], "texture": "#0"},
				"up": {"uv": [0, 2, 14, 0], "rotation": 180, "texture": "#0"},
				"down": {"uv": [0, 2, 14, 0], "rotation": 180, "texture": "#0"}
			}
		},
		{
			"from": [1.5, 9, 15.5],
			"to": [14.5, 29.5, 16],
			"rotation": {"angle": 0, "axis": "y", "origin": [8, 7.61854, 8.13296]},
			"faces": {
				"north": {"uv": [13, 0, 0, 16], "texture": "#0"},
				"east": {"uv": [0.5, 0, 0, 16], "texture": "#0"},
				"south": {"uv": [13, 0, 0, 16], "texture": "#0"},
				"west": {"uv": [0.5, 0, 0, 16], "texture": "#0"},
				"up": {"uv": [0, 0.5, 13, 0], "rotation": 180, "texture": "#0"},
				"down": {"uv": [0, 0.5, 13, 0], "rotation": 180, "texture": "#0"}
			}
		},
		{
			"from": [15, 2, 0],
			"to": [16, 10, 1],
			"rotation": {"angle": 0, "axis": "y", "origin": [8, 7.61854, 8.13296]},
			"faces": {
				"north": {"uv": [1, 0, 0, 8], "texture": "#1"},
				"east": {"uv": [1, 0, 0, 8], "texture": "#1"},
				"south": {"uv": [1, 0, 0, 8], "texture": "#1"},
				"west": {"uv": [1, 0, 0, 8], "texture": "#1"}
			}
		},
		{
			"from": [15, 4.54004, -1.53104],
			"to": [16, 5.54004, -0.53104],
			"rotation": {"angle": -22.5, "axis": "x", "origin": [8, 7.61854, 8.13296]},
			"faces": {
				"north": {"uv": [1, 7.75, 0, 8.75], "texture": "#1"},
				"east": {"uv": [1, 7.75, 0, 8.75], "texture": "#1"},
				"south": {"uv": [1, 7.75, 0, 8.75], "texture": "#1"},
				"west": {"uv": [1, 7.75, 0, 8.75], "texture": "#1"},
				"up": {"uv": [0, 8.75, 1, 7.75], "rotation": 180, "texture": "#1"},
				"down": {"uv": [0, 8.75, 1, 7.75], "rotation": 180, "texture": "#1"}
			}
		},
		{
			"from": [15, 6.70637, -0.29226],
			"to": [16, 7.70637, 0.70774],
			"rotation": {"angle": 22.5, "axis": "x", "origin": [8, 7.61854, 8.13296]},
			"faces": {
				"north": {"uv": [1, 1, 0, 2], "texture": "#1"},
				"east": {"uv": [1, 1, 0, 2], "texture": "#1"},
				"south": {"uv": [1, 1, 0, 2], "texture": "#1"},
				"west": {"uv": [1, 1, 0, 2], "texture": "#1"},
				"up": {"uv": [0, 2, 1, 1], "rotation": 180, "texture": "#1"},
				"down": {"uv": [0, 2, 1, 1], "rotation": 180, "texture": "#1"}
			}
		},
		{
			"from": [15, 14.93428, 7.78081],
			"to": [16, 15.93428, 8.78081],
			"rotation": {"angle": -22.5, "axis": "x", "origin": [8, 7.61854, 8.13296]},
			"faces": {
				"north": {"uv": [0, 8, 1, 7], "rotation": 270, "texture": "#1"},
				"east": {"uv": [0, 8, 1, 7], "rotation": 270, "texture": "#1"},
				"south": {"uv": [0, 8, 1, 7], "rotation": 270, "texture": "#1"},
				"west": {"uv": [0, 8, 1, 7], "rotation": 90, "texture": "#1"},
				"up": {"uv": [1, 7, 0, 8], "rotation": 90, "texture": "#1"},
				"down": {"uv": [0, 8, 1, 7], "texture": "#1"}
			}
		},
		{
			"from": [10.5096, -0.01367, 16.71728],
			"to": [11.5096, 0.98633, 17.71728],
			"rotation": {"angle": 22.5, "axis": "y", "origin": [8, 7.61854, 8.13296]},
			"faces": {
				"north": {"uv": [0, 1, 1, 0], "rotation": 90, "texture": "#1"},
				"east": {"uv": [0, 1, 1, 0], "rotation": 90, "texture": "#1"},
				"south": {"uv": [0, 1, 1, 0], "rotation": 90, "texture": "#1"},
				"west": {"uv": [0, 1, 1, 0], "rotation": 90, "texture": "#1"},
				"up": {"uv": [1, 0, 0, 1], "rotation": 270, "texture": "#1"},
				"down": {"uv": [1, 0, 0, 1], "rotation": 270, "texture": "#1"}
			}
		},
		{
			"from": [15, -1.77445, 4.40019],
			"to": [16, -0.77445, 5.40019],
			"rotation": {"angle": 22.5, "axis": "x", "origin": [8, 7.61854, 8.13296]},
			"faces": {
				"north": {"uv": [1, 10, 0, 11], "texture": "#1"},
				"east": {"uv": [1, 10, 0, 11], "texture": "#1"},
				"south": {"uv": [1, 10, 0, 11], "texture": "#1"},
				"west": {"uv": [1, 10, 0, 11], "texture": "#1"},
				"up": {"uv": [0, 11, 1, 10], "rotation": 180, "texture": "#1"},
				"down": {"uv": [0, 11, 1, 10], "rotation": 180, "texture": "#1"}
			}
		},
		{
			"from": [16.64149, -0.01367, 10.50456],
			"to": [17.64149, 0.98633, 11.50456],
			"rotation": {"angle": -22.5, "axis": "y", "origin": [8, 7.61854, 8.13296]},
			"faces": {
				"north": {"uv": [0, 1, 1, 0], "rotation": 90, "texture": "#1"},
				"east": {"uv": [0, 1, 1, 0], "rotation": 90, "texture": "#1"},
				"south": {"uv": [0, 1, 1, 0], "rotation": 90, "texture": "#1"},
				"west": {"uv": [0, 1, 1, 0], "rotation": 90, "texture": "#1"},
				"up": {"uv": [1, 0, 0, 1], "rotation": 270, "texture": "#1"},
				"down": {"uv": [1, 0, 0, 1], "rotation": 270, "texture": "#1"}
			}
		},
		{
			"from": [15, 7.47262, -1.9735],
			"to": [16, 8.47262, -0.9735],
			"rotation": {"angle": -45, "axis": "x", "origin": [8, 7.61854, 8.13296]},
			"faces": {
				"north": {"uv": [1, 8.75, 0, 9.75], "texture": "#1"},
				"east": {"uv": [1, 8.75, 0, 9.75], "texture": "#1"},
				"south": {"uv": [1, 8.75, 0, 9.75], "texture": "#1"},
				"west": {"uv": [1, 8.75, 0, 9.75], "texture": "#1"},
				"up": {"uv": [0, 9.75, 1, 8.75], "rotation": 180, "texture": "#1"},
				"down": {"uv": [0, 9.75, 1, 8.75], "rotation": 180, "texture": "#1"}
			}
		},
		{
			"from": [15, 4.47549, 0.31546],
			"to": [16, 10.47549, 1.31546],
			"rotation": {"angle": 45, "axis": "x", "origin": [8, 7.61854, 8.13296]},
			"faces": {
				"north": {"uv": [1, 1, 0, 7], "rotation": 180, "texture": "#1"},
				"east": {"uv": [1, 1, 0, 7], "rotation": 180, "texture": "#1"},
				"south": {"uv": [1, 1, 0, 7], "rotation": 180, "texture": "#1"},
				"west": {"uv": [1, 1, 0, 7], "rotation": 180, "texture": "#1"}
			}
		},
		{
			"from": [15, 14.5492, 5.5492],
			"to": [16, 15.5492, 16.5492],
			"rotation": {"angle": 0, "axis": "x", "origin": [8, 7.61854, 8.13296]},
			"faces": {
				"north": {"uv": [1, 1, 0, 2], "rotation": 180, "texture": "#1"},
				"east": {"uv": [0, 12, 1, 1], "rotation": 90, "texture": "#1"},
				"south": {"uv": [1, 1, 0, 2], "texture": "#1"},
				"west": {"uv": [0, 12, 1, 1], "rotation": 270, "texture": "#1"},
				"up": {"uv": [0, 12, 1, 1], "texture": "#1"},
				"down": {"uv": [0, 12, 1, 1], "rotation": 180, "texture": "#1"}
			}
		},
		{
			"from": [18.60804, 14.5492, 8.42729],
			"to": [19.60804, 15.5492, 10.42729],
			"rotation": {"angle": -45, "axis": "y", "origin": [8, 7.61854, 8.13296]},
			"faces": {
				"north": {"uv": [1, 1, 0, 2], "rotation": 180, "texture": "#1"},
				"east": {"uv": [0, 3, 1, 1], "rotation": 90, "texture": "#1"},
				"south": {"uv": [1, 1, 0, 2], "texture": "#1"},
				"west": {"uv": [0, 3, 1, 1], "rotation": 270, "texture": "#1"},
				"up": {"uv": [0, 3, 1, 1], "texture": "#1"},
				"down": {"uv": [0, 3, 1, 1], "rotation": 180, "texture": "#1"}
			}
		},
		{
			"from": [7.57468, -0.01367, 17.33079],
			"to": [8.57468, 0.98633, 18.33079],
			"rotation": {"angle": 45, "axis": "y", "origin": [8, 7.61854, 8.13296]},
			"faces": {
				"north": {"uv": [0, 1, 1, 0], "rotation": 90, "texture": "#1"},
				"east": {"uv": [0, 1, 1, 0], "rotation": 90, "texture": "#1"},
				"south": {"uv": [0, 1, 1, 0], "rotation": 90, "texture": "#1"},
				"west": {"uv": [0, 1, 1, 0], "rotation": 90, "texture": "#1"},
				"up": {"uv": [1, 0, 0, 1], "rotation": 270, "texture": "#1"},
				"down": {"uv": [1, 0, 0, 1], "rotation": 270, "texture": "#1"}
			}
		},
		{
			"from": [15, -0.01367, 2.01367],
			"to": [16, 0.98633, 14.01367],
			"rotation": {"angle": 0, "axis": "x", "origin": [8, 7.61854, 8.13296]},
			"faces": {
				"east": {"uv": [0, 10.75, 1, 0], "rotation": 90, "texture": "#1"},
				"west": {"uv": [0, 10.75, 1, 0], "rotation": 270, "texture": "#1"},
				"up": {"uv": [0, 10.75, 1, 0], "texture": "#1"},
				"down": {"uv": [0, 10.75, 1, 0], "rotation": 180, "texture": "#1"}
			}
		},
		{
			"from": [14.5, 15.5492, 5.0492],
			"to": [16.5, 16.0492, 15.0492],
			"rotation": {"angle": 0, "axis": "x", "origin": [8, 7.61854, 8.13296]},
			"faces": {
				"north": {"uv": [2, 1, 0, 1.5], "rotation": 180, "texture": "#0"},
				"east": {"uv": [0, 11, 0.5, 1], "rotation": 90, "texture": "#0"},
				"south": {"uv": [2, 1, 0, 1.5], "texture": "#0"},
				"west": {"uv": [0, 11, 0.5, 1], "rotation": 270, "texture": "#0"},
				"up": {"uv": [14, 10, 16, 0], "texture": "#0"},
				"down": {"uv": [0, 11, 2, 1], "rotation": 180, "texture": "#0"}
			}
		},
		{
			"from": [14.5, 15.26046, 5.9138],
			"to": [16.5, 15.76046, 11.9138],
			"rotation": {"angle": -45, "axis": "x", "origin": [8, 7.61854, 8.13296]},
			"faces": {
				"north": {"uv": [2, 1, 0, 1.5], "rotation": 180, "texture": "#0"},
				"east": {"uv": [0, 7, 0.5, 1], "rotation": 90, "texture": "#0"},
				"south": {"uv": [2, 1, 0, 1.5], "texture": "#0"},
				"west": {"uv": [0, 7, 0.5, 1], "rotation": 270, "texture": "#0"},
				"up": {"uv": [14, 16, 16, 10], "texture": "#0"},
				"down": {"uv": [0, 7, 2, 1], "rotation": 180, "texture": "#0"}
			}
		},
		{
			"from": [7.98633, -0.01367, 15.02734],
			"to": [13.98633, 0.98633, 16.02734],
			"rotation": {"angle": 0, "axis": "y", "origin": [8, 7.61854, 8.13296]},
			"faces": {
				"north": {"uv": [0, 12, 1, 0], "rotation": 90, "texture": "#1"},
				"east": {"uv": [0, 12, 1, 0], "rotation": 270, "texture": "#1"},
				"south": {"uv": [0, 12, 1, 0], "rotation": 270, "texture": "#1"},
				"up": {"uv": [1, 0, 0, 12], "rotation": 90, "texture": "#1"},
				"down": {"uv": [1, 0, 0, 12], "rotation": 90, "texture": "#1"}
			}
		},
		{
			"from": [0, 2, 0],
			"to": [1, 10, 1],
			"rotation": {"angle": 0, "axis": "y", "origin": [8, 7.61854, 8.13296]},
			"faces": {
				"north": {"uv": [0, 0, 1, 8], "texture": "#1"},
				"east": {"uv": [0, 0, 1, 8], "texture": "#1"},
				"south": {"uv": [0, 0, 1, 8], "texture": "#1"},
				"west": {"uv": [0, 0, 1, 8], "texture": "#1"}
			}
		},
		{
			"from": [0, 4.54004, -1.53104],
			"to": [1, 5.54004, -0.53104],
			"rotation": {"angle": -22.5, "axis": "x", "origin": [8, 7.61854, 8.13296]},
			"faces": {
				"north": {"uv": [0, 7.75, 1, 8.75], "texture": "#1"},
				"east": {"uv": [0, 7.75, 1, 8.75], "texture": "#1"},
				"south": {"uv": [0, 7.75, 1, 8.75], "texture": "#1"},
				"west": {"uv": [0, 7.75, 1, 8.75], "texture": "#1"},
				"up": {"uv": [1, 8.75, 0, 7.75], "rotation": 180, "texture": "#1"},
				"down": {"uv": [1, 8.75, 0, 7.75], "rotation": 180, "texture": "#1"}
			}
		},
		{
			"from": [0, 6.70637, -0.29226],
			"to": [1, 7.70637, 0.70774],
			"rotation": {"angle": 22.5, "axis": "x", "origin": [8, 7.61854, 8.13296]},
			"faces": {
				"north": {"uv": [0, 1, 1, 2], "texture": "#1"},
				"east": {"uv": [0, 1, 1, 2], "texture": "#1"},
				"south": {"uv": [0, 1, 1, 2], "texture": "#1"},
				"west": {"uv": [0, 1, 1, 2], "texture": "#1"},
				"up": {"uv": [1, 2, 0, 1], "rotation": 180, "texture": "#1"},
				"down": {"uv": [1, 2, 0, 1], "rotation": 180, "texture": "#1"}
			}
		},
		{
			"from": [0, 14.93428, 7.78081],
			"to": [1, 15.93428, 8.78081],
			"rotation": {"angle": -22.5, "axis": "x", "origin": [8, 7.61854, 8.13296]},
			"faces": {
				"north": {"uv": [0, 7, 1, 8], "rotation": 270, "texture": "#1"},
				"east": {"uv": [0, 7, 1, 8], "rotation": 90, "texture": "#1"},
				"south": {"uv": [0, 7, 1, 8], "rotation": 270, "texture": "#1"},
				"west": {"uv": [0, 7, 1, 8], "rotation": 270, "texture": "#1"},
				"up": {"uv": [1, 8, 0, 7], "rotation": 90, "texture": "#1"},
				"down": {"uv": [1, 8, 0, 7], "texture": "#1"}
			}
		},
		{
			"from": [4.4904, -0.01367, 16.71728],
			"to": [5.4904, 0.98633, 17.71728],
			"rotation": {"angle": -22.5, "axis": "y", "origin": [8, 7.61854, 8.13296]},
			"faces": {
				"north": {"uv": [0, 0, 1, 1], "rotation": 90, "texture": "#1"},
				"east": {"uv": [0, 0, 1, 1], "rotation": 90, "texture": "#1"},
				"south": {"uv": [0, 0, 1, 1], "rotation": 90, "texture": "#1"},
				"west": {"uv": [0, 0, 1, 1], "rotation": 90, "texture": "#1"},
				"up": {"uv": [1, 1, 0, 0], "rotation": 270, "texture": "#1"},
				"down": {"uv": [1, 1, 0, 0], "rotation": 270, "texture": "#1"}
			}
		},
		{
			"from": [0, -1.77445, 4.40019],
			"to": [1, -0.77445, 5.40019],
			"rotation": {"angle": 22.5, "axis": "x", "origin": [8, 7.61854, 8.13296]},
			"faces": {
				"north": {"uv": [0, 10, 1, 11], "texture": "#1"},
				"east": {"uv": [0, 10, 1, 11], "texture": "#1"},
				"south": {"uv": [0, 10, 1, 11], "texture": "#1"},
				"west": {"uv": [0, 10, 1, 11], "texture": "#1"},
				"up": {"uv": [1, 11, 0, 10], "rotation": 180, "texture": "#1"},
				"down": {"uv": [1, 11, 0, 10], "rotation": 180, "texture": "#1"}
			}
		},
		{
			"from": [-1.64149, -0.01367, 10.50456],
			"to": [-0.64149, 0.98633, 11.50456],
			"rotation": {"angle": 22.5, "axis": "y", "origin": [8, 7.61854, 8.13296]},
			"faces": {
				"north": {"uv": [0, 0, 1, 1], "rotation": 90, "texture": "#1"},
				"east": {"uv": [0, 0, 1, 1], "rotation": 90, "texture": "#1"},
				"south": {"uv": [0, 0, 1, 1], "rotation": 90, "texture": "#1"},
				"west": {"uv": [0, 0, 1, 1], "rotation": 90, "texture": "#1"},
				"up": {"uv": [1, 1, 0, 0], "rotation": 270, "texture": "#1"},
				"down": {"uv": [1, 1, 0, 0], "rotation": 270, "texture": "#1"}
			}
		},
		{
			"from": [0, 7.47262, -1.9735],
			"to": [1, 8.47262, -0.9735],
			"rotation": {"angle": -45, "axis": "x", "origin": [8, 7.61854, 8.13296]},
			"faces": {
				"north": {"uv": [0, 8.75, 1, 9.75], "texture": "#1"},
				"east": {"uv": [0, 8.75, 1, 9.75], "texture": "#1"},
				"south": {"uv": [0, 8.75, 1, 9.75], "texture": "#1"},
				"west": {"uv": [0, 8.75, 1, 9.75], "texture": "#1"},
				"up": {"uv": [1, 9.75, 0, 8.75], "rotation": 180, "texture": "#1"},
				"down": {"uv": [1, 9.75, 0, 8.75], "rotation": 180, "texture": "#1"}
			}
		},
		{
			"from": [0, 4.47549, 0.31546],
			"to": [1, 10.47549, 1.31546],
			"rotation": {"angle": 45, "axis": "x", "origin": [8, 7.61854, 8.13296]},
			"faces": {
				"north": {"uv": [0, 1, 1, 7], "rotation": 180, "texture": "#1"},
				"east": {"uv": [0, 1, 1, 7], "rotation": 180, "texture": "#1"},
				"south": {"uv": [0, 1, 1, 7], "rotation": 180, "texture": "#1"},
				"west": {"uv": [0, 1, 1, 7], "rotation": 180, "texture": "#1"}
			}
		},
		{
			"from": [0, 14.5492, 5.5492],
			"to": [1, 15.5492, 16.5492],
			"rotation": {"angle": 0, "axis": "x", "origin": [8, 7.61854, 8.13296]},
			"faces": {
				"north": {"uv": [0, 1, 1, 2], "rotation": 180, "texture": "#1"},
				"east": {"uv": [0, 1, 1, 12], "rotation": 270, "texture": "#1"},
				"south": {"uv": [0, 1, 1, 2], "texture": "#1"},
				"west": {"uv": [0, 1, 1, 12], "rotation": 90, "texture": "#1"},
				"up": {"uv": [1, 12, 0, 1], "texture": "#1"},
				"down": {"uv": [1, 12, 0, 1], "rotation": 180, "texture": "#1"}
			}
		},
		{
			"from": [-3.60804, 14.5492, 8.42729],
			"to": [-2.60804, 15.5492, 10.42729],
			"rotation": {"angle": 45, "axis": "y", "origin": [8, 7.61854, 8.13296]},
			"faces": {
				"north": {"uv": [0, 1, 1, 2], "rotation": 180, "texture": "#1"},
				"east": {"uv": [0, 1, 1, 3], "rotation": 270, "texture": "#1"},
				"south": {"uv": [0, 1, 1, 2], "texture": "#1"},
				"west": {"uv": [0, 1, 1, 3], "rotation": 90, "texture": "#1"},
				"up": {"uv": [1, 3, 0, 1], "texture": "#1"},
				"down": {"uv": [1, 3, 0, 1], "rotation": 180, "texture": "#1"}
			}
		},
		{
			"from": [7.42531, -0.01367, 17.33079],
			"to": [8.42531, 0.98633, 18.33079],
			"rotation": {"angle": -45, "axis": "y", "origin": [8, 7.61854, 8.13296]},
			"faces": {
				"north": {"uv": [0, 0, 1, 1], "rotation": 90, "texture": "#1"},
				"east": {"uv": [0, 0, 1, 1], "rotation": 90, "texture": "#1"},
				"south": {"uv": [0, 0, 1, 1], "rotation": 90, "texture": "#1"},
				"west": {"uv": [0, 0, 1, 1], "rotation": 90, "texture": "#1"},
				"up": {"uv": [1, 1, 0, 0], "rotation": 270, "texture": "#1"},
				"down": {"uv": [1, 1, 0, 0], "rotation": 270, "texture": "#1"}
			}
		},
		{
			"from": [0, -0.01367, 2.01367],
			"to": [1, 0.98633, 14.01367],
			"rotation": {"angle": 0, "axis": "x", "origin": [8, 7.61854, 8.13296]},
			"faces": {
				"east": {"uv": [0, 0, 1, 10.75], "rotation": 270, "texture": "#1"},
				"west": {"uv": [0, 0, 1, 10.75], "rotation": 90, "texture": "#1"},
				"up": {"uv": [1, 10.75, 0, 0], "texture": "#1"},
				"down": {"uv": [1, 10.75, 0, 0], "rotation": 180, "texture": "#1"}
			}
		},
		{
			"from": [-0.5, 15.5492, 5.0492],
			"to": [1.5, 16.0492, 15.0492],
			"rotation": {"angle": 0, "axis": "x", "origin": [8, 7.61854, 8.13296]},
			"faces": {
				"north": {"uv": [0, 1, 2, 1.5], "rotation": 180, "texture": "#0"},
				"east": {"uv": [0, 1, 0.5, 11], "rotation": 270, "texture": "#0"},
				"south": {"uv": [0, 1, 2, 1.5], "texture": "#0"},
				"west": {"uv": [0, 1, 0.5, 11], "rotation": 90, "texture": "#0"},
				"up": {"uv": [2, 10, 0, 0], "texture": "#0"},
				"down": {"uv": [2, 11, 0, 1], "rotation": 180, "texture": "#0"}
			}
		},
		{
			"from": [-0.5, 15.26046, 5.9138],
			"to": [1.5, 15.76046, 11.9138],
			"rotation": {"angle": -45, "axis": "x", "origin": [8, 7.61854, 8.13296]},
			"faces": {
				"north": {"uv": [0, 1, 2, 1.5], "rotation": 180, "texture": "#0"},
				"east": {"uv": [0, 1, 0.5, 7], "rotation": 270, "texture": "#0"},
				"south": {"uv": [0, 1, 2, 1.5], "texture": "#0"},
				"west": {"uv": [0, 1, 0.5, 7], "rotation": 90, "texture": "#0"},
				"up": {"uv": [2, 16, 0, 10], "texture": "#0"},
				"down": {"uv": [2, 7, 0, 1], "rotation": 180, "texture": "#0"}
			}
		},
		{
			"from": [2.01367, -0.01367, 15.02734],
			"to": [8.01367, 0.98633, 16.02734],
			"rotation": {"angle": 0, "axis": "y", "origin": [8, 7.61854, 8.13296]},
			"faces": {
				"north": {"uv": [0, 0, 1, 12], "rotation": 90, "texture": "#1"},
				"south": {"uv": [0, 0, 1, 12], "rotation": 270, "texture": "#1"},
				"west": {"uv": [0, 0, 1, 12], "rotation": 270, "texture": "#1"},
				"up": {"uv": [1, 12, 0, 0], "rotation": 90, "texture": "#1"},
				"down": {"uv": [1, 12, 0, 0], "rotation": 90, "texture": "#1"}
			}
		}
	],
	"display": {
		"thirdperson_righthand": {
			"rotation": [75, 45, 0],
			"translation": [0, 2.5, 0],
			"scale": [0.375, 0.375, 0.375]
		},
		"thirdperson_lefthand": {
			"rotation": [75, 45, 0],
			"translation": [0, 2.5, 0],
			"scale": [0.375, 0.375, 0.375]
		},
		"firstperson_righthand": {
			"rotation": [0, 45, 0],
			"scale": [0.4, 0.4, 0.4]
		},
		"firstperson_lefthand": {
			"rotation": [0, 225, 0],
			"scale": [0.4, 0.4, 0.4]
		},
		"ground": {
			"translation": [0, 3, 0],
			"scale": [0.25, 0.25, 0.25]
		},
		"gui": {
			"rotation": [30, 225, 0],
			"translation": [0, -3.25, 0],
			"scale": [0.5, 0.5, 0.5]
		},
		"head": {
			"rotation": [-30, 0, 0],
			"translation": [0, -30.7, -7.225],
			"scale": [3.0135, 3.0135, 3.0135]
		},
		"fixed": {
			"scale": [0.5, 0.5, 0.5]
		}
	},
	"groups": [0, 1, 2, 3,
		{
			"name": "group",
			"origin": [0.5, 0.56297, 2.12837],
			"children": [4, 5, 6, 7, 8, 9, 10, 11, 12, 13, 14, 15, 16,
				{
					"name": "group",
					"origin": [0.5, 12.16012, 1.51367],
					"children": [17, 18]
				}, 19]
		},
		{
			"name": "group",
			"origin": [0.5, 0.56297, 2.12837],
			"children": [20, 21, 22, 23, 24, 25, 26, 27, 28, 29, 30, 31, 32,
				{
					"name": "group",
					"origin": [0.5, 12.16012, 1.51367],
					"children": [33, 34]
				}, 35]
		}
	]
}