{
	"credit": "Made by Daminator4113, with Blockbench",
	"parent": "block/block",
	"textures": {
		"5": "custom/au_button/arrow",
		"6": "custom/au_button/text",
		"7": "custom/commande/buttons",
		"8": "custom/commande/panneau",
		"9": "custom/commande/texts",
		"10": "custom/commande/interface",
		"11": "custom/commande/interface2",
		"bottom": "custom/commande/base",
		"front": "custom/commande/front",
		"particle": "custom/commande/sides",
		"sides": "custom/commande/sides",
		"top": "custom/commande/top"
	},
	"elements": [
		{
			"from": [0, 0, 0],
			"to": [16, 2, 16],
			"faces": {
				"north": {"uv": [0, 14, 16, 16], "texture": "#bottom", "cullface": "north"},
				"east": {"uv": [0, 6, 16, 8], "texture": "#bottom", "cullface": "east"},
				"south": {"uv": [0, 6, 16, 8], "texture": "#bottom", "cullface": "south"},
				"west": {"uv": [0, 6, 16, 8], "texture": "#bottom", "cullface": "west"},
				"up": {"uv": [0, 0, 16, 16], "rotation": 180, "texture": "#bottom"},
				"down": {"uv": [0, 0, 16, 16], "texture": "#bottom", "cullface": "down"}
			}
		},
		{
			"from": [4, 2, 4],
			"to": [12, 15, 12],
			"faces": {
				"north": {"uv": [0, 0, 8, 13], "texture": "#front"},
				"east": {"uv": [2, 16, 15, 8], "rotation": 90, "texture": "#sides"},
				"south": {"uv": [8, 3, 16, 16], "texture": "#front"},
				"west": {"uv": [2, 8, 15, 16], "rotation": 90, "texture": "#sides"}
			}
		},
		{
			"from": [0.01, 12, 3],
			"to": [15.99, 16, 16],
			"rotation": {"angle": -22.5, "axis": "x", "origin": [8, 8, 8]},
			"faces": {
				"north": {"uv": [0, 0, 16, 4], "texture": "#sides"},
				"east": {"uv": [0, 4, 13, 8], "texture": "#sides"},
				"south": {"uv": [0, 4, 16, 8], "texture": "#sides"},
				"west": {"uv": [0, 4, 13, 8], "texture": "#sides"},
				"up": {"uv": [0, 1, 16, 14], "rotation": 180, "texture": "#top"},
				"down": {"uv": [0, 0, 16, 13], "texture": "#bottom"}
			}
		},
		{
			"from": [15.51, 16, 3],
			"to": [15.99, 17, 16],
			"rotation": {"angle": -22.5, "axis": "x", "origin": [8, 8, 8]},
			"faces": {
				"north": {"uv": [8, 4, 9, 5], "texture": "#front"},
				"east": {"uv": [8, 3, 16, 4], "texture": "#front"},
				"south": {"uv": [8, 4, 9, 5], "texture": "#front"},
				"west": {"uv": [8, 4, 16, 5], "texture": "#front"},
				"up": {"uv": [8, 3, 8.48, 16], "texture": "#front"}
			}
		},
		{
			"from": [0.01, 16, 3],
			"to": [0.49, 17, 16],
			"rotation": {"angle": -22.5, "axis": "x", "origin": [8, 8, 8]},
			"faces": {
				"north": {"uv": [15, 3, 16, 4], "texture": "#front"},
				"east": {"uv": [8, 3, 16, 4], "texture": "#front"},
				"south": {"uv": [8, 4, 9, 5], "texture": "#front"},
				"west": {"uv": [8, 4, 16, 5], "texture": "#front"},
				"up": {"uv": [15, 3, 15.48, 16], "texture": "#front"}
			}
		},
		{
			"from": [0.4675, 16, 3],
			"to": [15.51, 17, 3.5],
			"rotation": {"angle": -22.5, "axis": "x", "origin": [8.02, 8, 8]},
			"faces": {
				"north": {"uv": [8, 4, 16, 5], "texture": "#front"},
				"east": {"uv": [0, 0, 16, 1], "texture": "#8"},
				"south": {"uv": [8, 4, 16, 5], "texture": "#front"},
				"west": {"uv": [0, 0, 16, 1], "texture": "#8"},
				"up": {"uv": [8, 7, 16, 8], "texture": "#front"}
			}
		},
		{
			"from": [0.4675, 20.78354, 14.54849],
			"to": [15.51, 21.78354, 15.04849],
			"rotation": {"angle": -22.5, "axis": "x", "origin": [8.02, 12.78354, 19.54849]},
			"faces": {
				"north": {"uv": [8, 4, 16, 5], "texture": "#front"},
				"east": {"uv": [0, 0, 16, 1], "texture": "#8"},
				"south": {"uv": [8, 3, 16, 4], "texture": "#front"},
				"west": {"uv": [0, 0, 16, 1], "texture": "#8"},
				"up": {"uv": [8, 7, 16, 8], "texture": "#front"}
			}
		},
		{
			"from": [1.51, 16, 4],
			"to": [8.49, 16.25, 9.25],
			"rotation": {"angle": -22.5, "axis": "x", "origin": [8, 8, 8]},
			"faces": {
				"north": {"uv": [0, 0, 16, 1], "rotation": 180, "texture": "#8"},
				"east": {"uv": [0, 0, 1, 10], "rotation": 90, "texture": "#8"},
				"south": {"uv": [0, 9, 16, 10], "rotation": 180, "texture": "#8"},
				"west": {"uv": [15, 0, 16, 10], "rotation": 90, "texture": "#8"},
				"up": {"uv": [0.5, 0.5, 15.5, 9.5], "rotation": 180, "texture": "#8"}
			}
		},
		{
			"from": [1.76, 16.26, 4.25],
			"to": [8.24, 16.261, 9],
			"rotation": {"angle": -22.5, "axis": "x", "origin": [8, 8, 8]},
			"faces": {
				"up": {"uv": [0, 0, 16, 16], "rotation": 180, "texture": "#10"}
			}
		},
		{
			"from": [2.51, 16, 11.5],
			"to": [7.49, 16.25, 14.75],
			"rotation": {"angle": -22.5, "axis": "x", "origin": [8, 8, 8]},
			"faces": {
				"north": {"uv": [0, 0, 16, 1], "rotation": 180, "texture": "#8"},
				"east": {"uv": [0, 0, 1, 10], "rotation": 90, "texture": "#8"},
				"south": {"uv": [0, 9, 16, 10], "rotation": 180, "texture": "#8"},
				"west": {"uv": [15, 0, 16, 10], "rotation": 90, "texture": "#8"},
				"up": {"uv": [0.5, 0.5, 15.5, 9.5], "rotation": 180, "texture": "#8"}
			}
		},
		{
			"from": [2.635, 16.26, 11.625],
			"to": [7.365, 16.261, 14.625],
			"rotation": {"angle": -22.5, "axis": "x", "origin": [8, 8, 8]},
			"faces": {
				"up": {"uv": [0, 0, 16, 9], "rotation": 180, "texture": "#11"}
			}
		},
		{
			"from": [13.108, 16.21402, 10.99687],
			"to": [13.892, 16.61402, 12.59687],
			"rotation": {"angle": -22.5, "axis": "x", "origin": [9.1, 9.87652, 8.19687]},
			"faces": {
				"north": {"uv": [3.75, 0.5, 4.25, 1], "rotation": 180, "texture": "#7"},
				"east": {"uv": [3.75, 0.5, 4.25, 1], "rotation": 180, "texture": "#7"},
				"south": {"uv": [3.75, 0.5, 4.25, 1], "rotation": 180, "texture": "#7"},
				"west": {"uv": [3.75, 0.5, 4.25, 1], "rotation": 180, "texture": "#7"},
				"up": {"uv": [1.75, 0, 6.25, 8], "rotation": 180, "texture": "#7"}
			}
		},
		{
			"from": [12.51, 16, 13.5],
			"to": [14.49, 16.25, 14.75],
			"rotation": {"angle": -22.5, "axis": "x", "origin": [8, 8, 8]},
			"faces": {
				"north": {"uv": [0, 0, 16, 1], "rotation": 180, "texture": "#8"},
				"east": {"uv": [0, 0, 1, 10], "rotation": 90, "texture": "#8"},
				"south": {"uv": [0, 9, 16, 10], "rotation": 180, "texture": "#8"},
				"west": {"uv": [15, 0, 16, 10], "rotation": 90, "texture": "#8"},
				"up": {"uv": [0, 0, 16, 10], "rotation": 180, "texture": "#8"}
			}
		},
		{
			"from": [12.51, 16.26, 13.5],
			"to": [14.49, 16.261, 14.75],
			"rotation": {"angle": -22.5, "axis": "x", "origin": [8, 8, 8]},
			"faces": {
				"up": {"uv": [0, 0, 8, 8], "rotation": 180, "texture": "#9"}
			}
		},
		{
			"from": [12.908, 16.21402, 11.19687],
			"to": [14.092, 16.81402, 12.39687],
			"rotation": {"angle": -22.5, "axis": "x", "origin": [9.1, 9.87652, 8.19687]},
			"faces": {
				"north": {"uv": [0, 3.5, 8, 4.5], "rotation": 180, "texture": "#7"},
				"east": {"uv": [0, 3.5, 8, 4.5], "rotation": 180, "texture": "#7"},
				"south": {"uv": [0, 3.5, 8, 4.5], "rotation": 180, "texture": "#7"},
				"west": {"uv": [0, 3.5, 8, 4.5], "rotation": 180, "texture": "#7"},
				"up": {"uv": [1, 1, 7, 7], "rotation": 180, "texture": "#7"}
			}
		},
		{
			"from": [12.708, 16.21402, 11.39687],
			"to": [14.292, 16.61402, 12.19687],
			"rotation": {"angle": -22.5, "axis": "x", "origin": [9.1, 9.87652, 8.19687]},
			"faces": {
				"north": {"uv": [3.75, 0.5, 4.25, 1], "rotation": 180, "texture": "#7"},
				"east": {"uv": [3.75, 0.5, 4.25, 1], "rotation": 180, "texture": "#7"},
				"south": {"uv": [3.75, 0.5, 4.25, 1], "rotation": 180, "texture": "#7"},
				"west": {"uv": [3.75, 0.5, 4.25, 1], "rotation": 180, "texture": "#7"},
				"up": {"uv": [0, 1.75, 8, 6.25], "rotation": 180, "texture": "#7"}
			}
		},
		{
			"from": [13.108, 16.21402, 6.99687],
			"to": [13.892, 16.61402, 8.59687],
			"rotation": {"angle": -22.5, "axis": "x", "origin": [9.1, 9.87652, 8.19687]},
			"faces": {
				"north": {"uv": [11.75, 0.5, 12.25, 1], "rotation": 180, "texture": "#7"},
				"east": {"uv": [11.75, 0.5, 12.25, 1], "rotation": 180, "texture": "#7"},
				"south": {"uv": [11.75, 0.5, 12.25, 1], "rotation": 180, "texture": "#7"},
				"west": {"uv": [11.75, 0.5, 12.25, 1], "rotation": 180, "texture": "#7"},
				"up": {"uv": [9.75, 0, 14.25, 8], "rotation": 180, "texture": "#7"}
			}
		},
		{
			"from": [12.51, 16, 9.5],
			"to": [14.49, 16.25, 10.75],
			"rotation": {"angle": -22.5, "axis": "x", "origin": [8, 8, 8]},
			"faces": {
				"north": {"uv": [0, 0, 16, 1], "rotation": 180, "texture": "#8"},
				"east": {"uv": [0, 0, 1, 10], "rotation": 90, "texture": "#8"},
				"south": {"uv": [0, 9, 16, 10], "rotation": 180, "texture": "#8"},
				"west": {"uv": [15, 0, 16, 10], "rotation": 90, "texture": "#8"},
				"up": {"uv": [0, 0, 16, 10], "rotation": 180, "texture": "#8"}
			}
		},
		{
			"from": [12.51, 16.26, 9.5],
			"to": [14.49, 16.261, 10.75],
			"rotation": {"angle": -22.5, "axis": "x", "origin": [8, 8, 8]},
			"faces": {
				"up": {"uv": [8, 0, 16, 8], "rotation": 180, "texture": "#9"}
			}
		},
		{
			"from": [12.908, 16.21402, 7.19687],
			"to": [14.092, 16.81402, 8.39687],
			"rotation": {"angle": -22.5, "axis": "x", "origin": [9.1, 9.87652, 8.19687]},
			"faces": {
				"north": {"uv": [8, 3.5, 16, 4.5], "rotation": 180, "texture": "#7"},
				"east": {"uv": [8, 3.5, 16, 4.5], "rotation": 180, "texture": "#7"},
				"south": {"uv": [8, 3.5, 16, 4.5], "rotation": 180, "texture": "#7"},
				"west": {"uv": [8, 3.5, 16, 4.5], "rotation": 180, "texture": "#7"},
				"up": {"uv": [9, 1, 15, 7], "rotation": 180, "texture": "#7"}
			}
		},
		{
			"from": [12.708, 16.21402, 7.39687],
			"to": [14.292, 16.61402, 8.19687],
			"rotation": {"angle": -22.5, "axis": "x", "origin": [9.1, 9.87652, 8.19687]},
			"faces": {
				"north": {"uv": [11.75, 0.5, 12.25, 1], "rotation": 180, "texture": "#7"},
				"east": {"uv": [11.75, 0.5, 12.25, 1], "rotation": 180, "texture": "#7"},
				"south": {"uv": [11.75, 0.5, 12.25, 1], "rotation": 180, "texture": "#7"},
				"west": {"uv": [11.75, 0.5, 12.25, 1], "rotation": 180, "texture": "#7"},
				"up": {"uv": [8, 1.75, 16, 6.25], "rotation": 180, "texture": "#7"}
			}
		},
		{
			"from": [10.108, 16.21402, 10.99687],
			"to": [10.892, 16.61402, 12.59687],
			"rotation": {"angle": -22.5, "axis": "x", "origin": [9.1, 9.87652, 8.19687]},
			"faces": {
				"north": {"uv": [3.75, 8.5, 4.25, 9], "rotation": 180, "texture": "#7"},
				"east": {"uv": [3.75, 8.5, 4.25, 9], "rotation": 180, "texture": "#7"},
				"south": {"uv": [3.75, 8.5, 4.25, 9], "rotation": 180, "texture": "#7"},
				"west": {"uv": [3.75, 8.5, 4.25, 9], "rotation": 180, "texture": "#7"},
				"up": {"uv": [1.75, 8, 6.25, 16], "rotation": 180, "texture": "#7"}
			}
		},
		{
			"from": [9.51, 16, 13.5],
			"to": [11.49, 16.25, 14.75],
			"rotation": {"angle": -22.5, "axis": "x", "origin": [8, 8, 8]},
			"faces": {
				"north": {"uv": [0, 0, 16, 1], "rotation": 180, "texture": "#8"},
				"east": {"uv": [0, 0, 1, 10], "rotation": 90, "texture": "#8"},
				"south": {"uv": [0, 9, 16, 10], "rotation": 180, "texture": "#8"},
				"west": {"uv": [15, 0, 16, 10], "rotation": 90, "texture": "#8"},
				"up": {"uv": [0, 0, 16, 10], "rotation": 180, "texture": "#8"}
			}
		},
		{
			"from": [9.51, 16.26, 13.5],
			"to": [11.49, 16.261, 14.75],
			"rotation": {"angle": -22.5, "axis": "x", "origin": [8, 8, 8]},
			"faces": {
				"up": {"uv": [0, 8, 8, 16], "rotation": 180, "texture": "#9"}
			}
		},
		{
			"from": [9.908, 16.21402, 11.19687],
			"to": [11.092, 16.81402, 12.39687],
			"rotation": {"angle": -22.5, "axis": "x", "origin": [9.1, 9.87652, 8.19687]},
			"faces": {
				"north": {"uv": [0, 11.5, 8, 12.5], "rotation": 180, "texture": "#7"},
				"east": {"uv": [0, 11.5, 8, 12.5], "rotation": 180, "texture": "#7"},
				"south": {"uv": [0, 11.5, 8, 12.5], "rotation": 180, "texture": "#7"},
				"west": {"uv": [0, 11.5, 8, 12.5], "rotation": 180, "texture": "#7"},
				"up": {"uv": [1, 9, 7, 15], "rotation": 180, "texture": "#7"}
			}
		},
		{
			"from": [9.708, 16.21402, 11.39687],
			"to": [11.292, 16.61402, 12.19687],
			"rotation": {"angle": -22.5, "axis": "x", "origin": [9.1, 9.87652, 8.19687]},
			"faces": {
				"north": {"uv": [3.75, 8.5, 4.25, 9], "rotation": 180, "texture": "#7"},
				"east": {"uv": [3.75, 8.5, 4.25, 9], "rotation": 180, "texture": "#7"},
				"south": {"uv": [3.75, 8.5, 4.25, 9], "rotation": 180, "texture": "#7"},
				"west": {"uv": [3.75, 8.5, 4.25, 9], "rotation": 180, "texture": "#7"},
				"up": {"uv": [0, 9.75, 8, 14.25], "rotation": 180, "texture": "#7"}
			}
		},
		{
			"from": [10.108, 16.21402, 6.99687],
			"to": [10.892, 16.61402, 8.59687],
			"rotation": {"angle": -22.5, "axis": "x", "origin": [9.1, 9.87652, 8.19687]},
			"faces": {
				"north": {"uv": [3.75, 8.5, 4.25, 9], "rotation": 180, "texture": "#7"},
				"east": {"uv": [3.75, 8.5, 4.25, 9], "rotation": 180, "texture": "#7"},
				"south": {"uv": [3.75, 8.5, 4.25, 9], "rotation": 180, "texture": "#7"},
				"west": {"uv": [3.75, 8.5, 4.25, 9], "rotation": 180, "texture": "#7"},
				"up": {"uv": [1.75, 8, 6.25, 16], "rotation": 180, "texture": "#7"}
			}
		},
		{
			"from": [9.51, 16, 9.5],
			"to": [11.49, 16.25, 10.75],
			"rotation": {"angle": -22.5, "axis": "x", "origin": [8, 8, 8]},
			"faces": {
				"north": {"uv": [0, 0, 16, 1], "rotation": 180, "texture": "#8"},
				"east": {"uv": [0, 0, 1, 10], "rotation": 90, "texture": "#8"},
				"south": {"uv": [0, 9, 16, 10], "rotation": 180, "texture": "#8"},
				"west": {"uv": [15, 0, 16, 10], "rotation": 90, "texture": "#8"},
				"up": {"uv": [0, 0, 16, 10], "rotation": 180, "texture": "#8"}
			}
		},
		{
			"from": [9.51, 16.26, 9.5],
			"to": [11.49, 16.261, 10.75],
			"rotation": {"angle": -22.5, "axis": "x", "origin": [8, 8, 8]},
			"faces": {
				"up": {"uv": [8, 8, 16, 16], "rotation": 180, "texture": "#9"}
			}
		},
		{
			"from": [9.908, 16.21402, 7.19687],
			"to": [11.092, 16.81402, 8.39687],
			"rotation": {"angle": -22.5, "axis": "x", "origin": [9.1, 9.87652, 8.19687]},
			"faces": {
				"north": {"uv": [0, 11.5, 8, 12.5], "rotation": 180, "texture": "#7"},
				"east": {"uv": [0, 11.5, 8, 12.5], "rotation": 180, "texture": "#7"},
				"south": {"uv": [0, 11.5, 8, 12.5], "rotation": 180, "texture": "#7"},
				"west": {"uv": [0, 11.5, 8, 12.5], "rotation": 180, "texture": "#7"},
				"up": {"uv": [1, 9, 7, 15], "rotation": 180, "texture": "#7"}
			}
		},
		{
			"from": [9.708, 16.21402, 7.39687],
			"to": [11.292, 16.61402, 8.19687],
			"rotation": {"angle": -22.5, "axis": "x", "origin": [9.1, 9.87652, 8.19687]},
			"faces": {
				"north": {"uv": [3.75, 8.5, 4.25, 9], "rotation": 180, "texture": "#7"},
				"east": {"uv": [3.75, 8.5, 4.25, 9], "rotation": 180, "texture": "#7"},
				"south": {"uv": [3.75, 8.5, 4.25, 9], "rotation": 180, "texture": "#7"},
				"west": {"uv": [3.75, 8.5, 4.25, 9], "rotation": 180, "texture": "#7"},
				"up": {"uv": [0, 9.75, 8, 14.25], "rotation": 180, "texture": "#7"}
			}
		},
		{
			"from": [6.12368, 16.2221, 8.92476],
			"to": [6.87632, 16.6221, 10.46076],
			"rotation": {"angle": -22.5, "axis": "x", "origin": [8.42, 10.1406, 8.15676]},
			"faces": {
				"north": {"uv": [11.75, 8.5, 12.25, 9], "rotation": 180, "texture": "#7"},
				"east": {"uv": [11.75, 8.5, 12.25, 9], "rotation": 180, "texture": "#7"},
				"south": {"uv": [11.75, 8.5, 12.25, 9], "rotation": 180, "texture": "#7"},
				"west": {"uv": [11.75, 8.5, 12.25, 9], "rotation": 180, "texture": "#7"},
				"up": {"uv": [9.75, 8, 14.25, 16], "rotation": 180, "texture": "#7"}
			}
		},
		{
			"from": [5.93168, 16.2221, 9.11676],
			"to": [7.06832, 16.6221, 10.26876],
			"rotation": {"angle": -22.5, "axis": "x", "origin": [8.42, 10.1406, 8.15676]},
			"faces": {
				"north": {"uv": [11.75, 8.5, 12.25, 9], "rotation": 180, "texture": "#7"},
				"east": {"uv": [11.75, 8.5, 12.25, 9], "rotation": 180, "texture": "#7"},
				"south": {"uv": [11.75, 8.5, 12.25, 9], "rotation": 180, "texture": "#7"},
				"west": {"uv": [11.75, 8.5, 12.25, 9], "rotation": 180, "texture": "#7"},
				"up": {"uv": [9, 9, 15, 15], "rotation": 180, "texture": "#7"}
			}
		},
		{
			"from": [5.73968, 16.2221, 9.30876],
			"to": [7.26032, 16.6221, 10.07676],
			"rotation": {"angle": -22.5, "axis": "x", "origin": [8.42, 10.1406, 8.15676]},
			"faces": {
				"north": {"uv": [11.75, 8.5, 12.25, 9], "rotation": 180, "texture": "#7"},
				"east": {"uv": [11.75, 8.5, 12.25, 9], "rotation": 180, "texture": "#7"},
				"south": {"uv": [11.75, 8.5, 12.25, 9], "rotation": 180, "texture": "#7"},
				"west": {"uv": [11.75, 8.5, 12.25, 9], "rotation": 180, "texture": "#7"},
				"up": {"uv": [8, 9.75, 16, 14.25], "rotation": 180, "texture": "#7"}
			}
		},
		{
			"from": [5.98968, 16.6202, 9.54919],
			"to": [7.13532, 17.2702, 9.81719],
			"rotation": {"angle": -22.5, "axis": "x", "origin": [8.42, 10.1637, 8.14719]},
			"faces": {
				"north": {"uv": [3.5, 1, 4.5, 5.25], "rotation": 180, "texture": "#7"},
				"east": {"uv": [3.5, 1, 4.5, 5.25], "rotation": 180, "texture": "#7"},
				"south": {"uv": [3.5, 1, 4.5, 5.25], "rotation": 180, "texture": "#7"},
				"west": {"uv": [3.5, 1, 4.5, 5.25], "rotation": 180, "texture": "#7"},
				"up": {"uv": [3.5, 1, 4.5, 1.75], "rotation": 180, "texture": "#7"}
			}
		},
		{
			"from": [7.13532, 16.6202, 9.54919],
			"to": [7.28096, 17.1452, 9.81719],
			"rotation": {"angle": -22.5, "axis": "x", "origin": [8.44064, 10.1637, 8.14719]},
			"faces": {
				"north": {"uv": [3.5, 0.5, 4.5, 5.25], "rotation": 180, "texture": "#7"},
				"east": {"uv": [3.5, 0.5, 4.5, 5.25], "rotation": 180, "texture": "#7"},
				"south": {"uv": [3.5, 0.5, 4.5, 5.25], "rotation": 180, "texture": "#7"},
				"west": {"uv": [3.5, 0.5, 4.5, 5.25], "rotation": 180, "texture": "#7"},
				"up": {"uv": [3.5, 0.5, 4.5, 1.25], "rotation": 180, "texture": "#7"},
				"down": {"uv": [3.5, 4.5, 4.5, 5.25], "rotation": 180, "texture": "#7"}
			}
		},
		{
			"from": [11.51, 17, 4.5],
			"to": [12.49, 17.5, 6.5],
			"rotation": {"angle": -22.5, "axis": "x", "origin": [8, 8, 8]},
			"faces": {
				"north": {"uv": [0, 0, 1, 1], "rotation": 180, "texture": "#5"},
				"east": {"uv": [0, 0, 1, 1], "rotation": 180, "texture": "#5"},
				"south": {"uv": [0, 0, 1, 1], "rotation": 180, "texture": "#5"},
				"west": {"uv": [0, 0, 1, 1], "rotation": 180, "texture": "#5"},
				"up": {"uv": [0, 0, 1, 1], "rotation": 180, "texture": "#5"},
				"down": {"uv": [0, 0, 1, 1], "rotation": 180, "texture": "#5"}
			}
		},
		{
			"from": [11.26, 17, 4.75],
			"to": [12.74, 17.51, 6.25],
			"rotation": {"angle": -22.5, "axis": "x", "origin": [8, 8, 8]},
			"faces": {
				"north": {"uv": [0, 0, 1, 1], "rotation": 180, "texture": "#5"},
				"east": {"uv": [0, 0, 1, 1], "rotation": 180, "texture": "#5"},
				"south": {"uv": [0, 0, 1, 1], "rotation": 180, "texture": "#5"},
				"west": {"uv": [0, 0, 1, 1], "rotation": 180, "texture": "#5"},
				"up": {"uv": [0, 0, 16, 16], "rotation": 180, "texture": "#5"},
				"down": {"uv": [0, 0, 1, 1], "rotation": 180, "texture": "#5"}
			}
		},
		{
			"from": [11.26, 16, 4.75],
			"to": [12.74, 16.25, 6.75],
			"rotation": {"angle": -22.5, "axis": "x", "origin": [8, 8, 8]},
			"faces": {
				"north": {"uv": [0, 0, 1, 1], "rotation": 180, "texture": "#6"},
				"east": {"uv": [0, 0, 1, 1], "rotation": 180, "texture": "#6"},
				"south": {"uv": [0, 0, 1, 1], "rotation": 180, "texture": "#6"},
				"west": {"uv": [0, 0, 1, 1], "rotation": 180, "texture": "#6"},
				"up": {"uv": [0, 0, 16, 16], "rotation": 180, "texture": "#6"},
				"down": {"uv": [0, 0, 1, 1], "rotation": 180, "texture": "#6"}
			}
		},
		{
			"from": [11.51, 16, 5],
			"to": [12.49, 17, 6],
			"rotation": {"angle": -22.5, "axis": "x", "origin": [8, 8, 8]},
			"faces": {
				"north": {"uv": [0, 0, 1, 1], "rotation": 180, "texture": "#5"},
				"east": {"uv": [0, 0, 1, 1], "rotation": 180, "texture": "#5"},
				"south": {"uv": [0, 0, 1, 1], "rotation": 180, "texture": "#5"},
				"west": {"uv": [0, 0, 1, 1], "rotation": 180, "texture": "#5"},
				"up": {"uv": [0, 0, 1, 1], "rotation": 180, "texture": "#5"},
				"down": {"uv": [0, 0, 1, 1], "rotation": 180, "texture": "#5"}
			}
		},
		{
			"from": [11.01, 17, 5],
			"to": [12.99, 17.5, 6],
			"rotation": {"angle": -22.5, "axis": "x", "origin": [8, 8, 8]},
			"faces": {
				"north": {"uv": [0, 0, 1, 1], "rotation": 180, "texture": "#5"},
				"east": {"uv": [0, 0, 1, 1], "rotation": 180, "texture": "#5"},
				"south": {"uv": [0, 0, 1, 1], "rotation": 180, "texture": "#5"},
				"west": {"uv": [0, 0, 1, 1], "rotation": 180, "texture": "#5"},
				"up": {"uv": [0, 0, 1, 1], "rotation": 180, "texture": "#5"},
				"down": {"uv": [0, 0, 1, 1], "rotation": 180, "texture": "#5"}
			}
		},
		{
			"from": [3.37368, 16.62971, 9.21303],
			"to": [3.62632, 17.27971, 10.37403],
			"rotation": {"angle": -22.5, "axis": "x", "origin": [8.42, 10.04821, 8.19503]},
			"faces": {
				"north": {"uv": [11.5, 1, 12.5, 5.25], "rotation": 180, "texture": "#7"},
				"east": {"uv": [11.5, 1, 12.5, 5.25], "rotation": 180, "texture": "#7"},
				"south": {"uv": [11.5, 1, 12.5, 5.25], "rotation": 180, "texture": "#7"},
				"west": {"uv": [11.5, 1, 12.5, 5.25], "rotation": 180, "texture": "#7"},
				"up": {"uv": [11.5, 1, 12.5, 1.5], "rotation": 180, "texture": "#7"}
			}
		},
		{
			"from": [3.37368, 16.64349, 10.37129],
			"to": [3.62632, 17.16849, 10.53229],
			"rotation": {"angle": -22.5, "axis": "x", "origin": [8.42, 10.06199, 8.22829]},
			"faces": {
				"north": {"uv": [11.5, 0.5, 12.5, 5.25], "rotation": 180, "texture": "#7"},
				"east": {"uv": [11.5, 0.5, 12.5, 5.25], "rotation": 180, "texture": "#7"},
				"south": {"uv": [11.5, 0.5, 12.5, 5.25], "rotation": 180, "texture": "#7"},
				"west": {"uv": [11.5, 0.5, 12.5, 5.25], "rotation": 180, "texture": "#7"},
				"up": {"uv": [11.5, 0.5, 12.5, 1.25], "rotation": 180, "texture": "#7"},
				"down": {"uv": [11.5, 4.5, 12.5, 5.25], "rotation": 180, "texture": "#7"}
			}
		},
		{
			"from": [3.12368, 16.2221, 8.92476],
			"to": [3.87632, 16.6221, 10.46076],
			"rotation": {"angle": -22.5, "axis": "x", "origin": [8.42, 10.1406, 8.15676]},
			"faces": {
				"north": {"uv": [11.75, 8.5, 12.25, 9], "rotation": 180, "texture": "#7"},
				"east": {"uv": [11.75, 8.5, 12.25, 9], "rotation": 180, "texture": "#7"},
				"south": {"uv": [11.75, 8.5, 12.25, 9], "rotation": 180, "texture": "#7"},
				"west": {"uv": [11.75, 8.5, 12.25, 9], "rotation": 180, "texture": "#7"},
				"up": {"uv": [9.75, 8, 14.25, 16], "rotation": 180, "texture": "#7"}
			}
		},
		{
			"from": [2.73968, 16.2221, 9.30876],
			"to": [4.26032, 16.6221, 10.07676],
			"rotation": {"angle": -22.5, "axis": "x", "origin": [8.42, 10.1406, 8.15676]},
			"faces": {
				"north": {"uv": [11.75, 8.5, 12.25, 9], "rotation": 180, "texture": "#7"},
				"east": {"uv": [11.75, 8.5, 12.25, 9], "rotation": 180, "texture": "#7"},
				"south": {"uv": [11.75, 8.5, 12.25, 9], "rotation": 180, "texture": "#7"},
				"west": {"uv": [11.75, 8.5, 12.25, 9], "rotation": 180, "texture": "#7"},
				"up": {"uv": [8, 9.75, 16, 14.25], "rotation": 180, "texture": "#7"}
			}
		},
		{
			"from": [2.93168, 16.2221, 9.11676],
			"to": [4.06832, 16.6221, 10.26876],
			"rotation": {"angle": -22.5, "axis": "x", "origin": [8.42, 10.1406, 8.15676]},
			"faces": {
				"north": {"uv": [11.75, 8.5, 12.25, 9], "rotation": 180, "texture": "#7"},
				"east": {"uv": [11.75, 8.5, 12.25, 9], "rotation": 180, "texture": "#7"},
				"south": {"uv": [11.75, 8.5, 12.25, 9], "rotation": 180, "texture": "#7"},
				"west": {"uv": [11.75, 8.5, 12.25, 9], "rotation": 180, "texture": "#7"},
				"up": {"uv": [9, 9, 15, 15], "rotation": 180, "texture": "#7"}
			}
		}
	],
	"display": {
		"firstperson_righthand": {
			"rotation": [0, 135, 0],
			"scale": [0.4, 0.4, 0.4]
		}
	},
	"groups": [0, 1, 2,
		{
			"name": "bords",
			"origin": [8, 8, 8],
			"children": [3, 4, 5, 6]
		},
		{
			"name": "ecran",
			"origin": [8, 8, 8],
			"children": [7, 8, 9, 10]
		},
		{
			"name": "boutons",
			"origin": [8, 8, 8],
			"children": [
				{
					"name": "bouton",
					"origin": [8, 8, 8],
					"children": [11, 12, 13, 14, 15]
				},
				{
					"name": "bouton",
					"origin": [8, 8, 8],
					"children": [16, 17, 18, 19, 20]
				},
				{
					"name": "bouton",
					"origin": [8, 8, 8],
					"children": [21, 22, 23, 24, 25]
				},
				{
					"name": "bouton",
					"origin": [8, 8, 8],
					"children": [26, 27, 28, 29, 30]
				},
				{
					"name": "bouton",
					"origin": [8.5, 9.87652, 8.19687],
					"children": [31, 32, 33, 34, 35]
				},
				{
					"name": "a.u bouton",
					"origin": [8, 8, 8],
					"children": [36, 37, 38, 39, 40]
				},
				{
					"name": "bouton",
					"origin": [8.5, 9.87652, 8.19687],
					"children": [41, 42, 43, 44, 45]
				}
			]
		}
	]
}