{
	"__comment": "Designed by Kikipunk with Cubik Studio - https://cubik.studio",
	"textures": {
		"texture": "custom/ecran_2"
	},
	"elements": [ 	 
		{
			"__comment": "Box1",
			"from": [ -1.7, -15.5, -15.5 ],
			"to": [ 0.000000119, 15.5, 24 ],
			"faces": {
				"down": { "uv": [ 0, 0, 1, 1 ], "texture": "#texture" },
				"up": { "uv": [ 4, 1, 5, 2 ], "texture": "#texture" },
				"north": { "uv": [ 4, 1, 5, 2 ], "texture": "#texture" },
				"south": { "uv": [ 4, 1, 5, 2 ], "texture": "#texture" },
				"west": { "uv": [ 0, 0, 8.5, 6.5 ], "texture": "#texture" },
				"east": { "uv": [ 4, 1, 5, 2 ], "texture": "#texture" }
			}
		},
		{
			"__comment": "Box1",
			"from": [ -2.1, -16, -16 ],
			"to": [ 0, 16, -15.5 ],
			"faces": {
				"down": { "uv": [ 15, 15, 16, 16 ], "texture": "#texture" },
				"up": { "uv": [ 15, 15, 16, 16 ], "texture": "#texture" },
				"north": { "uv": [ 15, 15, 16, 16 ], "texture": "#texture" },
				"south": { "uv": [ 15, 15, 16, 16 ], "texture": "#texture" },
				"west": { "uv": [ 15, 15, 16, 16 ], "texture": "#texture" },
				"east": { "uv": [ 15, 15, 16, 16 ], "texture": "#texture" }
			}
		},
		{
			"__comment": "Box1",
			"from": [ -2.1, -16, -15.5 ],
			"to": [ 0, -15.5, 24 ],
			"faces": {
				"down": { "uv": [ 15, 15, 16, 16 ], "texture": "#texture" },
				"up": { "uv": [ 15, 15, 16, 16 ], "texture": "#texture" },
				"north": { "uv": [ 15, 15, 16, 16 ], "texture": "#texture" },
				"south": { "uv": [ 15, 15, 16, 16 ], "texture": "#texture" },
				"west": { "uv": [ 15, 15, 16, 16 ], "texture": "#texture" },
				"east": { "uv": [ 15, 15, 16, 16 ], "texture": "#texture" }
			}
		},
		{
			"__comment": "Box1",
			"from": [ -2.1, 15.5, -15.5 ],
			"to": [ 0, 16, 24 ],
			"faces": {
				"down": { "uv": [ 15, 15, 16, 16 ], "texture": "#texture" },
				"up": { "uv": [ 15, 15, 16, 16 ], "texture": "#texture" },
				"north": { "uv": [ 15, 15, 16, 16 ], "texture": "#texture" },
				"south": { "uv": [ 15, 15, 16, 16 ], "texture": "#texture" },
				"west": { "uv": [ 15, 15, 16, 16 ], "texture": "#texture" },
				"east": { "uv": [ 15, 15, 16, 16 ], "texture": "#texture" }
			}
		}
	],
	"display": {
		"gui": {
			"rotation":  [ 30, 225, 0 ],
			"translation":  [ -0.695, -1.391, 0 ],
			"scale":  [ 0.2, 0.2, 0.2 ]
		}
	}
}