{
	"credit": "Made by Daminator4113, with Blockbench",
	"ambientocclusion": false,
	"textures": {
		"particle": "custom/tapis/cb_straight_on"
	},
	"elements": [
		{
			"from": [0, 8, 0],
			"to": [16, 9, 16],
			"rotation": {"angle": 45, "axis": "x", "origin": [8, 9, 8], "rescale": true},
			"faces": {
				"north": {"uv": [0, 0, 1, 1], "texture": "#particle"},
				"east": {"uv": [0, 0, 1, 1], "texture": "#particle"},
				"south": {"uv": [0, 0, 1, 1], "texture": "#particle"},
				"west": {"uv": [0, 0, 1, 1], "texture": "#particle"},
				"up": {"uv": [0, 0, 16, 16], "rotation": 270, "texture": "#particle"},
				"down": {"uv": [0, 0, 16, 16], "rotation": 270, "texture": "#particle"}
			}
		}
	]
}