{
	"credit": "Made by Daminator4113, with Blockbench",
	"textures": {
		"0": "custom/tapis/cb_curve_off",
		"particle": "custom/tapis/cb_curve_off"
	},
	"elements": [
		{
			"from": [0, 0, 0],
			"to": [16, 1, 16],
			"faces": {
				"north": {"uv": [16, 0, 0, 1], "texture": "#0"},
				"east": {"uv": [16, 0, 0, 1], "texture": "#0"},
				"south": {"uv": [16, 0, 0, 1], "texture": "#0"},
				"west": {"uv": [16, 0, 0, 1], "texture": "#0"},
				"up": {"uv": [16, 0, 0, 16], "texture": "#0"},
				"down": {"uv": [16, 0, 0, 16], "rotation": 90, "texture": "#0"}
			}
		}
	]
}