{
	"__comment": "Designed by Kikipunk with Cubik Studio - https://cubik.studio",
	"textures": {
		"3": "custom/rover/curiosity_solar-panel",
		"1_2": "custom/rover/curiosity_camera",
		"3_2": "custom/rover/curiosity_power",
		"4_2": "custom/rover/curiosity_body",
		"particle": "custom/rover/curiosity_solar-panel"
	},
	"elements": [ 	 
		{
			"__comment": "Element",
			"from": [ 12.5, 19, -8.5 ],
			"to": [ 13.5, 20.5, -7.5 ],
			"faces": {
				"down": { "uv": [ 4.5, 15.25, 5, 15.75 ], "texture": "#4_2" },
				"up": { "uv": [ 4.5, 15.25, 5, 15.75 ], "texture": "#4_2" },
				"north": { "uv": [ 5, 15.25, 5.5, 16 ], "texture": "#4_2" },
				"south": { "uv": [ 5, 15.25, 5.5, 16 ], "texture": "#4_2" },
				"west": { "uv": [ 5, 15.25, 5.5, 16 ], "texture": "#4_2" },
				"east": { "uv": [ 5, 15.25, 5.5, 16 ], "texture": "#4_2" }
			}
		},
		{
			"__comment": "Element",
			"from": [ 12.5, 19, -7.5 ],
			"to": [ 13.5, 19.5, 4 ],
			"faces": {
				"down": { "uv": [ 0, 14.75, 3.75, 15.25 ], "texture": "#4_2", "rotation": 90 },
				"up": { "uv": [ 0, 14.75, 3.75, 15.25 ], "texture": "#4_2", "rotation": 90 },
				"north": { "uv": [ 4.5, 15.75, 5, 16 ], "texture": "#4_2" },
				"south": { "uv": [ 4.5, 15.75, 5, 16 ], "texture": "#4_2" },
				"west": { "uv": [ 0, 14.5, 3.75, 14.75 ], "texture": "#4_2" },
				"east": { "uv": [ 0, 14.5, 3.75, 14.75 ], "texture": "#4_2" }
			}
		}
	],
	"display": {
		"head": {
			"translation":  [ -9, -27.4, 7.2 ],
			"scale":  [ 1.8, 1.8, 1.8 ]
		}
	}
}