{
   "providers": [
      	{ "type": "bitmap", "file": "minecraft:text/verification/yes-no.png", "ascent": 28, "height": 69, "chars": ["\uEF00"]},
		{ "type": "bitmap", "file": "minecraft:text/verification/1.png", "ascent": 28, "height": 29, "chars": ["\uEF01"]},
		{ "type": "bitmap", "file": "minecraft:text/verification/2.png", "ascent": 28, "height": 29, "chars": ["\uEF02"]},
		{ "type": "bitmap", "file": "minecraft:text/verification/3.png", "ascent": 8, "height": 9, "chars": ["\uEF03"]},
		{ "type": "bitmap", "file": "minecraft:text/verification/3-1.png", "ascent": 8, "height": 9, "chars": ["\uEF04"]},
		{ "type": "bitmap", "file": "minecraft:text/verification/3-2.png", "ascent": 8, "height": 9, "chars": ["\uEF05"]},
		{ "type": "bitmap", "file": "minecraft:text/verification/3-2bis.png", "ascent": 8, "height": 9, "chars": ["\uEF06"]},
		{ "type": "bitmap", "file": "minecraft:text/verification/4.png", "ascent": 8, "height": 9, "chars": ["\uEF07"]},
		{ "type": "bitmap", "file": "minecraft:text/verification/4-1.png", "ascent": 8, "height": 9, "chars": ["\uEF08"]},
		{ "type": "bitmap", "file": "minecraft:text/verification/4-2.png", "ascent": 8, "height": 9, "chars": ["\uEF09"]},
		{ "type": "bitmap", "file": "minecraft:text/verification/5.png", "ascent": 8, "height": 29, "chars": ["\uEF10"]},
		{ "type": "bitmap", "file": "minecraft:text/verification/5-1.png", "ascent": 8, "height": 29, "chars": ["\uEF11"]},
		{ "type": "bitmap", "file": "minecraft:text/verification/5-2.png", "ascent": 8, "height": 29, "chars": ["\uEF12"]},
		{ "type": "bitmap", "file": "minecraft:text/verification/5-3.png", "ascent": 8, "height": 29, "chars": ["\uEF13"]},
		{ "type": "bitmap", "file": "minecraft:text/verification/5-4.png", "ascent": 8, "height": 29, "chars": ["\uEF14"]},
		{ "type": "bitmap", "file": "minecraft:text/verification/5-4bis.png", "ascent": 8, "height": 29, "chars": ["\uEF15"]},
		{ "type": "bitmap", "file": "minecraft:text/verification/6.png", "ascent": 8, "height": 29, "chars": ["\uEF16"]},
		{ "type": "bitmap", "file": "minecraft:text/verification/6-1.png", "ascent": 8, "height": 29, "chars": ["\uEF17"]},
		{ "type": "bitmap", "file": "minecraft:text/verification/6-2.png", "ascent": 8, "height": 29, "chars": ["\uEF18"]},
		{ "type": "bitmap", "file": "minecraft:text/verification/7.png", "ascent": 8, "height": 29, "chars": ["\uEF19"]},
		{ "type": "bitmap", "file": "minecraft:text/verification/7-1.png", "ascent": 8, "height": 29, "chars": ["\uEF20"]},
		{ "type": "bitmap", "file": "minecraft:text/verification/7-2.png", "ascent": 8, "height": 29, "chars": ["\uEF21"]},
		{ "type": "bitmap", "file": "minecraft:text/verification/8.png", "ascent": 44, "height": 45, "chars": ["\uEF22"]},
		{ "type": "bitmap", "file": "minecraft:text/verification/8-1.png", "ascent": 44, "height": 45, "chars": ["\uEF23"]},
		{ "type": "bitmap", "file": "minecraft:text/verification/8-2.png", "ascent": 44, "height": 45, "chars": ["\uEF24"]},
		{ "type": "bitmap", "file": "minecraft:text/verification/9.png", "ascent": 44, "height": 45, "chars": ["\uEF25"]},
		{ "type": "bitmap", "file": "minecraft:text/verification/9bis.png", "ascent": 18, "height": 19, "chars": ["\uEF26"]},
		
		
		{ "type": "bitmap", "file": "minecraft:text/initialisation/1.png", "ascent": 28, "height": 29, "chars": ["\uEF30"]},
		{ "type": "bitmap", "file": "minecraft:text/initialisation/2.png", "ascent": 8, "height": 9, "chars": ["\uEF31"]},
		{ "type": "bitmap", "file": "minecraft:text/initialisation/2-1.png", "ascent": 8, "height": 9, "chars": ["\uEF32"]},
		{ "type": "bitmap", "file": "minecraft:text/initialisation/2-2.png", "ascent": 8, "height": 9, "chars": ["\uEF33"]},
		{ "type": "bitmap", "file": "minecraft:text/initialisation/2-2bis.png", "ascent": 8, "height": 9, "chars": ["\uEF34"]},
		{ "type": "bitmap", "file": "minecraft:text/initialisation/3.png", "ascent": 8, "height": 9, "chars": ["\uEF35"]},
		{ "type": "bitmap", "file": "minecraft:text/initialisation/3-1.png", "ascent": 8, "height": 9, "chars": ["\uEF36"]},
		{ "type": "bitmap", "file": "minecraft:text/initialisation/3-2.png", "ascent": 8, "height": 9, "chars": ["\uEF37"]},
		{ "type": "bitmap", "file": "minecraft:text/initialisation/4.png", "ascent": 8, "height": 29, "chars": ["\uEF38"]},
		{ "type": "bitmap", "file": "minecraft:text/initialisation/4-1.png", "ascent": 8, "height": 29, "chars": ["\uEF39"]},
		{ "type": "bitmap", "file": "minecraft:text/initialisation/4-2.png", "ascent": 8, "height": 29, "chars": ["\uEF40"]},
		{ "type": "bitmap", "file": "minecraft:text/initialisation/4-2bis.png", "ascent": 8, "height": 29, "chars": ["\uEF41"]},
		{ "type": "bitmap", "file": "minecraft:text/initialisation/5.png", "ascent": 8, "height": 29, "chars": ["\uEF42"]},
		{ "type": "bitmap", "file": "minecraft:text/initialisation/5-1.png", "ascent": 8, "height": 29, "chars": ["\uEF43"]},
		{ "type": "bitmap", "file": "minecraft:text/initialisation/5-2.png", "ascent": 8, "height": 29, "chars": ["\uEF44"]},
		{ "type": "bitmap", "file": "minecraft:text/initialisation/5-2bis.png", "ascent": 8, "height": 29, "chars": ["\uEF45"]},
		{ "type": "bitmap", "file": "minecraft:text/initialisation/5-yes-no.png", "ascent": 28, "height": 69, "chars": ["\uEF46"]},
		{ "type": "bitmap", "file": "minecraft:text/initialisation/5-3.png", "ascent": 8, "height": 29, "chars": ["\uEF47"]},
		{ "type": "bitmap", "file": "minecraft:text/initialisation/5-3bis.png", "ascent": 8, "height": 29, "chars": ["\uEF48"]},
		{ "type": "bitmap", "file": "minecraft:text/initialisation/5-4.png", "ascent": 8, "height": 29, "chars": ["\uEF49"]},
		{ "type": "bitmap", "file": "minecraft:text/initialisation/5-5.png", "ascent": 8, "height": 29, "chars": ["\uEF50"]},
		{ "type": "bitmap", "file": "minecraft:text/initialisation/5-6.png", "ascent": 8, "height": 29, "chars": ["\uEF51"]},
		{ "type": "bitmap", "file": "minecraft:text/initialisation/5-7.png", "ascent": 8, "height": 29, "chars": ["\uEF52"]},
		{ "type": "bitmap", "file": "minecraft:text/initialisation/5-8.png", "ascent": 8, "height": 29, "chars": ["\uEF53"]},
		{ "type": "bitmap", "file": "minecraft:text/initialisation/6.png", "ascent": 44, "height": 45, "chars": ["\uEF54"]},
		{ "type": "bitmap", "file": "minecraft:text/initialisation/6-1.png", "ascent": 44, "height": 45, "chars": ["\uEF55"]},
		{ "type": "bitmap", "file": "minecraft:text/initialisation/6-2.png", "ascent": 44, "height": 45, "chars": ["\uEF56"]},
		{ "type": "bitmap", "file": "minecraft:text/initialisation/7.png", "ascent": 44, "height": 45, "chars": ["\uEF57"]},
		{ "type": "bitmap", "file": "minecraft:text/initialisation/7-1.png", "ascent": 44, "height": 45, "chars": ["\uEF58"]},
		{ "type": "bitmap", "file": "minecraft:text/initialisation/7-1bis.png", "ascent": 44, "height": 45, "chars": ["\uEF59"]},
		{ "type": "bitmap", "file": "minecraft:text/initialisation/7-yes-no.png", "ascent": 28, "height": 69, "chars": ["\uEF60"]},
		{ "type": "bitmap", "file": "minecraft:text/initialisation/7-2.png", "ascent": 44, "height": 45, "chars": ["\uEF61"]},
		{ "type": "bitmap", "file": "minecraft:text/initialisation/7-3.png", "ascent": 44, "height": 45, "chars": ["\uEF62"]},
		{ "type": "bitmap", "file": "minecraft:text/initialisation/7-4.png", "ascent": 44, "height": 45, "chars": ["\uEF63"]},
		{ "type": "bitmap", "file": "minecraft:text/initialisation/7-5.png", "ascent": 44, "height": 45, "chars": ["\uEF64"]},
		{ "type": "bitmap", "file": "minecraft:text/initialisation/8.png", "ascent": 5, "height": 9, "chars": ["\uEF65"]},
		{ "type": "bitmap", "file": "minecraft:text/initialisation/9.png", "ascent": 5, "height": 9, "chars": ["\uEF66"]},
		
		
		{ "type": "bitmap", "file": "minecraft:text/contour.png", "ascent": 50, "height": 50, "chars": ["\uE000"]},
		{ "type": "bitmap", "file": "minecraft:text/plan_mission.png", "ascent": 105, "height": 105, "chars": ["\uE001"]}
   ]
}