{
	"credit": "Made by Daminator4113, with Blockbench",
	"textures": {
		"2": "custom/redstone_overlay",
		"block": "custom/redstone_wire"
	},
	"elements": [
		{
			"from": [6, 0, 6],
			"to": [10, 1.1, 10],
			"rotation": {"angle": 0, "axis": "y", "origin": [17.5, 8, 17.5]},
			"faces": {
				"up": {"uv": [6, 6, 10, 10], "texture": "#block", "tintindex": 0},
				"down": {"uv": [0, 0, 16, 16], "texture": "#2"}
			}
		},
		{
			"from": [5.56397, 0, 5.0086],
			"to": [10.43897, 1.5, 6.48985],
			"rotation": {"angle": 0, "axis": "y", "origin": [17.00147, 10.6, 14.58985]},
			"faces": {
				"north": {"uv": [0, 0, 16, 16], "texture": "#2"},
				"east": {"uv": [0, 0, 16, 16], "texture": "#2"},
				"south": {"uv": [0, 0, 16, 16], "texture": "#2"},
				"west": {"uv": [0, 0, 16, 16], "texture": "#2"},
				"up": {"uv": [0, 0, 16, 16], "texture": "#2"},
				"down": {"uv": [0, 0, 16, 16], "texture": "#2"}
			}
		},
		{
			"from": [5.56103, 0, 9.51015],
			"to": [10.43603, 1.5, 10.9914],
			"rotation": {"angle": 0, "axis": "y", "origin": [-1.00147, 10.6, 1.41015]},
			"faces": {
				"north": {"uv": [0, 0, 16, 16], "texture": "#2"},
				"east": {"uv": [0, 0, 16, 16], "texture": "#2"},
				"south": {"uv": [0, 0, 16, 16], "texture": "#2"},
				"west": {"uv": [0, 0, 16, 16], "texture": "#2"},
				"up": {"uv": [0, 0, 16, 16], "texture": "#2"},
				"down": {"uv": [0, 0, 16, 16], "texture": "#2"}
			}
		},
		{
			"from": [9.51085, 0, 5.56172],
			"to": [10.9921, 1.5, 10.43672],
			"rotation": {"angle": 0, "axis": "y", "origin": [8.00147, 4.1, 7.99922]},
			"faces": {
				"north": {"uv": [0, 0, 16, 16], "texture": "#2"},
				"east": {"uv": [0, 0, 16, 16], "texture": "#2"},
				"south": {"uv": [0, 0, 16, 16], "texture": "#2"},
				"west": {"uv": [0, 0, 16, 16], "texture": "#2"},
				"up": {"uv": [0, 0, 16, 16], "texture": "#2"},
				"down": {"uv": [0, 0, 16, 16], "texture": "#2"}
			}
		},
		{
			"from": [5.0079, 0, 5.56328],
			"to": [6.48915, 1.5, 10.43828],
			"rotation": {"angle": 0, "axis": "y", "origin": [7.99853, 4.1, 8.00078]},
			"faces": {
				"north": {"uv": [0, 0, 16, 16], "texture": "#2"},
				"east": {"uv": [0, 0, 16, 16], "texture": "#2"},
				"south": {"uv": [0, 0, 16, 16], "texture": "#2"},
				"west": {"uv": [0, 0, 16, 16], "texture": "#2"},
				"up": {"uv": [0, 0, 16, 16], "texture": "#2"},
				"down": {"uv": [0, 0, 16, 16], "texture": "#2"}
			}
		},
		{
			"from": [7.60929, 0, 4.16007],
			"to": [8.39044, 1.5, 4.59007],
			"rotation": {"angle": 45, "axis": "y", "origin": [7.99987, 3.75, 8.00007]},
			"faces": {
				"north": {"uv": [0, 0, 16, 16], "texture": "#2"},
				"east": {"uv": [0, 0, 16, 16], "texture": "#2"},
				"south": {"uv": [0, 0, 16, 16], "texture": "#2"},
				"west": {"uv": [0, 0, 16, 16], "texture": "#2"},
				"up": {"uv": [0, 0, 16, 16], "texture": "#2"},
				"down": {"uv": [0, 0, 16, 16], "texture": "#2"}
			}
		},
		{
			"from": [7.60956, 0, 4.16007],
			"to": [8.39071, 1.5, 4.59007],
			"rotation": {"angle": -45, "axis": "y", "origin": [8.00013, 3.75, 8.00007]},
			"faces": {
				"north": {"uv": [0, 0, 16, 16], "texture": "#2"},
				"east": {"uv": [0, 0, 16, 16], "texture": "#2"},
				"south": {"uv": [0, 0, 16, 16], "texture": "#2"},
				"west": {"uv": [0, 0, 16, 16], "texture": "#2"},
				"up": {"uv": [0, 0, 16, 16], "texture": "#2"},
				"down": {"uv": [0, 0, 16, 16], "texture": "#2"}
			}
		},
		{
			"from": [4.15987, 0, 7.60949],
			"to": [4.58987, 1.5, 8.39065],
			"rotation": {"angle": 45, "axis": "y", "origin": [7.99987, 3.75, 8.00007]},
			"faces": {
				"north": {"uv": [0, 0, 16, 16], "texture": "#2"},
				"east": {"uv": [0, 0, 16, 16], "texture": "#2"},
				"south": {"uv": [0, 0, 16, 16], "texture": "#2"},
				"west": {"uv": [0, 0, 16, 16], "texture": "#2"},
				"up": {"uv": [0, 0, 16, 16], "texture": "#2"},
				"down": {"uv": [0, 0, 16, 16], "texture": "#2"}
			}
		},
		{
			"from": [11.41013, 0, 7.60949],
			"to": [11.84013, 1.5, 8.39065],
			"rotation": {"angle": -45, "axis": "y", "origin": [8.00013, 3.75, 8.00007]},
			"faces": {
				"north": {"uv": [0, 0, 16, 16], "texture": "#2"},
				"east": {"uv": [0, 0, 16, 16], "texture": "#2"},
				"south": {"uv": [0, 0, 16, 16], "texture": "#2"},
				"west": {"uv": [0, 0, 16, 16], "texture": "#2"},
				"up": {"uv": [0, 0, 16, 16], "texture": "#2"},
				"down": {"uv": [0, 0, 16, 16], "texture": "#2"}
			}
		},
		{
			"from": [9.66013, 0, 7.51574],
			"to": [10.12138, 1.5, 8.45315],
			"rotation": {"angle": -45, "axis": "y", "origin": [8.00013, 3.75, 8.00007]},
			"faces": {
				"north": {"uv": [0, 0, 16, 16], "texture": "#2"},
				"east": {"uv": [0, 0, 16, 16], "texture": "#2"},
				"south": {"uv": [0, 0, 16, 16], "texture": "#2"},
				"west": {"uv": [0, 0, 16, 16], "texture": "#2"},
				"up": {"uv": [0, 0, 16, 16], "texture": "#2"},
				"down": {"uv": [0, 0, 16, 16], "texture": "#2"}
			}
		},
		{
			"from": [9.66013, 0, 7.54685],
			"to": [10.12138, 1.5, 8.48426],
			"rotation": {"angle": 45, "axis": "y", "origin": [8.00013, 3.75, 7.99993]},
			"faces": {
				"north": {"uv": [16, 0, 0, 16], "texture": "#2"},
				"east": {"uv": [16, 0, 0, 16], "texture": "#2"},
				"south": {"uv": [16, 0, 0, 16], "texture": "#2"},
				"west": {"uv": [16, 0, 0, 16], "texture": "#2"},
				"up": {"uv": [0, 16, 16, 0], "texture": "#2"},
				"down": {"uv": [0, 16, 16, 0], "texture": "#2"}
			}
		},
		{
			"from": [5.87862, 0, 7.51574],
			"to": [6.33987, 1.5, 8.45315],
			"rotation": {"angle": 45, "axis": "y", "origin": [7.99987, 3.75, 8.00007]},
			"faces": {
				"north": {"uv": [16, 0, 0, 16], "texture": "#2"},
				"east": {"uv": [16, 0, 0, 16], "texture": "#2"},
				"south": {"uv": [16, 0, 0, 16], "texture": "#2"},
				"west": {"uv": [16, 0, 0, 16], "texture": "#2"},
				"up": {"uv": [16, 0, 0, 16], "texture": "#2"},
				"down": {"uv": [16, 0, 0, 16], "texture": "#2"}
			}
		},
		{
			"from": [5.87862, 0, 7.54685],
			"to": [6.33987, 1.5, 8.48426],
			"rotation": {"angle": -45, "axis": "y", "origin": [7.99987, 3.75, 7.99993]},
			"faces": {
				"north": {"uv": [0, 0, 16, 16], "texture": "#2"},
				"east": {"uv": [0, 0, 16, 16], "texture": "#2"},
				"south": {"uv": [0, 0, 16, 16], "texture": "#2"},
				"west": {"uv": [0, 0, 16, 16], "texture": "#2"},
				"up": {"uv": [16, 16, 0, 0], "texture": "#2"},
				"down": {"uv": [16, 16, 0, 0], "texture": "#2"}
			}
		}
	],
	"display": {
		"thirdperson_righthand": {
			"rotation": [23, -180, 0],
			"translation": [0, 6, 1.5]
		},
		"thirdperson_lefthand": {
			"rotation": [23, -180, 0],
			"translation": [0, 6, 1.5]
		},
		"firstperson_righthand": {
			"rotation": [34, -180, 0],
			"translation": [2, 7, 2.75]
		},
		"firstperson_lefthand": {
			"rotation": [34, -180, 0],
			"translation": [2, 7, 2.75]
		},
		"ground": {
			"translation": [0, 4.25, 0]
		},
		"gui": {
			"rotation": [30, 225, 0],
			"translation": [0, 9.75, 0],
			"scale": [2, 2, 2]
		},
		"head": {
			"translation": [0, 14.25, 0]
		},
		"fixed": {
			"rotation": [-90, 0, 0],
			"translation": [0, 0, -16],
			"scale": [2, 2, 2]
		}
	},
	"groups": [0,
		{
			"name": "noir",
			"origin": [8, 3.75, 8],
			"children": [1, 2, 3, 4, 5, 6, 7, 8, 9, 10, 11, 12]
		}
	]
}