{
	"credit": "Made by Daminator4113, with Blockbench",
	"textures": {
		"2": "custom/redstone_overlay",
		"block": "custom/redstone_wire"
	},
	"elements": [
		{
			"from": [7.25, 0, 0.5],
			"to": [8.75, 16, 1.75],
			"rotation": {"angle": 0, "axis": "x", "origin": [8, 8, 1]},
			"faces": {
				"south": {"uv": [7, 0, 9, 16], "texture": "#block", "tintindex": 0},
				"down": {"uv": [6, 14, 8, 16], "rotation": 180, "texture": "#block", "tintindex": 0}
			}
		},
		{
			"from": [7.25, 16, 0],
			"to": [8.75, 17.75, 1.75],
			"rotation": {"angle": 0, "axis": "x", "origin": [8, 10, 1]},
			"faces": {
				"north": {"uv": [8, 0, 10, 2], "texture": "#block", "tintindex": 0},
				"south": {"uv": [7, 0, 9, 2], "rotation": 180, "texture": "#block", "tintindex": 0},
				"up": {"uv": [7, 0, 9, 2], "texture": "#block", "tintindex": 0}
			}
		},
		{
			"from": [8.75, 0, 0],
			"to": [9.5, 18, 2],
			"rotation": {"angle": 0, "axis": "y", "origin": [8, 14, 0.84375]},
			"faces": {
				"north": {"uv": [0, 0, 16, 16], "rotation": 180, "texture": "#2"},
				"east": {"uv": [0, 0, 16, 16], "rotation": 270, "texture": "#2"},
				"south": {"uv": [0, 0, 16, 16], "texture": "#2"},
				"west": {"uv": [0, 0, 16, 16], "rotation": 90, "texture": "#2"},
				"up": {"uv": [0, 0, 16, 16], "rotation": 180, "texture": "#2"},
				"down": {"uv": [0, 0, 16, 16], "texture": "#2"}
			}
		},
		{
			"from": [7.25, 0, 0],
			"to": [8.75, 16, 0.5],
			"rotation": {"angle": 0, "axis": "y", "origin": [8, 14, 0.84375]},
			"faces": {
				"north": {"uv": [0, 0, 16, 16], "rotation": 180, "texture": "#2"},
				"south": {"uv": [0, 0, 16, 16], "texture": "#2"},
				"up": {"uv": [0, 0, 16, 16], "rotation": 180, "texture": "#2"},
				"down": {"uv": [0, 0, 16, 16], "texture": "#2"}
			}
		},
		{
			"from": [6.5, 0, 0],
			"to": [7.25, 18, 2],
			"rotation": {"angle": 0, "axis": "y", "origin": [8, 14, 0.84375]},
			"faces": {
				"north": {"uv": [0, 0, 16, 16], "rotation": 180, "texture": "#2"},
				"east": {"uv": [0, 0, 16, 16], "rotation": 270, "texture": "#2"},
				"south": {"uv": [0, 0, 16, 16], "texture": "#2"},
				"west": {"uv": [0, 0, 16, 16], "rotation": 90, "texture": "#2"},
				"up": {"uv": [0, 0, 16, 16], "rotation": 180, "texture": "#2"},
				"down": {"uv": [0, 0, 16, 16], "texture": "#2"}
			}
		}
	]
}