{
	"credit": "Made by Daminator4113, with Blockbench",
	"textures": {
		"2": "custom/redstone_overlay",
		"block": "custom/redstone_wire",
		"particle": "block/redstone_dust_dot"
	},
	"elements": [
		{
			"from": [4.5, 0, 4.5],
			"to": [5.5, 2.5, 11.5],
			"rotation": {"angle": 0, "axis": "y", "origin": [12.5, 8, 12.5]},
			"faces": {
				"north": {"uv": [0, 0, 16, 16], "texture": "#2"},
				"east": {"uv": [0, 0, 16, 16], "texture": "#2"},
				"south": {"uv": [0, 0, 16, 16], "texture": "#2"},
				"west": {"uv": [0, 0, 16, 16], "texture": "#2"},
				"up": {"uv": [0, 0, 16, 16], "texture": "#2"},
				"down": {"uv": [0, 0, 16, 16], "texture": "#2"}
			}
		},
		{
			"from": [10.5, 0, 4.5],
			"to": [11.5, 2.5, 11.5],
			"rotation": {"angle": 0, "axis": "y", "origin": [18.5, 8, 12.5]},
			"faces": {
				"north": {"uv": [0, 0, 16, 16], "texture": "#2"},
				"east": {"uv": [0, 0, 16, 16], "texture": "#2"},
				"south": {"uv": [0, 0, 16, 16], "texture": "#2"},
				"west": {"uv": [0, 0, 16, 16], "texture": "#2"},
				"up": {"uv": [0, 0, 16, 16], "texture": "#2"},
				"down": {"uv": [0, 0, 16, 16], "texture": "#2"}
			}
		},
		{
			"from": [5.5, 0, 4.5],
			"to": [10.5, 2.5, 5.5],
			"rotation": {"angle": 0, "axis": "y", "origin": [17.5, 8, 12.5]},
			"faces": {
				"north": {"uv": [0, 0, 16, 16], "texture": "#2"},
				"south": {"uv": [0, 0, 16, 16], "texture": "#2"},
				"up": {"uv": [0, 0, 16, 16], "texture": "#2"},
				"down": {"uv": [0, 0, 16, 16], "texture": "#2"}
			}
		},
		{
			"from": [5.5, 0, 10.5],
			"to": [10.5, 2.5, 11.5],
			"rotation": {"angle": 0, "axis": "y", "origin": [17.5, 8, 18.5]},
			"faces": {
				"north": {"uv": [0, 0, 16, 16], "texture": "#2"},
				"south": {"uv": [0, 0, 16, 16], "texture": "#2"},
				"up": {"uv": [0, 0, 16, 16], "texture": "#2"},
				"down": {"uv": [0, 0, 16, 16], "texture": "#2"}
			}
		},
		{
			"from": [5.5, 0, 5.5],
			"to": [10.5, 2.1, 10.5],
			"rotation": {"angle": 0, "axis": "y", "origin": [17.5, 8, 17.5]},
			"faces": {
				"up": {"uv": [5, 5, 11, 11], "texture": "#block", "tintindex": 0},
				"down": {"uv": [0, 0, 16, 16], "texture": "#2"}
			}
		}
	]
}