{
	"__comment": "Designed by Kikipunk with Cubik Studio - https://cubik.studio",
	"textures": {
		"1_2": "custom/rover/curiosity_camera",
		"3_2": "custom/rover/curiosity_power",
		"4_2": "custom/rover/curiosity_body"
	},
	"elements": [ 	 
		{
			"__comment": "Box57",
			"from": [ 8, 1, 1 ],
			"to": [ 9, 1.5, 14.5 ],
			"faces": {
				"down": { "uv": [ 0, 15.5, 4.5, 16 ], "texture": "#4_2", "rotation": 90 },
				"up": { "uv": [ 0, 15.5, 4.5, 16 ], "texture": "#4_2", "rotation": 90 },
				"north": { "uv": [ 4.5, 15.75, 5, 16 ], "texture": "#4_2" },
				"south": { "uv": [ 4.5, 15.75, 5, 16 ], "texture": "#4_2" },
				"west": { "uv": [ 0, 15.25, 4.5, 15.5 ], "texture": "#4_2" },
				"east": { "uv": [ 0, 15.25, 4.5, 15.5 ], "texture": "#4_2" }
			}
		},
		{
			"__comment": "Box57",
			"from": [ 8, 0.5, 3 ],
			"to": [ 9, 1, 14.5 ],
			"faces": {
				"down": { "uv": [ 0, 14.75, 3.75, 15.25 ], "texture": "#4_2", "rotation": 90 },
				"up": { "uv": [ 0, 14.75, 3.75, 15.25 ], "texture": "#4_2", "rotation": 90 },
				"north": { "uv": [ 4.5, 15.75, 5, 16 ], "texture": "#4_2" },
				"south": { "uv": [ 4.5, 15.75, 5, 16 ], "texture": "#4_2" },
				"west": { "uv": [ 0, 14.5, 3.75, 14.75 ], "texture": "#4_2" },
				"east": { "uv": [ 0, 14.5, 3.75, 14.75 ], "texture": "#4_2" }
			}
		},
		{
			"__comment": "Box57",
			"from": [ 8, 0, 0 ],
			"to": [ 9, 1.5, 1 ],
			"faces": {
				"down": { "uv": [ 4.5, 15.25, 5, 15.75 ], "texture": "#4_2" },
				"up": { "uv": [ 4.5, 15.25, 5, 15.75 ], "texture": "#4_2" },
				"north": { "uv": [ 5, 15.25, 5.5, 16 ], "texture": "#4_2" },
				"south": { "uv": [ 5, 15.25, 5.5, 16 ], "texture": "#4_2" },
				"west": { "uv": [ 5, 15.25, 5.5, 16 ], "texture": "#4_2" },
				"east": { "uv": [ 5, 15.25, 5.5, 16 ], "texture": "#4_2" }
			}
		},
		{
			"__comment": "Box57",
			"from": [ 8, 0.5, 14.5 ],
			"to": [ 9, 1.5, 15.5 ],
			"faces": {
				"down": { "uv": [ 4.5, 15.25, 5, 15.75 ], "texture": "#4_2" },
				"up": { "uv": [ 4.5, 15.25, 5, 15.75 ], "texture": "#4_2" },
				"north": { "uv": [ 4.5, 15.25, 5, 15.75 ], "texture": "#4_2" },
				"south": { "uv": [ 4.5, 15.25, 5, 15.75 ], "texture": "#4_2" },
				"west": { "uv": [ 4.5, 15.25, 5, 15.75 ], "texture": "#4_2" },
				"east": { "uv": [ 4.5, 15.25, 5, 15.75 ], "texture": "#4_2" }
			}
		},
		{
			"__comment": "Box57",
			"from": [ 8.5, 0.5, 1.5 ],
			"to": [ 9, 1, 3 ],
			"rotation": { "origin": [ 9, 0.5, 3 ], "axis": "y", "angle": -22.5 },
			"faces": {
				"down": { "uv": [ 5.5, 15.75, 6.25, 16 ], "texture": "#4_2", "rotation": 90 },
				"up": { "uv": [ 5.5, 15.75, 6.25, 16 ], "texture": "#4_2", "rotation": 90 },
				"north": { "uv": [ 5.5, 15.5, 5.75, 15.75 ], "texture": "#4_2", "rotation": 90 },
				"south": { "uv": [ 5.5, 15.5, 5.75, 15.75 ], "texture": "#4_2", "rotation": 90 },
				"west": { "uv": [ 5.5, 15.75, 6.25, 16 ], "texture": "#4_2" },
				"east": { "uv": [ 5.5, 15.75, 6.25, 16 ], "texture": "#4_2" }
			}
		},
		{
			"__comment": "Box57",
			"from": [ 8, 0.5, 1.5 ],
			"to": [ 8.5, 1, 3 ],
			"rotation": { "origin": [ 8, 0.5, 3 ], "axis": "y", "angle": 22.5 },
			"faces": {
				"down": { "uv": [ 5.5, 15.75, 6.25, 16 ], "texture": "#4_2", "rotation": 90 },
				"up": { "uv": [ 5.5, 15.75, 6.25, 16 ], "texture": "#4_2", "rotation": 90 },
				"north": { "uv": [ 5.5, 15.5, 5.75, 15.75 ], "texture": "#4_2", "rotation": 90 },
				"south": { "uv": [ 5.5, 15.5, 5.75, 15.75 ], "texture": "#4_2", "rotation": 90 },
				"west": { "uv": [ 5.5, 15.75, 6.25, 16 ], "texture": "#4_2" },
				"east": { "uv": [ 5.5, 15.75, 6.25, 16 ], "texture": "#4_2" }
			}
		},
		{
			"__comment": "Box57",
			"from": [ 8, 0, 1 ],
			"to": [ 9, 0.5, 12.5 ],
			"faces": {
				"down": { "uv": [ 0, 14.75, 3.75, 15.25 ], "texture": "#4_2", "rotation": 90 },
				"up": { "uv": [ 0, 14.75, 3.75, 15.25 ], "texture": "#4_2", "rotation": 90 },
				"north": { "uv": [ 4.5, 15.75, 5, 16 ], "texture": "#4_2" },
				"south": { "uv": [ 4.5, 15.75, 5, 16 ], "texture": "#4_2" },
				"west": { "uv": [ 0, 14.5, 3.75, 14.75 ], "texture": "#4_2" },
				"east": { "uv": [ 0, 14.5, 3.75, 14.75 ], "texture": "#4_2" }
			}
		}
	],
	"display": {
		"thirdperson_righthand": {
			"rotation":  [ 69, 0, 0 ],
			"translation":  [ -1, 1.3913, 13.217 ],
			"scale":  [ 1.8, 1.8, 1.8 ]
		},
		"thirdperson_lefthand": {
			"rotation":  [ 69, 0, 0 ],
			"translation":  [ 1, 1.3913, 13.217 ],
			"scale":  [ 1.8, 1.8, 1.8 ]
		},
		"firstperson_righthand": {
			"rotation":  [ 25, 20, 0 ],
			"translation":  [ 6.2608, 8.3478, 0 ],
			"scale":  [ 1.8, 1.8, 1.8 ]
		},
		"firstperson_lefthand": {
			"rotation":  [ 25, 20, 0 ],
			"translation":  [ 6.2608, 8.3478, 0 ],
			"scale":  [ 1.8, 1.8, 1.8 ]
		},
		"gui": {
			"rotation":  [ 30, 225, 0 ],
			"translation":  [ 0, 8, 0 ],
			"scale":  [ 1.3, 1.3, 1.3 ]
		},
		"ground": {
			"translation":  [ 0, 8, 0 ],
			"scale":  [ 1.1, 1.1, 1.1 ]
		}
	}
}