{
	"credit": "Made by lipki#4053, with Blockbench",
	"texture_size": [64, 64],
	"textures": {
		"5": "custom/rover/curiosity_roue_fixe",
		"1_2": "custom/rover/curiosity_camera",
		"2_2": "custom/rover/curiosity_amortisseur",
		"3_2": "custom/rover/curiosity_power",
		"4_2": "custom/rover/curiosity_body",
		"particle": "custom/rover/curiosity_body"
	},
	"elements": [
		{
			"from": [-2, 28, -6.75],
			"to": [5, 32, -2.75],
			"rotation": {"angle": 0, "axis": "y", "origin": [1.5, 30, -4.75]},
			"faces": {
				"north": {"uv": [2, 2, 5.5, 4], "texture": "#1_2"},
				"east": {"uv": [0, 2, 2, 4], "texture": "#1_2"},
				"south": {"uv": [7.5, 2, 11, 4], "texture": "#1_2"},
				"west": {"uv": [5.5, 2, 7.5, 4], "texture": "#1_2"},
				"up": {"uv": [5.5, 2, 2, 0], "texture": "#1_2"},
				"down": {"uv": [9, 0, 5.5, 2], "texture": "#1_2"}
			}
		},
		{
			"from": [0.17597, 22, -7.13582],
			"to": [1.17597, 23, -5.13582],
			"rotation": {"angle": 22.5, "axis": "y", "origin": [0.67597, 22.5, -6.13582]},
			"faces": {
				"north": {"uv": [11, 11, 11.5, 11.5], "texture": "#1_2"},
				"east": {"uv": [10, 11, 11, 11.5], "texture": "#1_2"},
				"west": {"uv": [11.5, 11, 12.5, 11.5], "texture": "#1_2"},
				"up": {"uv": [11, 10, 11.5, 11], "rotation": 180, "texture": "#1_2"},
				"down": {"uv": [12, 10, 11.5, 11], "texture": "#1_2"}
			}
		},
		{
			"from": [-2.09099, 22, -3.65901],
			"to": [1.40901, 23, -2.65901],
			"rotation": {"angle": 45, "axis": "y", "origin": [-0.34099, 22.5, -3.15901]},
			"faces": {
				"north": {"uv": [10, 0.5, 11.5, 1], "texture": "#1_2"},
				"south": {"uv": [12, 0.5, 13.5, 1], "texture": "#1_2"},
				"west": {"uv": [11.5, 0.5, 12, 1], "texture": "#1_2"},
				"up": {"uv": [10, 0, 11.5, 0.5], "rotation": 180, "texture": "#1_2"},
				"down": {"uv": [11.5, 0, 13, 0.5], "rotation": 180, "texture": "#1_2"}
			}
		},
		{
			"from": [1.50261, 22, -4.00628],
			"to": [7.00261, 23, -3.00628],
			"rotation": {"angle": -22.5, "axis": "y", "origin": [4.25261, 22.5, -3.50628]},
			"faces": {
				"north": {"uv": [8.5, 5, 11, 5.5], "texture": "#1_2"},
				"east": {"uv": [8, 5, 8.5, 5.5], "texture": "#1_2"},
				"south": {"uv": [11.5, 5, 14, 5.5], "texture": "#1_2"},
				"up": {"uv": [8.5, 4.5, 11, 5], "rotation": 180, "texture": "#1_2"},
				"down": {"uv": [11, 4.5, 13.5, 5], "texture": "#1_2"}
			}
		},
		{
			"from": [-1, 19.5, -6.75],
			"to": [4, 20.5, -1.75],
			"rotation": {"angle": 0, "axis": "y", "origin": [1.5, 20, -4.25]},
			"faces": {
				"north": {"uv": [0, 7, 2.5, 7.5], "texture": "#1_2"},
				"east": {"uv": [7.5, 7, 10, 7.5], "texture": "#1_2"},
				"south": {"uv": [5, 7, 7.5, 7.5], "texture": "#1_2"},
				"west": {"uv": [2.5, 7, 5, 7.5], "texture": "#1_2"},
				"up": {"uv": [5, 7, 2.5, 4.5], "texture": "#1_2"},
				"down": {"uv": [7.5, 4.5, 5, 7], "texture": "#1_2"}
			}
		},
		{
			"from": [-3, 26, -5.75],
			"to": [1, 29, -2.75],
			"rotation": {"angle": 0, "axis": "y", "origin": [-1, 27.5, -4.25]},
			"faces": {
				"north": {"uv": [1.5, 9.5, 3.5, 11], "texture": "#1_2"},
				"east": {"uv": [0, 9.5, 1.5, 11], "texture": "#1_2"},
				"south": {"uv": [5, 9.5, 7, 11], "texture": "#1_2"},
				"west": {"uv": [3.5, 9.5, 5, 11], "texture": "#1_2"},
				"up": {"uv": [3.5, 9.5, 1.5, 8], "texture": "#1_2"},
				"down": {"uv": [5.5, 8, 3.5, 9.5], "texture": "#1_2"}
			}
		},
		{
			"from": [0.5, 17, -5.5],
			"to": [2, 29, -4],
			"rotation": {"angle": 0, "axis": "y", "origin": [1.25, 23, -4.75]},
			"faces": {
				"north": {"uv": [8, 8.5, 8.5, 14.5], "texture": "#1_2"},
				"east": {"uv": [7.5, 8.5, 8, 14.5], "texture": "#1_2"},
				"south": {"uv": [9, 8.5, 9.5, 14.5], "texture": "#1_2"},
				"west": {"uv": [8.5, 8.5, 9, 14.5], "texture": "#1_2"},
				"up": {"uv": [4.25, 4.25, 4, 4], "texture": "#1_2"},
				"down": {"uv": [4.5, 4, 4.25, 4.25], "texture": "#1_2"}
			}
		},
		{
			"name": "power",
			"from": [2, 15, 21.5],
			"to": [14, 23, 30.5],
			"rotation": {"angle": -22.5, "axis": "x", "origin": [2.25, 15.25, 27.25]},
			"faces": {
				"east": {"uv": [0, 9, 4.5, 13], "texture": "#3_2"},
				"south": {"uv": [6, 6, 12, 10], "texture": "#3_2"},
				"west": {"uv": [0, 9, 4.5, 13], "texture": "#3_2"},
				"up": {"uv": [6, 4.5, 0, 0], "texture": "#3_2"},
				"down": {"uv": [6, 4.5, 0, 9], "texture": "#3_2"}
			}
		},
		{
			"name": "power",
			"from": [2.5, 15.5, 30.5],
			"to": [13.5, 22.5, 31.5],
			"rotation": {"angle": -22.5, "axis": "x", "origin": [2.25, 15.25, 27.25]},
			"faces": {
				"east": {"uv": [4.5, 9, 5, 12.5], "texture": "#3_2"},
				"south": {"uv": [6, 0, 11.5, 3.5], "texture": "#3_2"},
				"west": {"uv": [4.5, 9, 5, 12.5], "rotation": 180, "texture": "#3_2"},
				"up": {"uv": [10.5, 12.5, 5, 12], "texture": "#3_2"},
				"down": {"uv": [10.5, 11.5, 5, 12], "texture": "#3_2"}
			}
		},
		{
			"name": "power",
			"from": [3, 16.2, 14],
			"to": [13, 20.2, 19],
			"rotation": {"angle": -45, "axis": "x", "origin": [3.5, 20.22, 18.98]},
			"faces": {
				"east": {"uv": [11, 3.5, 13.5, 5.5], "texture": "#3_2"},
				"west": {"uv": [11, 3.5, 13.5, 5.5], "texture": "#3_2"},
				"up": {"uv": [11, 6, 6, 3.5], "texture": "#3_2"},
				"down": {"uv": [4.75, 5, 2.25, 6.25], "texture": "#3_2"}
			}
		},
		{
			"name": "power",
			"from": [2, 12.82, 19.05],
			"to": [14, 15.32, 22.05],
			"rotation": {"angle": 0, "axis": "y", "origin": [2.5, 17.22, 23.98]},
			"faces": {
				"east": {"uv": [11.5, 0, 13, 1.5], "texture": "#3_2"},
				"west": {"uv": [13, 0, 11.5, 1.5], "texture": "#3_2"},
				"down": {"uv": [11, 10, 5, 11.5], "texture": "#3_2"}
			}
		},
		{
			"name": "cylindre noir",
			"from": [12.2329, 19.5, -0.95503],
			"to": [16.2329, 20.5, 3.04497],
			"rotation": {"angle": 22.5, "axis": "y", "origin": [14.4829, 20, 1.04497]},
			"faces": {
				"north": {"uv": [9.5, 9.25, 10.5, 9.5], "texture": "#4_2"},
				"east": {"uv": [10.5, 10.25, 11.5, 10.5], "texture": "#4_2"},
				"south": {"uv": [11.75, 1.5, 12.75, 1.75], "texture": "#4_2"},
				"west": {"uv": [11.75, 1.75, 12.75, 2], "texture": "#4_2"},
				"up": {"uv": [4.75, 11.75, 3.75, 10.75], "texture": "#4_2"},
				"down": {"uv": [5.75, 10.75, 4.75, 11.75], "texture": "#4_2"}
			}
		},
		{
			"name": "cylindre noir",
			"from": [11.5, 19, 2.5],
			"to": [14.5, 20, 5.5],
			"rotation": {"angle": -22.5, "axis": "y", "origin": [13, 19.5, 4.125]},
			"faces": {
				"north": {"uv": [9.25, 12, 10, 12.25], "texture": "#4_2"},
				"east": {"uv": [12, 12, 12.75, 12.25], "texture": "#4_2"},
				"south": {"uv": [12, 0, 12.75, 0.25], "texture": "#4_2"},
				"west": {"uv": [12, 0.25, 12.75, 0.5], "texture": "#4_2"},
				"up": {"uv": [10, 12, 9.25, 11.25], "texture": "#4_2"},
				"down": {"uv": [0.75, 11.5, 0, 12.25], "texture": "#4_2"}
			}
		},
		{
			"name": "cylindre noir",
			"from": [12, 17, 3],
			"to": [14, 19.5, 5],
			"rotation": {"angle": 0, "axis": "y", "origin": [10, 17.25, 2.25]},
			"faces": {
				"north": {"uv": [11.5, 11.5, 12, 12.25], "texture": "#4_2"},
				"east": {"uv": [11.5, 6.5, 12, 7.25], "texture": "#4_2"},
				"south": {"uv": [11.5, 9.25, 12, 10], "texture": "#4_2"},
				"west": {"uv": [11.5, 10, 12, 10.75], "texture": "#4_2"}
			}
		},
		{
			"name": "cylindre noir",
			"from": [13.25, 21.5, 17.5],
			"to": [17.25, 28.5, 21.5],
			"rotation": {"angle": 0, "axis": "y", "origin": [12.5, 21.75, 17.75]},
			"faces": {
				"north": {"uv": [8.5, 4.25, 9.5, 6], "texture": "#4_2"},
				"east": {"uv": [8.5, 6, 9.5, 7.75], "texture": "#4_2"},
				"south": {"uv": [8.5, 9.25, 9.5, 11], "texture": "#4_2"},
				"west": {"uv": [9.5, 9.5, 10.5, 11.25], "texture": "#4_2"},
				"up": {"uv": [11.5, 11.5, 10.5, 10.5], "texture": "#4_2"},
				"down": {"uv": [11.5, 9.25, 10.5, 10.25], "texture": "#4_2"}
			}
		},
		{
			"name": "cylindre noir",
			"from": [14.25, 19, 18.501],
			"to": [16.25, 21.5, 20.501],
			"rotation": {"angle": 0, "axis": "y", "origin": [12.5, 19.25, 17.75]},
			"faces": {
				"north": {"uv": [9, 3.5, 9.5, 4.25], "texture": "#4_2"},
				"east": {"uv": [3.75, 10, 4.25, 10.75], "texture": "#4_2"},
				"south": {"uv": [10.5, 11.5, 11, 12.25], "texture": "#4_2"},
				"west": {"uv": [11, 11.5, 11.5, 12.25], "texture": "#4_2"}
			}
		},
		{
			"from": [6, 18.5, -8.25],
			"to": [7, 19.5, -7.75],
			"rotation": {"angle": -22.5, "axis": "y", "origin": [7.8125, 18.5625, -6.1875]},
			"faces": {
				"north": {"uv": [8.25, 10.75, 8.5, 11], "texture": "#4_2"},
				"east": {"uv": [9.25, 11, 9.5, 11.25], "texture": "#4_2"},
				"west": {"uv": [11.25, 7.5, 11.5, 7.75], "texture": "#4_2"},
				"up": {"uv": [11.25, 12.5, 11, 12.25], "texture": "#4_2"},
				"down": {"uv": [11.5, 12.25, 11.25, 12.5], "texture": "#4_2"}
			}
		},
		{
			"from": [7, 17.5, -8.25],
			"to": [8, 18.5, -7.75],
			"rotation": {"angle": -22.5, "axis": "y", "origin": [7.8125, 18.5625, -6.1875]},
			"faces": {
				"north": {"uv": [8.25, 10.75, 8.5, 11], "texture": "#4_2"},
				"east": {"uv": [11.25, 12.25, 11.5, 12.5], "texture": "#4_2"},
				"south": {"uv": [0, 0, 0, 0], "texture": "#4_2"},
				"west": {"uv": [11.25, 12.25, 11.5, 12.5], "texture": "#4_2"},
				"up": {"uv": [11.25, 12.25, 11, 12.5], "texture": "#4_2"},
				"down": {"uv": [11.25, 7.5, 11.5, 7.75], "texture": "#4_2"}
			}
		},
		{
			"from": [8.5, 18, -8.25],
			"to": [10, 19.5, -7.75],
			"rotation": {"angle": -22.5, "axis": "y", "origin": [7.8125, 18.5625, -6.1875]},
			"faces": {
				"north": {"uv": [8.25, 10.75, 8.5, 11], "texture": "#4_2"},
				"east": {"uv": [11, 12.25, 11.25, 12.5], "texture": "#4_2"},
				"south": {"uv": [0, 0, 0, 0], "texture": "#4_2"},
				"west": {"uv": [9.25, 11, 9.5, 11.25], "texture": "#4_2"},
				"up": {"uv": [11.5, 7.5, 11.25, 7.75], "texture": "#4_2"},
				"down": {"uv": [9.5, 11, 9.25, 11.25], "texture": "#4_2"}
			}
		},
		{
			"from": [5.5, 13.5, -8],
			"to": [10.5, 16.5, -7],
			"rotation": {"angle": -45, "axis": "x", "origin": [5.5, 16.5, -8]},
			"faces": {
				"north": {"uv": [5.75, 10.75, 7, 11.5], "texture": "#4_2"},
				"east": {"uv": [11.75, 2, 12, 2.75], "texture": "#4_2"},
				"south": {"uv": [7, 10.75, 8.25, 11.5], "texture": "#4_2"},
				"west": {"uv": [4, 12, 4.25, 12.75], "texture": "#4_2"},
				"up": {"uv": [11.5, 8.5, 10.25, 8.25], "texture": "#4_2"}
			}
		},
		{
			"from": [5.5, 17, -8],
			"to": [10.5, 20, -4],
			"rotation": {"angle": -22.5, "axis": "y", "origin": [7.8125, 18.5625, -6.1875]},
			"faces": {
				"north": {"uv": [10.75, 0, 12, 0.75], "texture": "#4_2"},
				"east": {"uv": [10.75, 1.5, 11.75, 2.25], "texture": "#4_2"},
				"south": {"uv": [10.75, 0.75, 12, 1.5], "texture": "#4_2"},
				"west": {"uv": [10.75, 2.25, 11.75, 3], "texture": "#4_2"},
				"up": {"uv": [10.75, 6.5, 9.5, 5.5], "texture": "#4_2"},
				"down": {"uv": [10.75, 6.5, 9.5, 7.5], "texture": "#4_2"}
			}
		},
		{
			"name": "body",
			"from": [-0.5, 10, -7],
			"to": [16.5, 17, 19],
			"rotation": {"angle": 0, "axis": "y", "origin": [9.5, 14, 8]},
			"faces": {
				"north": {"uv": [0, 6.5, 4.25, 8.25], "texture": "#4_2"},
				"east": {"uv": [4.25, 0, 10.75, 1.75], "texture": "#4_2"},
				"south": {"uv": [0, 8.25, 4.25, 10], "texture": "#4_2"},
				"west": {"uv": [4.25, 1.75, 10.75, 3.5], "texture": "#4_2"},
				"up": {"uv": [4.25, 6.5, 0, 0], "texture": "#4_2"},
				"down": {"uv": [8.5, 4.25, 4.25, 10.75], "texture": "#4_2"}
			}
		},
		{
			"name": "arc",
			"from": [5, 20, 18.499],
			"to": [11, 22, 20.499],
			"rotation": {"angle": 0, "axis": "y", "origin": [8.66376, 21.75492, 19.5]},
			"faces": {
				"north": {"uv": [10.75, 3, 12.25, 3.5], "texture": "#4_2"},
				"south": {"uv": [10.75, 5.5, 12.25, 6], "texture": "#4_2"},
				"up": {"uv": [12.25, 6.5, 10.75, 6], "texture": "#4_2"}
			}
		},
		{
			"name": "direction",
			"from": [-1.5, 17, 10],
			"to": [17.5, 18, 12.5],
			"rotation": {"angle": 0, "axis": "y", "origin": [6.5, 25, 18]},
			"faces": {
				"north": {"uv": [8.5, 7.75, 13.25, 8], "texture": "#4_2"},
				"east": {"uv": [11.75, 2.75, 12.5, 3], "texture": "#4_2"},
				"south": {"uv": [8.5, 8, 13.25, 8.25], "texture": "#4_2"},
				"west": {"uv": [4.25, 12, 5, 12.25], "texture": "#4_2"},
				"up": {"uv": [9, 4.25, 4.25, 3.5], "texture": "#4_2"},
				"down": {"uv": [13.25, 8.5, 8.5, 9.25], "texture": "#4_2"}
			}
		},
		{
			"from": [9, 17, 13],
			"to": [10, 17.5, 14],
			"rotation": {"angle": 0, "axis": "y", "origin": [17, 25, 21]},
			"faces": {
				"north": {"uv": [12.25, 2, 12.5, 2.25], "texture": "#4_2"},
				"east": {"uv": [12.25, 2.25, 12.5, 2.5], "texture": "#4_2"},
				"south": {"uv": [12.25, 2.5, 12.5, 2.75], "texture": "#4_2"},
				"west": {"uv": [12.25, 3, 12.5, 3.25], "texture": "#4_2"},
				"up": {"uv": [12.5, 3.5, 12.25, 3.25], "texture": "#4_2"}
			}
		},
		{
			"from": [8, 17, 14],
			"to": [9, 17.5, 15],
			"rotation": {"angle": 0, "axis": "y", "origin": [16, 25, 22]},
			"faces": {
				"north": {"uv": [12.25, 2, 12.5, 2.25], "texture": "#4_2"},
				"east": {"uv": [12.25, 2.25, 12.5, 2.5], "texture": "#4_2"},
				"south": {"uv": [12.25, 2.5, 12.5, 2.75], "texture": "#4_2"},
				"west": {"uv": [12.25, 3, 12.5, 3.25], "texture": "#4_2"},
				"up": {"uv": [12.5, 3.5, 12.25, 3.25], "texture": "#4_2"}
			}
		},
		{
			"from": [10, 17, 13.5],
			"to": [11, 17.5, 14.5],
			"rotation": {"angle": 0, "axis": "y", "origin": [18, 25, 21.5]},
			"faces": {
				"north": {"uv": [12.25, 2, 12.5, 2.25], "texture": "#4_2"},
				"east": {"uv": [12.25, 2.25, 12.5, 2.5], "texture": "#4_2"},
				"south": {"uv": [12.25, 2.5, 12.5, 2.75], "texture": "#4_2"},
				"west": {"uv": [12.25, 3, 12.5, 3.25], "texture": "#4_2"},
				"up": {"uv": [12.5, 3.5, 12.25, 3.25], "texture": "#4_2"}
			}
		},
		{
			"from": [-1.059, 13.5, 10.70078],
			"to": [-0.059, 15, 11.70078],
			"shade": false,
			"rotation": {"angle": -22.5, "axis": "y", "origin": [-0.44103, 14.75, 11.20078]},
			"faces": {
				"north": {"uv": [9.25, 12.25, 9.5, 12.75], "texture": "#4_2"},
				"south": {"uv": [6.75, 12.25, 7, 12.75], "texture": "#4_2"},
				"west": {"uv": [7, 12.25, 7.25, 12.75], "texture": "#4_2"},
				"up": {"uv": [12.25, 12.5, 12, 12.25], "rotation": 180, "texture": "#4_2"},
				"down": {"uv": [12.5, 12.25, 12.25, 12.5], "rotation": 180, "texture": "#4_2"}
			}
		},
		{
			"from": [19.5, 14, -3.5],
			"to": [20.5, 15.5, -2.5],
			"shade": false,
			"rotation": {"angle": 22.5, "axis": "y", "origin": [12.5, 22, 4.5]},
			"faces": {
				"north": {"uv": [6.75, 12.25, 7, 12.75], "texture": "#4_2"},
				"east": {"uv": [7, 12.25, 7.25, 12.75], "texture": "#4_2"},
				"south": {"uv": [9.25, 12.25, 9.5, 12.75], "texture": "#4_2"},
				"up": {"uv": [12.25, 12.5, 12, 12.25], "texture": "#4_2"},
				"down": {"uv": [12.5, 12.25, 12.25, 12.5], "texture": "#4_2"}
			}
		},
		{
			"from": [-1, 12, 2],
			"to": [-0.5, 15, 3],
			"shade": false,
			"rotation": {"angle": 0, "axis": "y", "origin": [-0.75, 13.5, 2.5]},
			"faces": {
				"north": {"uv": [12, 2, 12.25, 2.75], "texture": "#4_2"},
				"south": {"uv": [5, 12, 5.25, 12.75], "texture": "#4_2"},
				"west": {"uv": [12, 0.5, 12.25, 1.25], "texture": "#4_2"},
				"up": {"uv": [11.75, 12.5, 11.5, 12.25], "rotation": 180, "texture": "#4_2"},
				"down": {"uv": [12, 12.25, 11.75, 12.5], "rotation": 180, "texture": "#4_2"}
			}
		},
		{
			"from": [16.5, 12, 11],
			"to": [17, 15, 12],
			"shade": false,
			"rotation": {"angle": 0, "axis": "y", "origin": [9, 20, 19]},
			"faces": {
				"north": {"uv": [5, 12, 5.25, 12.75], "texture": "#4_2"},
				"east": {"uv": [12, 0.5, 12.25, 1.25], "texture": "#4_2"},
				"south": {"uv": [12, 2, 12.25, 2.75], "texture": "#4_2"},
				"up": {"uv": [11.75, 12.5, 11.5, 12.25], "texture": "#4_2"},
				"down": {"uv": [12, 12.25, 11.75, 12.5], "texture": "#4_2"}
			}
		},
		{
			"name": "tube",
			"from": [0.5, 20.5, 14],
			"to": [1.5, 21, 20.5],
			"rotation": {"angle": -45, "axis": "x", "origin": [0.75, 20.75, 19.75]},
			"faces": {
				"east": {"uv": [8.5, 8.25, 10.25, 8.5], "texture": "#4_2"},
				"south": {"uv": [12.25, 0.5, 12.5, 0.75], "texture": "#4_2"},
				"west": {"uv": [9.5, 7.5, 11.25, 7.75], "texture": "#4_2"},
				"up": {"uv": [10.25, 13, 10, 11.25], "texture": "#4_2"}
			}
		},
		{
			"name": "tube",
			"from": [0.5, 17, 13.5],
			"to": [1.5, 17.5, 16.5],
			"rotation": {"angle": 0, "axis": "y", "origin": [0.75, 17.25, 19.25]},
			"faces": {
				"north": {"uv": [12.25, 0.75, 12.5, 1], "texture": "#4_2"},
				"east": {"uv": [12, 1.25, 12.75, 1.5], "texture": "#4_2"},
				"west": {"uv": [12, 6.5, 12.75, 6.75], "texture": "#4_2"},
				"up": {"uv": [12.25, 10, 12, 9.25], "texture": "#4_2"}
			}
		},
		{
			"name": "tube",
			"from": [1.5, 17, 13.5],
			"to": [6.5, 17.5, 14.5],
			"rotation": {"angle": 0, "axis": "y", "origin": [-1.25, 17.25, 13.75]},
			"faces": {
				"north": {"uv": [11.5, 8.25, 12.75, 8.5], "texture": "#4_2"},
				"east": {"uv": [12.25, 1, 12.5, 1.25], "texture": "#4_2"},
				"south": {"uv": [11.5, 11.25, 12.75, 11.5], "texture": "#4_2"},
				"up": {"uv": [5.25, 12, 4, 11.75], "texture": "#4_2"}
			}
		},
		{
			"from": [-1.5, 17, 7],
			"to": [-0.5, 18, 10],
			"rotation": {"angle": 0, "axis": "y", "origin": [6.5, 25, 15]},
			"faces": {
				"north": {"uv": [12.25, 3.5, 12.5, 3.75], "texture": "#4_2"},
				"east": {"uv": [12, 6.75, 12.75, 7], "texture": "#4_2"},
				"west": {"uv": [12, 7, 12.75, 7.25], "texture": "#4_2"},
				"up": {"uv": [12.25, 10.75, 12, 10], "texture": "#4_2"},
				"down": {"uv": [0.25, 12.25, 0, 13], "texture": "#4_2"}
			}
		},
		{
			"from": [-1.5, 10, 7],
			"to": [-0.5, 17, 8],
			"rotation": {"angle": 0, "axis": "y", "origin": [6.5, 18, 15]},
			"faces": {
				"north": {"uv": [10.25, 11.25, 10.5, 13], "texture": "#4_2"},
				"east": {"uv": [7.25, 11.5, 7.5, 13.25], "texture": "#4_2"},
				"south": {"uv": [7.5, 11.5, 7.75, 13.25], "texture": "#4_2"},
				"west": {"uv": [7.75, 11.5, 8, 13.25], "texture": "#4_2"},
				"down": {"uv": [12.5, 3.75, 12.25, 4], "texture": "#4_2"}
			}
		},
		{
			"name": "arc",
			"from": [0.5, 20, 18.5],
			"to": [5, 22, 20.5],
			"rotation": {"angle": 22.5, "axis": "z", "origin": [5, 22, 19.5]},
			"faces": {
				"north": {"uv": [11, 3.5, 12.25, 4], "texture": "#4_2"},
				"south": {"uv": [11, 4, 12.25, 4.5], "texture": "#4_2"},
				"west": {"uv": [5.25, 11.75, 5.75, 12.25], "texture": "#4_2"},
				"up": {"uv": [12.25, 5, 11, 4.5], "texture": "#4_2"},
				"down": {"uv": [12.25, 5, 11, 5.5], "texture": "#4_2"}
			}
		},
		{
			"from": [-0.5, 10, -7],
			"to": [0, 16, -4.5],
			"shade": false,
			"rotation": {"angle": -22.5, "axis": "x", "origin": [0, 10, -7]},
			"faces": {
				"north": {"uv": [8, 11.5, 8.25, 13], "texture": "#4_2"},
				"east": {"uv": [2.3125, 10, 3, 11.5], "texture": "#4_2"},
				"south": {"uv": [3.75, 11.75, 4, 13.25], "texture": "#4_2"},
				"west": {"uv": [3, 10, 3.6875, 11.5], "texture": "#4_2"},
				"up": {"uv": [0.5, 13, 0.25, 12.25], "texture": "#4_2"},
				"down": {"uv": [0.75, 12.25, 0.5, 13], "texture": "#4_2"}
			}
		},
		{
			"from": [1.5, 10, -7],
			"to": [2, 16, -4.5],
			"shade": false,
			"rotation": {"angle": -22.5, "axis": "x", "origin": [2, 10, -7]},
			"faces": {
				"north": {"uv": [8, 11.5, 8.25, 13], "texture": "#4_2"},
				"east": {"uv": [2.3125, 10, 3, 11.5], "texture": "#4_2"},
				"south": {"uv": [3.75, 11.75, 4, 13.25], "texture": "#4_2"},
				"west": {"uv": [3, 10, 3.6875, 11.5], "texture": "#4_2"},
				"up": {"uv": [0.5, 13, 0.25, 12.25], "texture": "#4_2"},
				"down": {"uv": [0.75, 12.25, 0.5, 13], "texture": "#4_2"}
			}
		},
		{
			"from": [-0.5, 15.55, -9.29],
			"to": [2, 17, -6.79],
			"shade": false,
			"rotation": {"angle": 0, "axis": "y", "origin": [-6, 23.5, -1.5]},
			"faces": {
				"north": {"uv": [12, 11.5, 12.75, 11.75], "texture": "#4_2"},
				"east": {"uv": [12, 11.75, 12.75, 12], "texture": "#4_2"},
				"south": {"uv": [0.75, 12.25, 1.5, 12.5], "texture": "#4_2"},
				"west": {"uv": [1.5, 12.25, 2.25, 12.5], "texture": "#4_2"},
				"up": {"uv": [1.5, 12.25, 0.75, 11.5], "texture": "#4_2"},
				"down": {"uv": [2.25, 11.5, 1.5, 12.25], "texture": "#4_2"}
			}
		},
		{
			"from": [-0.5, 17.55, -9.29],
			"to": [2, 18.05, -6.79],
			"shade": false,
			"rotation": {"angle": 0, "axis": "y", "origin": [-6, 25.5, -1.5]},
			"faces": {
				"north": {"uv": [2.25, 12.25, 3, 12.5], "texture": "#4_2"},
				"east": {"uv": [3, 12.25, 3.75, 12.5], "texture": "#4_2"},
				"west": {"uv": [4.25, 12.25, 5, 12.5], "texture": "#4_2"},
				"up": {"uv": [3, 12.25, 2.25, 11.5], "texture": "#4_2"},
				"down": {"uv": [3.75, 11.5, 3, 12.25], "texture": "#4_2"}
			}
		},
		{
			"from": [-0.5, 17.55, -6.79],
			"to": [2, 18.05, -3.79],
			"shade": false,
			"rotation": {"angle": 22.5, "axis": "x", "origin": [-0.75, 18.05, -6.8]},
			"faces": {
				"east": {"uv": [5.25, 12.25, 6, 12.5], "texture": "#4_2"},
				"west": {"uv": [6, 12.25, 6.75, 12.5], "texture": "#4_2"},
				"up": {"uv": [6.5, 12.25, 5.75, 11.5], "texture": "#4_2"},
				"down": {"uv": [7.25, 11.5, 6.5, 12.25], "texture": "#4_2"}
			}
		},
		{
			"name": "fixe",
			"from": [-0.5, 10.8, 19],
			"to": [2, 16.3, 21],
			"rotation": {"angle": 0, "axis": "y", "origin": [7.5, 19, 27]},
			"faces": {
				"east": {"uv": [8.25, 11, 8.75, 12.5], "texture": "#4_2"},
				"south": {"uv": [0, 10, 0.75, 11.5], "texture": "#4_2"},
				"west": {"uv": [8.75, 11, 9.25, 12.5], "texture": "#4_2"},
				"down": {"uv": [12.25, 7.25, 11.5, 7.75], "texture": "#4_2"}
			}
		},
		{
			"name": "fixe",
			"from": [-0.5, 10.43, 17.1],
			"to": [2, 11.43, 19.2],
			"rotation": {"angle": -22.5, "axis": "x", "origin": [0.75, 14.94112, 19.13564]},
			"faces": {
				"east": {"uv": [9.5, 12.25, 10, 12.5], "texture": "#4_2"},
				"west": {"uv": [10.5, 12.25, 11, 12.5], "texture": "#4_2"},
				"down": {"uv": [12.25, 10.75, 11.5, 11.25], "texture": "#4_2"}
			}
		},
		{
			"name": "fixe",
			"from": [-0.499, 17, 17.5],
			"to": [2.001, 21, 23.5],
			"rotation": {"angle": -45, "axis": "x", "origin": [-0.25, 17.25, 21.75]},
			"faces": {
				"east": {"uv": [9.5, 3.5, 11, 4.5], "texture": "#4_2"},
				"south": {"uv": [10.75, 6.5, 11.5, 7.5], "texture": "#4_2"},
				"west": {"uv": [9.5, 4.5, 11, 5.5], "texture": "#4_2"},
				"up": {"uv": [1.5, 11.5, 0.75, 10], "texture": "#4_2"},
				"down": {"uv": [2.25, 10, 1.5, 11.5], "texture": "#4_2"}
			}
		},
		{
			"from": [3.6, 12.5, 14.5],
			"to": [4.6, 18.5, 16.5],
			"shade": false,
			"rotation": {"angle": -45, "axis": "z", "origin": [-4, 21.5, 31.5]},
			"faces": {
				"north": {"uv": [0, 8, 1, 14], "texture": "#2_2"},
				"east": {"uv": [0, 0, 2, 6], "texture": "#2_2"},
				"south": {"uv": [0, 8, 1, 14], "texture": "#2_2"},
				"west": {"uv": [2, 2, 4, 8], "texture": "#2_2"},
				"up": {"uv": [4, 2, 5, 4], "texture": "#2_2"},
				"down": {"uv": [9, 12, 10, 14], "texture": "#2_2"}
			}
		},
		{
			"from": [-0.9, 10, 14.5],
			"to": [0.1, 13.5, 16.5],
			"shade": false,
			"rotation": {"angle": 0, "axis": "y", "origin": [-8.5, 19.5, 31.5]},
			"faces": {
				"north": {"uv": [0, 8, 1, 12], "texture": "#2_2"},
				"east": {"uv": [0, 0, 2, 4], "texture": "#2_2"},
				"south": {"uv": [1, 8, 2, 12], "texture": "#2_2"},
				"west": {"uv": [2, 2, 4, 6], "texture": "#2_2"},
				"up": {"uv": [4, 2, 5, 4], "texture": "#2_2"},
				"down": {"uv": [9, 12, 10, 14], "texture": "#2_2"}
			}
		},
		{
			"name": "axe",
			"from": [-5, 9, 14.5],
			"to": [-4, 10, 24.5],
			"rotation": {"angle": 0, "axis": "y", "origin": [3, 17, 22.5]},
			"faces": {
				"north": {"uv": [9, 8, 10, 9], "texture": "#2_2"},
				"east": {"uv": [2, 0, 12, 1], "texture": "#2_2"},
				"west": {"uv": [2, 1, 12, 2], "texture": "#2_2"},
				"up": {"uv": [5, 14, 4, 4], "texture": "#2_2"},
				"down": {"uv": [6, 5, 5, 14.75], "texture": "#2_2"}
			}
		},
		{
			"from": [-3, 9, 23],
			"to": [0, 10, 24],
			"rotation": {"angle": -22.5, "axis": "z", "origin": [-3, 10, 23.5]},
			"faces": {
				"north": {"uv": [6, 5, 9, 6], "texture": "#2_2"},
				"east": {"uv": [12, 13, 13, 14], "texture": "#2_2"},
				"south": {"uv": [10, 4, 13, 5], "texture": "#2_2"},
				"up": {"uv": [14, 6, 11, 5], "texture": "#2_2"},
				"down": {"uv": [14, 6, 11, 7], "texture": "#2_2"}
			}
		},
		{
			"from": [-0.55, 2.7, 23],
			"to": [0.45, 7.7, 24],
			"rotation": {"angle": -22.5, "axis": "z", "origin": [0.5, 10.5, 23.5]},
			"faces": {
				"north": {"uv": [2, 10, 3, 15], "texture": "#2_2"},
				"east": {"uv": [3, 10, 4, 15], "texture": "#2_2"},
				"south": {"uv": [10, 10, 11, 15], "texture": "#2_2"},
				"west": {"uv": [11, 11, 12, 16], "texture": "#2_2"}
			}
		},
		{
			"from": [-5.5, 8.5, 22.5],
			"to": [-3.5, 11, 24.5],
			"rotation": {"angle": 0, "axis": "y", "origin": [2.5, 16.5, 30.5]},
			"faces": {
				"north": {"uv": [8, 2, 10, 5], "texture": "#2_2"},
				"east": {"uv": [6, 9, 8, 12], "texture": "#2_2"},
				"south": {"uv": [8, 9, 10, 12], "texture": "#2_2"},
				"west": {"uv": [9, 5, 11, 8], "texture": "#2_2"},
				"up": {"uv": [10, 2, 12, 4], "texture": "#2_2"},
				"down": {"uv": [10, 8, 12, 10], "texture": "#2_2"}
			}
		},
		{
			"from": [-6, 9, 22],
			"to": [-3, 10, 25],
			"rotation": {"angle": 0, "axis": "y", "origin": [2, 17, 30]},
			"faces": {
				"north": {"uv": [11, 7, 14, 8], "texture": "#2_2"},
				"east": {"uv": [11, 10, 14, 11], "texture": "#2_2"},
				"south": {"uv": [6, 12, 9, 13], "texture": "#2_2"},
				"west": {"uv": [12, 12, 15, 13], "texture": "#2_2"},
				"up": {"uv": [5, 2, 8, 5], "texture": "#2_2"},
				"down": {"uv": [9, 6, 6, 9], "texture": "#2_2"}
			}
		},
		{
			"from": [-5, 11, 23],
			"to": [-4, 13, 24],
			"rotation": {"angle": 0, "axis": "y", "origin": [3, 19, 31]},
			"faces": {
				"north": {"uv": [12, 0, 13, 2], "texture": "#2_2"},
				"east": {"uv": [12, 2, 13, 4], "texture": "#2_2"},
				"south": {"uv": [12, 8, 13, 10], "texture": "#2_2"},
				"west": {"uv": [6, 13, 7, 15], "texture": "#2_2"},
				"up": {"uv": [13, 0, 14, 1], "texture": "#2_2"}
			}
		},
		{
			"from": [-7.5, 2.5, 26.75],
			"to": [-2.5, 5.5, 27.25],
			"rotation": {"angle": 45, "axis": "x", "origin": [-5.51923, 3.75, 23.5]},
			"faces": {
				"north": {"uv": [5, 3, 10, 6], "texture": "#5"},
				"east": {"uv": [10, 0, 11, 3], "rotation": 180, "texture": "#5"},
				"south": {"uv": [5, 0, 10, 3], "texture": "#5"},
				"west": {"uv": [10, 0, 11, 3], "texture": "#5"},
				"up": {"uv": [5, 6, 10, 7], "texture": "#5"},
				"down": {"uv": [10, 6, 5, 7], "texture": "#5"}
			}
		},
		{
			"from": [-7.5, 2, 19.75],
			"to": [-2.5, 5, 20.25],
			"rotation": {"angle": 45, "axis": "x", "origin": [-5.51923, 3.75, 23.5]},
			"faces": {
				"north": {"uv": [5, 0, 10, 3], "rotation": 180, "texture": "#5"},
				"east": {"uv": [10, 0, 11, 3], "texture": "#5"},
				"south": {"uv": [5, 3, 10, 6], "rotation": 180, "texture": "#5"},
				"west": {"uv": [10, 0, 11, 3], "rotation": 180, "texture": "#5"},
				"up": {"uv": [10, 6, 5, 7], "texture": "#5"},
				"down": {"uv": [5, 6, 10, 7], "texture": "#5"}
			}
		},
		{
			"from": [-7.5, 7, 21.75],
			"to": [-2.5, 7.5, 24.75],
			"rotation": {"angle": 45, "axis": "x", "origin": [-5.51923, 3.75, 23.5]},
			"faces": {
				"north": {"uv": [5, 6, 10, 7], "rotation": 180, "texture": "#5"},
				"east": {"uv": [10, 0, 11, 3], "rotation": 270, "texture": "#5"},
				"south": {"uv": [10, 6, 5, 7], "texture": "#5"},
				"west": {"uv": [10, 0, 11, 3], "rotation": 270, "texture": "#5"},
				"up": {"uv": [5, 0, 10, 3], "texture": "#5"},
				"down": {"uv": [5, 3, 10, 6], "rotation": 180, "texture": "#5"}
			}
		},
		{
			"from": [-7.5, 0, 22.25],
			"to": [-2.5, 0.5, 25.25],
			"rotation": {"angle": 45, "axis": "x", "origin": [-5.51923, 3.75, 23.5]},
			"faces": {
				"north": {"uv": [10, 6, 5, 7], "rotation": 180, "texture": "#5"},
				"east": {"uv": [10, 0, 11, 3], "rotation": 90, "texture": "#5"},
				"south": {"uv": [5, 6, 10, 7], "texture": "#5"},
				"west": {"uv": [10, 0, 11, 3], "rotation": 90, "texture": "#5"},
				"up": {"uv": [5, 3, 10, 6], "rotation": 180, "texture": "#5"},
				"down": {"uv": [5, 0, 10, 3], "texture": "#5"}
			}
		},
		{
			"from": [-7.5, 2.5, 26.75],
			"to": [-2.5, 5.5, 27.25],
			"rotation": {"angle": 0, "axis": "x", "origin": [-5.51923, 3.75, 23.5]},
			"faces": {
				"north": {"uv": [5, 3, 10, 6], "texture": "#5"},
				"east": {"uv": [10, 0, 11, 3], "rotation": 180, "texture": "#5"},
				"south": {"uv": [5, 0, 10, 3], "texture": "#5"},
				"west": {"uv": [10, 0, 11, 3], "texture": "#5"},
				"up": {"uv": [5, 6, 10, 7], "texture": "#5"},
				"down": {"uv": [10, 6, 5, 7], "texture": "#5"}
			}
		},
		{
			"from": [-7.5, 2, 19.75],
			"to": [-2.5, 5, 20.25],
			"rotation": {"angle": 0, "axis": "x", "origin": [-5.51923, 3.75, 23.5]},
			"faces": {
				"north": {"uv": [5, 0, 10, 3], "rotation": 180, "texture": "#5"},
				"east": {"uv": [10, 0, 11, 3], "texture": "#5"},
				"south": {"uv": [5, 3, 10, 6], "rotation": 180, "texture": "#5"},
				"west": {"uv": [10, 0, 11, 3], "rotation": 180, "texture": "#5"},
				"up": {"uv": [10, 6, 5, 7], "texture": "#5"},
				"down": {"uv": [5, 6, 10, 7], "texture": "#5"}
			}
		},
		{
			"from": [-7.5, 7, 21.75],
			"to": [-2.5, 7.5, 24.75],
			"rotation": {"angle": 0, "axis": "x", "origin": [-5.51923, 3.75, 23.5]},
			"faces": {
				"north": {"uv": [5, 6, 10, 7], "rotation": 180, "texture": "#5"},
				"east": {"uv": [10, 0, 11, 3], "rotation": 270, "texture": "#5"},
				"south": {"uv": [10, 6, 5, 7], "texture": "#5"},
				"west": {"uv": [10, 0, 11, 3], "rotation": 270, "texture": "#5"},
				"up": {"uv": [5, 0, 10, 3], "texture": "#5"},
				"down": {"uv": [5, 3, 10, 6], "rotation": 180, "texture": "#5"}
			}
		},
		{
			"from": [-7.5, 0, 22.25],
			"to": [-2.5, 0.5, 25.25],
			"rotation": {"angle": 0, "axis": "x", "origin": [-5.51923, 3.75, 23.5]},
			"faces": {
				"north": {"uv": [10, 6, 5, 7], "rotation": 180, "texture": "#5"},
				"east": {"uv": [10, 0, 11, 3], "rotation": 90, "texture": "#5"},
				"south": {"uv": [5, 6, 10, 7], "texture": "#5"},
				"west": {"uv": [10, 0, 11, 3], "rotation": 90, "texture": "#5"},
				"up": {"uv": [5, 3, 10, 6], "rotation": 180, "texture": "#5"},
				"down": {"uv": [5, 0, 10, 3], "texture": "#5"}
			}
		},
		{
			"from": [-7, 0, 23.25],
			"to": [-6.5, 3, 23.75],
			"rotation": {"angle": -22.5, "axis": "x", "origin": [-5.51923, 3.75, 23.5]},
			"faces": {
				"north": {"uv": [8, 13, 9, 16], "rotation": 180, "texture": "#5"},
				"east": {"uv": [8, 12, 11, 13], "rotation": 270, "texture": "#5"},
				"south": {"uv": [8, 13, 9, 16], "texture": "#5"},
				"west": {"uv": [8, 12, 11, 13], "rotation": 90, "texture": "#5"},
				"up": {"uv": [0, 0, 0, 0], "rotation": 180, "texture": "#5"},
				"down": {"uv": [0, 0, 0, 0], "texture": "#5"}
			}
		},
		{
			"from": [-7, 4.5, 23.25],
			"to": [-6.5, 7.5, 23.75],
			"rotation": {"angle": -22.5, "axis": "x", "origin": [-5.51923, 3.75, 23.5]},
			"faces": {
				"north": {"uv": [8, 13, 9, 16], "rotation": 180, "texture": "#5"},
				"east": {"uv": [8, 12, 11, 13], "rotation": 90, "texture": "#5"},
				"south": {"uv": [8, 13, 9, 16], "texture": "#5"},
				"west": {"uv": [8, 12, 11, 13], "rotation": 270, "texture": "#5"},
				"up": {"uv": [0, 0, 0, 0], "rotation": 180, "texture": "#5"},
				"down": {"uv": [0, 0, 0, 0], "texture": "#5"}
			}
		},
		{
			"from": [-7, 3.5, 24.25],
			"to": [-6.5, 4, 27.25],
			"rotation": {"angle": -22.5, "axis": "x", "origin": [-5.51923, 3.75, 23.5]},
			"faces": {
				"north": {"uv": [0, 0, 0, 0], "rotation": 180, "texture": "#5"},
				"east": {"uv": [8, 12, 11, 13], "texture": "#5"},
				"south": {"uv": [0, 0, 0, 0], "texture": "#5"},
				"west": {"uv": [8, 12, 11, 13], "texture": "#5"},
				"up": {"uv": [8, 13, 9, 16], "texture": "#5"},
				"down": {"uv": [8, 13, 9, 16], "texture": "#5"}
			}
		},
		{
			"from": [-7, 3.5, 19.75],
			"to": [-6.5, 4, 22.75],
			"rotation": {"angle": -22.5, "axis": "x", "origin": [-5.51923, 3.75, 23.5]},
			"faces": {
				"north": {"uv": [0, 0, 0, 0], "rotation": 180, "texture": "#5"},
				"east": {"uv": [8, 12, 11, 13], "rotation": 180, "texture": "#5"},
				"south": {"uv": [0, 0, 0, 0], "texture": "#5"},
				"west": {"uv": [8, 12, 11, 13], "rotation": 180, "texture": "#5"},
				"up": {"uv": [8, 13, 9, 16], "texture": "#5"},
				"down": {"uv": [8, 13, 9, 16], "texture": "#5"}
			}
		},
		{
			"name": "axe",
			"from": [-7.5, 3, 22.75],
			"to": [-2, 4.5, 24.25],
			"rotation": {"angle": 22.5, "axis": "x", "origin": [-5.51923, 3.75, 23.5]},
			"faces": {
				"north": {"uv": [2, 10, 8, 12], "rotation": 180, "texture": "#5"},
				"east": {"uv": [0, 8, 2, 10], "rotation": 270, "texture": "#5"},
				"south": {"uv": [2, 8, 8, 10], "texture": "#5"},
				"west": {"uv": [0, 8, 2, 10], "rotation": 90, "texture": "#5"},
				"up": {"uv": [2, 8, 8, 10], "rotation": 180, "texture": "#5"},
				"down": {"uv": [2, 8, 8, 10], "texture": "#5"}
			}
		},
		{
			"from": [-0.9, 6.5, 6.5],
			"to": [0.1, 11, 8.5],
			"shade": false,
			"rotation": {"angle": 0, "axis": "y", "origin": [-8.5, 16, 23.5]},
			"faces": {
				"north": {"uv": [0, 8, 1, 13], "texture": "#2_2"},
				"east": {"uv": [0, 0, 2, 5], "texture": "#2_2"},
				"south": {"uv": [1, 8, 2, 13], "texture": "#2_2"},
				"west": {"uv": [2, 2, 4, 7], "texture": "#2_2"},
				"up": {"uv": [4, 2, 5, 4], "texture": "#2_2"},
				"down": {"uv": [9, 12, 10, 14], "texture": "#2_2"}
			}
		},
		{
			"from": [0.6, 6, 6.5],
			"to": [1.6, 13, 8.5],
			"shade": false,
			"rotation": {"angle": -22.5, "axis": "z", "origin": [-7, 15, 23.5]},
			"faces": {
				"north": {"uv": [0, 8, 1, 15], "texture": "#2_2"},
				"east": {"uv": [0, 0, 2, 7], "texture": "#2_2"},
				"south": {"uv": [1, 8, 2, 15], "texture": "#2_2"},
				"west": {"uv": [2, 2, 4, 9], "texture": "#2_2"},
				"up": {"uv": [4, 2, 5, 4], "texture": "#2_2"},
				"down": {"uv": [9, 12, 10, 14], "texture": "#2_2"}
			}
		},
		{
			"from": [-8, 2.5, 10.75],
			"to": [-3, 5.5, 11.25],
			"rotation": {"angle": 45, "axis": "x", "origin": [-6.01923, 3.75, 7.5]},
			"faces": {
				"north": {"uv": [5, 3, 10, 6], "texture": "#5"},
				"east": {"uv": [10, 0, 11, 3], "rotation": 180, "texture": "#5"},
				"south": {"uv": [5, 0, 10, 3], "texture": "#5"},
				"west": {"uv": [10, 0, 11, 3], "texture": "#5"},
				"up": {"uv": [5, 6, 10, 7], "texture": "#5"},
				"down": {"uv": [10, 6, 5, 7], "texture": "#5"}
			}
		},
		{
			"from": [-8, 2, 3.75],
			"to": [-3, 5, 4.25],
			"rotation": {"angle": 45, "axis": "x", "origin": [-6.01923, 3.75, 7.5]},
			"faces": {
				"north": {"uv": [5, 0, 10, 3], "rotation": 180, "texture": "#5"},
				"east": {"uv": [10, 0, 11, 3], "texture": "#5"},
				"south": {"uv": [5, 3, 10, 6], "rotation": 180, "texture": "#5"},
				"west": {"uv": [10, 0, 11, 3], "rotation": 180, "texture": "#5"},
				"up": {"uv": [10, 6, 5, 7], "texture": "#5"},
				"down": {"uv": [5, 6, 10, 7], "texture": "#5"}
			}
		},
		{
			"from": [-8, 7, 5.75],
			"to": [-3, 7.5, 8.75],
			"rotation": {"angle": 45, "axis": "x", "origin": [-6.01923, 3.75, 7.5]},
			"faces": {
				"north": {"uv": [5, 6, 10, 7], "rotation": 180, "texture": "#5"},
				"east": {"uv": [10, 0, 11, 3], "rotation": 270, "texture": "#5"},
				"south": {"uv": [10, 6, 5, 7], "texture": "#5"},
				"west": {"uv": [10, 0, 11, 3], "rotation": 270, "texture": "#5"},
				"up": {"uv": [5, 0, 10, 3], "texture": "#5"},
				"down": {"uv": [5, 3, 10, 6], "rotation": 180, "texture": "#5"}
			}
		},
		{
			"from": [-8, 0, 6.25],
			"to": [-3, 0.5, 9.25],
			"rotation": {"angle": 45, "axis": "x", "origin": [-6.01923, 3.75, 7.5]},
			"faces": {
				"north": {"uv": [10, 6, 5, 7], "rotation": 180, "texture": "#5"},
				"east": {"uv": [10, 0, 11, 3], "rotation": 90, "texture": "#5"},
				"south": {"uv": [5, 6, 10, 7], "texture": "#5"},
				"west": {"uv": [10, 0, 11, 3], "rotation": 90, "texture": "#5"},
				"up": {"uv": [5, 3, 10, 6], "rotation": 180, "texture": "#5"},
				"down": {"uv": [5, 0, 10, 3], "texture": "#5"}
			}
		},
		{
			"from": [-8, 2.5, 10.75],
			"to": [-3, 5.5, 11.25],
			"rotation": {"angle": 0, "axis": "x", "origin": [-6.01923, 3.75, 7.5]},
			"faces": {
				"north": {"uv": [5, 3, 10, 6], "texture": "#5"},
				"east": {"uv": [10, 0, 11, 3], "rotation": 180, "texture": "#5"},
				"south": {"uv": [5, 0, 10, 3], "texture": "#5"},
				"west": {"uv": [10, 0, 11, 3], "texture": "#5"},
				"up": {"uv": [5, 6, 10, 7], "texture": "#5"},
				"down": {"uv": [10, 6, 5, 7], "texture": "#5"}
			}
		},
		{
			"from": [-8, 2, 3.75],
			"to": [-3, 5, 4.25],
			"rotation": {"angle": 0, "axis": "x", "origin": [-6.01923, 3.75, 7.5]},
			"faces": {
				"north": {"uv": [5, 0, 10, 3], "rotation": 180, "texture": "#5"},
				"east": {"uv": [10, 0, 11, 3], "texture": "#5"},
				"south": {"uv": [5, 3, 10, 6], "rotation": 180, "texture": "#5"},
				"west": {"uv": [10, 0, 11, 3], "rotation": 180, "texture": "#5"},
				"up": {"uv": [10, 6, 5, 7], "texture": "#5"},
				"down": {"uv": [5, 6, 10, 7], "texture": "#5"}
			}
		},
		{
			"from": [-8, 7, 5.75],
			"to": [-3, 7.5, 8.75],
			"rotation": {"angle": 0, "axis": "x", "origin": [-6.01923, 3.75, 7.5]},
			"faces": {
				"north": {"uv": [5, 6, 10, 7], "rotation": 180, "texture": "#5"},
				"east": {"uv": [10, 0, 11, 3], "rotation": 270, "texture": "#5"},
				"south": {"uv": [10, 6, 5, 7], "texture": "#5"},
				"west": {"uv": [10, 0, 11, 3], "rotation": 270, "texture": "#5"},
				"up": {"uv": [5, 0, 10, 3], "texture": "#5"},
				"down": {"uv": [5, 3, 10, 6], "rotation": 180, "texture": "#5"}
			}
		},
		{
			"from": [-8, 0, 6.25],
			"to": [-3, 0.5, 9.25],
			"rotation": {"angle": 0, "axis": "x", "origin": [-6.01923, 3.75, 7.5]},
			"faces": {
				"north": {"uv": [10, 6, 5, 7], "rotation": 180, "texture": "#5"},
				"east": {"uv": [10, 0, 11, 3], "rotation": 90, "texture": "#5"},
				"south": {"uv": [5, 6, 10, 7], "texture": "#5"},
				"west": {"uv": [10, 0, 11, 3], "rotation": 90, "texture": "#5"},
				"up": {"uv": [5, 3, 10, 6], "rotation": 180, "texture": "#5"},
				"down": {"uv": [5, 0, 10, 3], "texture": "#5"}
			}
		},
		{
			"from": [-7.5, 0, 7.25],
			"to": [-7, 3, 7.75],
			"rotation": {"angle": -22.5, "axis": "x", "origin": [-6.01923, 3.75, 7.5]},
			"faces": {
				"north": {"uv": [8, 13, 9, 16], "rotation": 180, "texture": "#5"},
				"east": {"uv": [8, 12, 11, 13], "rotation": 270, "texture": "#5"},
				"south": {"uv": [8, 13, 9, 16], "texture": "#5"},
				"west": {"uv": [8, 12, 11, 13], "rotation": 90, "texture": "#5"},
				"up": {"uv": [0, 0, 0, 0], "rotation": 180, "texture": "#5"},
				"down": {"uv": [0, 0, 0, 0], "texture": "#5"}
			}
		},
		{
			"from": [-7.5, 4.5, 7.25],
			"to": [-7, 7.5, 7.75],
			"rotation": {"angle": -22.5, "axis": "x", "origin": [-6.01923, 3.75, 7.5]},
			"faces": {
				"north": {"uv": [8, 13, 9, 16], "rotation": 180, "texture": "#5"},
				"east": {"uv": [8, 12, 11, 13], "rotation": 90, "texture": "#5"},
				"south": {"uv": [8, 13, 9, 16], "texture": "#5"},
				"west": {"uv": [8, 12, 11, 13], "rotation": 270, "texture": "#5"},
				"up": {"uv": [0, 0, 0, 0], "rotation": 180, "texture": "#5"},
				"down": {"uv": [0, 0, 0, 0], "texture": "#5"}
			}
		},
		{
			"from": [-7.5, 3.5, 8.25],
			"to": [-7, 4, 11.25],
			"rotation": {"angle": -22.5, "axis": "x", "origin": [-6.01923, 3.75, 7.5]},
			"faces": {
				"north": {"uv": [0, 0, 0, 0], "rotation": 180, "texture": "#5"},
				"east": {"uv": [8, 12, 11, 13], "texture": "#5"},
				"south": {"uv": [0, 0, 0, 0], "texture": "#5"},
				"west": {"uv": [8, 12, 11, 13], "texture": "#5"},
				"up": {"uv": [8, 13, 9, 16], "texture": "#5"},
				"down": {"uv": [8, 13, 9, 16], "texture": "#5"}
			}
		},
		{
			"from": [-7.5, 3.5, 3.75],
			"to": [-7, 4, 6.75],
			"rotation": {"angle": -22.5, "axis": "x", "origin": [-6.01923, 3.75, 7.5]},
			"faces": {
				"north": {"uv": [0, 0, 0, 0], "rotation": 180, "texture": "#5"},
				"east": {"uv": [8, 12, 11, 13], "rotation": 180, "texture": "#5"},
				"south": {"uv": [0, 0, 0, 0], "texture": "#5"},
				"west": {"uv": [8, 12, 11, 13], "rotation": 180, "texture": "#5"},
				"up": {"uv": [8, 13, 9, 16], "texture": "#5"},
				"down": {"uv": [8, 13, 9, 16], "texture": "#5"}
			}
		},
		{
			"name": "axe",
			"from": [-8, 3, 6.75],
			"to": [-2.5, 4.5, 8.25],
			"rotation": {"angle": 22.5, "axis": "x", "origin": [-6.01923, 3.75, 7.5]},
			"faces": {
				"north": {"uv": [2, 10, 8, 12], "rotation": 180, "texture": "#5"},
				"east": {"uv": [0, 8, 2, 10], "rotation": 270, "texture": "#5"},
				"south": {"uv": [2, 8, 8, 10], "texture": "#5"},
				"west": {"uv": [0, 8, 2, 10], "rotation": 90, "texture": "#5"},
				"up": {"uv": [2, 8, 8, 10], "rotation": 180, "texture": "#5"},
				"down": {"uv": [2, 8, 8, 10], "texture": "#5"}
			}
		},
		{
			"from": [0.5, 12, -3],
			"to": [1.5, 20, -1],
			"shade": false,
			"rotation": {"angle": -22.5, "axis": "z", "origin": [-7, 21, -18]},
			"faces": {
				"north": {"uv": [0, 8, 1, 16], "texture": "#2_2"},
				"east": {"uv": [0, 0, 2, 8], "texture": "#2_2"},
				"south": {"uv": [0, 8, 1, 16], "texture": "#2_2"},
				"west": {"uv": [2, 2, 4, 10], "texture": "#2_2"},
				"up": {"uv": [5, 4, 4, 2], "texture": "#2_2"},
				"down": {"uv": [10, 12, 9, 14], "texture": "#2_2"}
			}
		},
		{
			"from": [-0.9, 8, -3],
			"to": [0.1, 16, -1],
			"shade": false,
			"rotation": {"angle": 0, "axis": "y", "origin": [-8.5, 17.5, -18]},
			"faces": {
				"north": {"uv": [1, 8, 0, 16], "texture": "#2_2"},
				"east": {"uv": [2, 0, 0, 8], "texture": "#2_2"},
				"south": {"uv": [2, 8, 1, 16], "texture": "#2_2"},
				"west": {"uv": [4, 2, 2, 10], "texture": "#2_2"},
				"up": {"uv": [4, 4, 5, 2], "texture": "#2_2"},
				"down": {"uv": [9, 12, 10, 14], "texture": "#2_2"}
			}
		},
		{
			"name": "axe",
			"from": [-3.5, 8.99, -11],
			"to": [-2.5, 9.99, -1],
			"rotation": {"angle": 0, "axis": "y", "origin": [4.5, 17, -3]},
			"faces": {
				"north": {"uv": [9, 8, 10, 9], "texture": "#2_2"},
				"east": {"uv": [2, 0, 12, 1], "texture": "#2_2"},
				"south": {"uv": [12, 11, 13, 12], "texture": "#2_2"},
				"west": {"uv": [2, 1, 12, 2], "texture": "#2_2"},
				"up": {"uv": [4, 4, 5, 14], "texture": "#2_2"},
				"down": {"uv": [5, 5, 6, 15], "texture": "#2_2"}
			}
		},
		{
			"from": [-1.5, 9, -11],
			"to": [1.5, 10, -10],
			"rotation": {"angle": -22.5, "axis": "z", "origin": [-1.5, 10, -10.5]},
			"faces": {
				"north": {"uv": [6, 5, 9, 6], "texture": "#2_2"},
				"east": {"uv": [12, 13, 13, 14], "texture": "#2_2"},
				"south": {"uv": [10, 4, 13, 5], "texture": "#2_2"},
				"up": {"uv": [14, 6, 11, 5], "texture": "#2_2"},
				"down": {"uv": [14, 6, 11, 7], "texture": "#2_2"}
			}
		},
		{
			"from": [0.95, 2.7, -11],
			"to": [1.95, 7.7, -10],
			"rotation": {"angle": -22.5, "axis": "z", "origin": [2, 10.5, -10.5]},
			"faces": {
				"north": {"uv": [2, 10, 3, 15], "texture": "#2_2"},
				"east": {"uv": [3, 10, 4, 15], "texture": "#2_2"},
				"south": {"uv": [10, 10, 11, 15], "texture": "#2_2"},
				"west": {"uv": [11, 11, 12, 16], "texture": "#2_2"}
			}
		},
		{
			"from": [-4, 8.5, -11.5],
			"to": [-2, 11, -9.5],
			"rotation": {"angle": 0, "axis": "y", "origin": [4, 16.5, -3.5]},
			"faces": {
				"north": {"uv": [8, 2, 10, 5], "texture": "#2_2"},
				"east": {"uv": [6, 9, 8, 12], "texture": "#2_2"},
				"south": {"uv": [8, 9, 10, 12], "texture": "#2_2"},
				"west": {"uv": [9, 5, 11, 8], "texture": "#2_2"},
				"up": {"uv": [10, 2, 12, 4], "texture": "#2_2"},
				"down": {"uv": [10, 8, 12, 10], "texture": "#2_2"}
			}
		},
		{
			"from": [-4.5, 9, -12],
			"to": [-1.5, 10, -9],
			"rotation": {"angle": 0, "axis": "y", "origin": [3.5, 17, -4]},
			"faces": {
				"north": {"uv": [11, 7, 14, 8], "texture": "#2_2"},
				"east": {"uv": [11, 10, 14, 11], "texture": "#2_2"},
				"south": {"uv": [6, 12, 9, 13], "texture": "#2_2"},
				"west": {"uv": [12, 12, 15, 13], "texture": "#2_2"},
				"up": {"uv": [5, 2, 8, 5], "texture": "#2_2"},
				"down": {"uv": [9, 6, 6, 9], "texture": "#2_2"}
			}
		},
		{
			"from": [-3.5, 11, -11],
			"to": [-2.5, 13, -10],
			"rotation": {"angle": 0, "axis": "y", "origin": [4.5, 19, -3]},
			"faces": {
				"north": {"uv": [12, 0, 13, 2], "texture": "#2_2"},
				"east": {"uv": [12, 2, 13, 4], "texture": "#2_2"},
				"south": {"uv": [12, 8, 13, 10], "texture": "#2_2"},
				"west": {"uv": [6, 13, 7, 15], "texture": "#2_2"},
				"up": {"uv": [13, 0, 14, 1], "texture": "#2_2"}
			}
		},
		{
			"from": [-6, 2.5, -7.25],
			"to": [-1, 5.5, -6.75],
			"rotation": {"angle": 0, "axis": "x", "origin": [-4.01923, 3.75, -10.5]},
			"faces": {
				"north": {"uv": [5, 3, 10, 6], "texture": "#5"},
				"east": {"uv": [10, 0, 11, 3], "rotation": 180, "texture": "#5"},
				"south": {"uv": [5, 0, 10, 3], "texture": "#5"},
				"west": {"uv": [10, 0, 11, 3], "texture": "#5"},
				"up": {"uv": [5, 6, 10, 7], "texture": "#5"},
				"down": {"uv": [10, 6, 5, 7], "texture": "#5"}
			}
		},
		{
			"from": [-6, 2, -14.25],
			"to": [-1, 5, -13.75],
			"rotation": {"angle": 0, "axis": "x", "origin": [-4.01923, 3.75, -10.5]},
			"faces": {
				"north": {"uv": [5, 0, 10, 3], "rotation": 180, "texture": "#5"},
				"east": {"uv": [10, 0, 11, 3], "texture": "#5"},
				"south": {"uv": [5, 3, 10, 6], "rotation": 180, "texture": "#5"},
				"west": {"uv": [10, 0, 11, 3], "rotation": 180, "texture": "#5"},
				"up": {"uv": [10, 6, 5, 7], "texture": "#5"},
				"down": {"uv": [5, 6, 10, 7], "texture": "#5"}
			}
		},
		{
			"from": [-6, 7, -12.25],
			"to": [-1, 7.5, -9.25],
			"rotation": {"angle": 0, "axis": "x", "origin": [-4.01923, 3.75, -10.5]},
			"faces": {
				"north": {"uv": [5, 6, 10, 7], "rotation": 180, "texture": "#5"},
				"east": {"uv": [10, 0, 11, 3], "rotation": 270, "texture": "#5"},
				"south": {"uv": [10, 6, 5, 7], "texture": "#5"},
				"west": {"uv": [10, 0, 11, 3], "rotation": 270, "texture": "#5"},
				"up": {"uv": [5, 0, 10, 3], "texture": "#5"},
				"down": {"uv": [5, 3, 10, 6], "rotation": 180, "texture": "#5"}
			}
		},
		{
			"from": [-6, 0, -11.75],
			"to": [-1, 0.5, -8.75],
			"rotation": {"angle": 0, "axis": "x", "origin": [-4.01923, 3.75, -10.5]},
			"faces": {
				"north": {"uv": [10, 6, 5, 7], "rotation": 180, "texture": "#5"},
				"east": {"uv": [10, 0, 11, 3], "rotation": 90, "texture": "#5"},
				"south": {"uv": [5, 6, 10, 7], "texture": "#5"},
				"west": {"uv": [10, 0, 11, 3], "rotation": 90, "texture": "#5"},
				"up": {"uv": [5, 3, 10, 6], "rotation": 180, "texture": "#5"},
				"down": {"uv": [5, 0, 10, 3], "texture": "#5"}
			}
		},
		{
			"from": [-6, 7, -12.25],
			"to": [-1, 7.5, -9.25],
			"rotation": {"angle": 45, "axis": "x", "origin": [-4.01923, 3.75, -10.5]},
			"faces": {
				"north": {"uv": [5, 6, 10, 7], "rotation": 180, "texture": "#5"},
				"east": {"uv": [10, 0, 11, 3], "rotation": 270, "texture": "#5"},
				"south": {"uv": [10, 6, 5, 7], "texture": "#5"},
				"west": {"uv": [10, 0, 11, 3], "rotation": 270, "texture": "#5"},
				"up": {"uv": [5, 0, 10, 3], "texture": "#5"},
				"down": {"uv": [5, 3, 10, 6], "rotation": 180, "texture": "#5"}
			}
		},
		{
			"from": [-6, 0, -11.75],
			"to": [-1, 0.5, -8.75],
			"rotation": {"angle": 45, "axis": "x", "origin": [-4.01923, 3.75, -10.5]},
			"faces": {
				"north": {"uv": [10, 6, 5, 7], "rotation": 180, "texture": "#5"},
				"east": {"uv": [10, 0, 11, 3], "rotation": 90, "texture": "#5"},
				"south": {"uv": [5, 6, 10, 7], "texture": "#5"},
				"west": {"uv": [10, 0, 11, 3], "rotation": 90, "texture": "#5"},
				"up": {"uv": [5, 3, 10, 6], "rotation": 180, "texture": "#5"},
				"down": {"uv": [5, 0, 10, 3], "texture": "#5"}
			}
		},
		{
			"from": [-6, 2, -14.25],
			"to": [-1, 5, -13.75],
			"rotation": {"angle": 45, "axis": "x", "origin": [-4.01923, 3.75, -10.5]},
			"faces": {
				"north": {"uv": [5, 0, 10, 3], "rotation": 180, "texture": "#5"},
				"east": {"uv": [10, 0, 11, 3], "texture": "#5"},
				"south": {"uv": [5, 3, 10, 6], "rotation": 180, "texture": "#5"},
				"west": {"uv": [10, 0, 11, 3], "rotation": 180, "texture": "#5"},
				"up": {"uv": [10, 6, 5, 7], "texture": "#5"},
				"down": {"uv": [5, 6, 10, 7], "texture": "#5"}
			}
		},
		{
			"from": [-6, 2.5, -7.25],
			"to": [-1, 5.5, -6.75],
			"rotation": {"angle": 45, "axis": "x", "origin": [-4.01923, 3.75, -10.5]},
			"faces": {
				"north": {"uv": [5, 3, 10, 6], "texture": "#5"},
				"east": {"uv": [10, 0, 11, 3], "rotation": 180, "texture": "#5"},
				"south": {"uv": [5, 0, 10, 3], "texture": "#5"},
				"west": {"uv": [10, 0, 11, 3], "texture": "#5"},
				"up": {"uv": [5, 6, 10, 7], "texture": "#5"},
				"down": {"uv": [10, 6, 5, 7], "texture": "#5"}
			}
		},
		{
			"from": [-5.5, 3.5, -9.75],
			"to": [-5, 4, -6.75],
			"rotation": {"angle": 22.5, "axis": "x", "origin": [-4.01923, 3.75, -10.5]},
			"faces": {
				"north": {"uv": [0, 0, 0, 0], "texture": "#5"},
				"east": {"uv": [8, 12, 11, 13], "texture": "#5"},
				"south": {"uv": [0, 0, 0, 0], "texture": "#5"},
				"west": {"uv": [8, 12, 11, 13], "texture": "#5"},
				"up": {"uv": [8, 13, 9, 16], "texture": "#5"},
				"down": {"uv": [8, 13, 9, 16], "texture": "#5"}
			}
		},
		{
			"from": [-5.5, 3.5, -14.25],
			"to": [-5, 4, -11.25],
			"rotation": {"angle": 22.5, "axis": "x", "origin": [-4.01923, 3.75, -10.5]},
			"faces": {
				"north": {"uv": [0, 0, 0, 0], "texture": "#5"},
				"east": {"uv": [8, 12, 11, 13], "rotation": 180, "texture": "#5"},
				"south": {"uv": [0, 0, 0, 0], "texture": "#5"},
				"west": {"uv": [8, 12, 11, 13], "rotation": 180, "texture": "#5"},
				"up": {"uv": [8, 13, 9, 16], "texture": "#5"},
				"down": {"uv": [8, 13, 9, 16], "texture": "#5"}
			}
		},
		{
			"from": [-5.5, 4.5, -10.75],
			"to": [-5, 7.5, -10.25],
			"rotation": {"angle": 22.5, "axis": "x", "origin": [-4.01923, 3.75, -10.5]},
			"faces": {
				"north": {"uv": [8, 13, 9, 16], "rotation": 180, "texture": "#5"},
				"east": {"uv": [8, 12, 11, 13], "rotation": 90, "texture": "#5"},
				"south": {"uv": [8, 13, 9, 16], "texture": "#5"},
				"west": {"uv": [8, 12, 11, 13], "rotation": 270, "texture": "#5"},
				"up": {"uv": [0, 0, 0, 0], "texture": "#5"},
				"down": {"uv": [0, 0, 0, 0], "texture": "#5"}
			}
		},
		{
			"from": [-5.5, 0, -10.75],
			"to": [-5, 3, -10.25],
			"rotation": {"angle": 22.5, "axis": "x", "origin": [-4.01923, 3.75, -10.5]},
			"faces": {
				"north": {"uv": [8, 13, 9, 16], "rotation": 180, "texture": "#5"},
				"east": {"uv": [8, 12, 11, 13], "rotation": 270, "texture": "#5"},
				"south": {"uv": [8, 13, 9, 16], "texture": "#5"},
				"west": {"uv": [8, 12, 11, 13], "rotation": 90, "texture": "#5"},
				"up": {"uv": [0, 0, 0, 0], "texture": "#5"},
				"down": {"uv": [0, 0, 0, 0], "texture": "#5"}
			}
		},
		{
			"name": "axe",
			"from": [-6, 3, -11.25],
			"to": [-0.5, 4.5, -9.75],
			"rotation": {"angle": -22.5, "axis": "x", "origin": [-4.01923, 3.75, -10.5]},
			"faces": {
				"north": {"uv": [2, 10, 8, 12], "rotation": 180, "texture": "#5"},
				"east": {"uv": [0, 8, 2, 10], "rotation": 270, "texture": "#5"},
				"south": {"uv": [2, 8, 8, 10], "texture": "#5"},
				"west": {"uv": [0, 8, 2, 10], "rotation": 90, "texture": "#5"},
				"up": {"uv": [2, 8, 8, 10], "rotation": 180, "texture": "#5"},
				"down": {"uv": [2, 8, 8, 10], "texture": "#5"}
			}
		},
		{
			"from": [16.5, 17, 7],
			"to": [17.5, 18, 10],
			"rotation": {"angle": 0, "axis": "y", "origin": [9.5, 25, 15]},
			"faces": {
				"north": {"uv": [12.5, 3.5, 12.25, 3.75], "texture": "#4_2"},
				"east": {"uv": [12.75, 7, 12, 7.25], "texture": "#4_2"},
				"west": {"uv": [12.75, 6.75, 12, 7], "texture": "#4_2"},
				"up": {"uv": [12, 10.75, 12.25, 10], "texture": "#4_2"},
				"down": {"uv": [0, 12.25, 0.25, 13], "texture": "#4_2"}
			}
		},
		{
			"from": [16.5, 10, 7],
			"to": [17.5, 17, 8],
			"rotation": {"angle": 0, "axis": "y", "origin": [9.5, 18, 15]},
			"faces": {
				"north": {"uv": [10.5, 11.25, 10.25, 13], "texture": "#4_2"},
				"east": {"uv": [8, 11.5, 7.75, 13.25], "texture": "#4_2"},
				"south": {"uv": [7.75, 11.5, 7.5, 13.25], "texture": "#4_2"},
				"west": {"uv": [7.5, 11.5, 7.25, 13.25], "texture": "#4_2"},
				"down": {"uv": [12.25, 3.75, 12.5, 4], "texture": "#4_2"}
			}
		},
		{
			"name": "arc",
			"from": [11, 20, 18.5],
			"to": [15.5, 22, 20.5],
			"rotation": {"angle": -22.5, "axis": "z", "origin": [11, 22, 19.5]},
			"faces": {
				"north": {"uv": [12.25, 3.5, 11, 4], "texture": "#4_2"},
				"east": {"uv": [5.75, 11.75, 5.25, 12.25], "texture": "#4_2"},
				"south": {"uv": [12.25, 4, 11, 4.5], "texture": "#4_2"},
				"up": {"uv": [11, 5, 12.25, 4.5], "texture": "#4_2"},
				"down": {"uv": [11, 5, 12.25, 5.5], "texture": "#4_2"}
			}
		},
		{
			"from": [16, 10, -7],
			"to": [16.5, 16, -4.5],
			"shade": false,
			"rotation": {"angle": -22.5, "axis": "x", "origin": [16, 10, -7]},
			"faces": {
				"north": {"uv": [8.25, 11.5, 8, 13], "texture": "#4_2"},
				"east": {"uv": [3.6875, 10, 3, 11.5], "texture": "#4_2"},
				"south": {"uv": [4, 11.75, 3.75, 13.25], "texture": "#4_2"},
				"west": {"uv": [3, 10, 2.3125, 11.5], "texture": "#4_2"},
				"up": {"uv": [0.25, 13, 0.5, 12.25], "texture": "#4_2"},
				"down": {"uv": [0.5, 12.25, 0.75, 13], "texture": "#4_2"}
			}
		},
		{
			"from": [14, 10, -7],
			"to": [14.5, 16, -4.5],
			"shade": false,
			"rotation": {"angle": -22.5, "axis": "x", "origin": [14, 10, -7]},
			"faces": {
				"north": {"uv": [8.25, 11.5, 8, 13], "texture": "#4_2"},
				"east": {"uv": [3.6875, 10, 3, 11.5], "texture": "#4_2"},
				"south": {"uv": [4, 11.75, 3.75, 13.25], "texture": "#4_2"},
				"west": {"uv": [3, 10, 2.3125, 11.5], "texture": "#4_2"},
				"up": {"uv": [0.25, 13, 0.5, 12.25], "texture": "#4_2"},
				"down": {"uv": [0.5, 12.25, 0.75, 13], "texture": "#4_2"}
			}
		},
		{
			"from": [14, 15.55, -9.29],
			"to": [16.5, 17, -6.79],
			"shade": false,
			"rotation": {"angle": 0, "axis": "y", "origin": [22, 23.5, -1.5]},
			"faces": {
				"north": {"uv": [12.75, 11.5, 12, 11.75], "texture": "#4_2"},
				"east": {"uv": [2.25, 12.25, 1.5, 12.5], "texture": "#4_2"},
				"south": {"uv": [1.5, 12.25, 0.75, 12.5], "texture": "#4_2"},
				"west": {"uv": [12.75, 11.75, 12, 12], "texture": "#4_2"},
				"up": {"uv": [0.75, 12.25, 1.5, 11.5], "texture": "#4_2"},
				"down": {"uv": [1.5, 11.5, 2.25, 12.25], "texture": "#4_2"}
			}
		},
		{
			"from": [14, 17.55, -9.29],
			"to": [16.5, 18.05, -6.79],
			"shade": false,
			"rotation": {"angle": 0, "axis": "y", "origin": [22, 25.5, -1.5]},
			"faces": {
				"north": {"uv": [3, 12.25, 2.25, 12.5], "texture": "#4_2"},
				"east": {"uv": [5, 12.25, 4.25, 12.5], "texture": "#4_2"},
				"west": {"uv": [3.75, 12.25, 3, 12.5], "texture": "#4_2"},
				"up": {"uv": [2.25, 12.25, 3, 11.5], "texture": "#4_2"},
				"down": {"uv": [3, 11.5, 3.75, 12.25], "texture": "#4_2"}
			}
		},
		{
			"from": [14, 17.55, -6.79],
			"to": [16.5, 18.05, -3.79],
			"shade": false,
			"rotation": {"angle": 22.5, "axis": "x", "origin": [16.75, 18.05, -6.8]},
			"faces": {
				"east": {"uv": [6.75, 12.25, 6, 12.5], "texture": "#4_2"},
				"west": {"uv": [6, 12.25, 5.25, 12.5], "texture": "#4_2"},
				"up": {"uv": [5.75, 12.25, 6.5, 11.5], "texture": "#4_2"},
				"down": {"uv": [6.5, 11.5, 7.25, 12.25], "texture": "#4_2"}
			}
		},
		{
			"name": "fixe",
			"from": [14, 10.8, 19],
			"to": [16.5, 16.3, 21],
			"rotation": {"angle": 0, "axis": "y", "origin": [8.5, 19, 27]},
			"faces": {
				"east": {"uv": [9.25, 11, 8.75, 12.5], "texture": "#4_2"},
				"south": {"uv": [0.75, 10, 0, 11.5], "texture": "#4_2"},
				"west": {"uv": [8.75, 11, 8.25, 12.5], "texture": "#4_2"},
				"down": {"uv": [11.5, 7.25, 12.25, 7.75], "texture": "#4_2"}
			}
		},
		{
			"name": "fixe",
			"from": [14, 10.43, 17.1],
			"to": [16.5, 11.43, 19.2],
			"rotation": {"angle": -22.5, "axis": "x", "origin": [15.25, 14.94112, 19.13564]},
			"faces": {
				"east": {"uv": [11, 12.25, 10.5, 12.5], "texture": "#4_2"},
				"west": {"uv": [10, 12.25, 9.5, 12.5], "texture": "#4_2"},
				"down": {"uv": [11.5, 10.75, 12.25, 11.25], "texture": "#4_2"}
			}
		},
		{
			"name": "fixe",
			"from": [13.999, 17, 17.5],
			"to": [16.499, 21, 23.5],
			"rotation": {"angle": -45, "axis": "x", "origin": [16.25, 17.25, 21.75]},
			"faces": {
				"east": {"uv": [11, 4.5, 9.5, 5.5], "texture": "#4_2"},
				"south": {"uv": [11.5, 6.5, 10.75, 7.5], "texture": "#4_2"},
				"west": {"uv": [11, 3.5, 9.5, 4.5], "texture": "#4_2"},
				"up": {"uv": [0.75, 11.5, 1.5, 10], "texture": "#4_2"},
				"down": {"uv": [1.5, 10, 2.25, 11.5], "texture": "#4_2"}
			}
		},
		{
			"from": [11.4, 12.5, 14.5],
			"to": [12.4, 18.5, 16.5],
			"shade": false,
			"rotation": {"angle": 45, "axis": "z", "origin": [20, 21.5, 31.5]},
			"faces": {
				"north": {"uv": [1, 8, 0, 14], "texture": "#2_2"},
				"east": {"uv": [4, 2, 2, 8], "texture": "#2_2"},
				"south": {"uv": [1, 8, 0, 14], "texture": "#2_2"},
				"west": {"uv": [2, 0, 0, 6], "texture": "#2_2"},
				"up": {"uv": [5, 2, 4, 4], "texture": "#2_2"},
				"down": {"uv": [10, 12, 9, 14], "texture": "#2_2"}
			}
		},
		{
			"from": [15.9, 10, 14.5],
			"to": [16.9, 13.5, 16.5],
			"shade": false,
			"rotation": {"angle": 0, "axis": "y", "origin": [24.5, 19.5, 31.5]},
			"faces": {
				"north": {"uv": [1, 8, 0, 12], "texture": "#2_2"},
				"east": {"uv": [4, 2, 2, 6], "texture": "#2_2"},
				"south": {"uv": [2, 8, 1, 12], "texture": "#2_2"},
				"west": {"uv": [2, 0, 0, 4], "texture": "#2_2"},
				"up": {"uv": [5, 2, 4, 4], "texture": "#2_2"},
				"down": {"uv": [10, 12, 9, 14], "texture": "#2_2"}
			}
		},
		{
			"name": "axe",
			"from": [20, 9, 14.5],
			"to": [21, 10, 24.5],
			"rotation": {"angle": 0, "axis": "y", "origin": [13, 17, 22.5]},
			"faces": {
				"north": {"uv": [10, 8, 9, 9], "texture": "#2_2"},
				"east": {"uv": [12, 1, 2, 2], "texture": "#2_2"},
				"west": {"uv": [12, 0, 2, 1], "texture": "#2_2"},
				"up": {"uv": [4, 14, 5, 4], "texture": "#2_2"},
				"down": {"uv": [5, 5, 6, 14.75], "texture": "#2_2"}
			}
		},
		{
			"from": [16, 9, 23],
			"to": [19, 10, 24],
			"rotation": {"angle": 22.5, "axis": "z", "origin": [19, 10, 23.5]},
			"faces": {
				"north": {"uv": [9, 5, 6, 6], "texture": "#2_2"},
				"south": {"uv": [13, 4, 10, 5], "texture": "#2_2"},
				"west": {"uv": [13, 13, 12, 14], "texture": "#2_2"},
				"up": {"uv": [11, 6, 14, 5], "texture": "#2_2"},
				"down": {"uv": [11, 6, 14, 7], "texture": "#2_2"}
			}
		},
		{
			"from": [15.55, 2.7, 23],
			"to": [16.55, 7.7, 24],
			"rotation": {"angle": 22.5, "axis": "z", "origin": [15.5, 10.5, 23.5]},
			"faces": {
				"north": {"uv": [3, 10, 2, 15], "texture": "#2_2"},
				"east": {"uv": [12, 11, 11, 16], "texture": "#2_2"},
				"south": {"uv": [11, 10, 10, 15], "texture": "#2_2"},
				"west": {"uv": [4, 10, 3, 15], "texture": "#2_2"}
			}
		},
		{
			"from": [19.5, 8.5, 22.5],
			"to": [21.5, 11, 24.5],
			"rotation": {"angle": 0, "axis": "y", "origin": [13.5, 16.5, 30.5]},
			"faces": {
				"north": {"uv": [10, 2, 8, 5], "texture": "#2_2"},
				"east": {"uv": [11, 5, 9, 8], "texture": "#2_2"},
				"south": {"uv": [10, 9, 8, 12], "texture": "#2_2"},
				"west": {"uv": [8, 9, 6, 12], "texture": "#2_2"},
				"up": {"uv": [12, 2, 10, 4], "texture": "#2_2"},
				"down": {"uv": [12, 8, 10, 10], "texture": "#2_2"}
			}
		},
		{
			"from": [19, 9, 22],
			"to": [22, 10, 25],
			"rotation": {"angle": 0, "axis": "y", "origin": [14, 17, 30]},
			"faces": {
				"north": {"uv": [14, 7, 11, 8], "texture": "#2_2"},
				"east": {"uv": [15, 12, 12, 13], "texture": "#2_2"},
				"south": {"uv": [9, 12, 6, 13], "texture": "#2_2"},
				"west": {"uv": [14, 10, 11, 11], "texture": "#2_2"},
				"up": {"uv": [8, 2, 5, 5], "texture": "#2_2"},
				"down": {"uv": [6, 6, 9, 9], "texture": "#2_2"}
			}
		},
		{
			"from": [20, 11, 23],
			"to": [21, 13, 24],
			"rotation": {"angle": 0, "axis": "y", "origin": [13, 19, 31]},
			"faces": {
				"north": {"uv": [13, 0, 12, 2], "texture": "#2_2"},
				"east": {"uv": [7, 13, 6, 15], "texture": "#2_2"},
				"south": {"uv": [13, 8, 12, 10], "texture": "#2_2"},
				"west": {"uv": [13, 2, 12, 4], "texture": "#2_2"},
				"up": {"uv": [14, 0, 13, 1], "texture": "#2_2"}
			}
		},
		{
			"from": [18.5, 2.5, 26.75],
			"to": [23.5, 5.5, 27.25],
			"rotation": {"angle": 0, "axis": "x", "origin": [21.51923, 3.75, 23.5]},
			"faces": {
				"north": {"uv": [10, 3, 5, 6], "texture": "#5"},
				"east": {"uv": [11, 0, 10, 3], "texture": "#5"},
				"south": {"uv": [10, 0, 5, 3], "texture": "#5"},
				"west": {"uv": [11, 0, 10, 3], "rotation": 180, "texture": "#5"},
				"up": {"uv": [10, 6, 5, 7], "texture": "#5"},
				"down": {"uv": [5, 6, 10, 7], "texture": "#5"}
			}
		},
		{
			"from": [18.5, 2, 19.75],
			"to": [23.5, 5, 20.25],
			"rotation": {"angle": 0, "axis": "x", "origin": [21.51923, 3.75, 23.5]},
			"faces": {
				"north": {"uv": [10, 0, 5, 3], "rotation": 180, "texture": "#5"},
				"east": {"uv": [11, 0, 10, 3], "rotation": 180, "texture": "#5"},
				"south": {"uv": [10, 3, 5, 6], "rotation": 180, "texture": "#5"},
				"west": {"uv": [11, 0, 10, 3], "texture": "#5"},
				"up": {"uv": [5, 6, 10, 7], "texture": "#5"},
				"down": {"uv": [10, 6, 5, 7], "texture": "#5"}
			}
		},
		{
			"from": [18.5, 7, 21.75],
			"to": [23.5, 7.5, 24.75],
			"rotation": {"angle": 0, "axis": "x", "origin": [21.51923, 3.75, 23.5]},
			"faces": {
				"north": {"uv": [10, 6, 5, 7], "rotation": 180, "texture": "#5"},
				"east": {"uv": [10, 3, 11, 0], "rotation": 270, "texture": "#5"},
				"south": {"uv": [5, 6, 10, 7], "texture": "#5"},
				"west": {"uv": [10, 3, 11, 0], "rotation": 270, "texture": "#5"},
				"up": {"uv": [10, 0, 5, 3], "texture": "#5"},
				"down": {"uv": [10, 3, 5, 6], "rotation": 180, "texture": "#5"}
			}
		},
		{
			"from": [18.5, 0, 22.25],
			"to": [23.5, 0.5, 25.25],
			"rotation": {"angle": 0, "axis": "x", "origin": [21.51923, 3.75, 23.5]},
			"faces": {
				"north": {"uv": [5, 6, 10, 7], "rotation": 180, "texture": "#5"},
				"east": {"uv": [10, 3, 11, 0], "rotation": 90, "texture": "#5"},
				"south": {"uv": [10, 6, 5, 7], "texture": "#5"},
				"west": {"uv": [10, 3, 11, 0], "rotation": 90, "texture": "#5"},
				"up": {"uv": [10, 3, 5, 6], "rotation": 180, "texture": "#5"},
				"down": {"uv": [10, 0, 5, 3], "texture": "#5"}
			}
		},
		{
			"from": [18.5, 7, 21.75],
			"to": [23.5, 7.5, 24.75],
			"rotation": {"angle": 45, "axis": "x", "origin": [21.51923, 3.75, 23.5]},
			"faces": {
				"north": {"uv": [10, 6, 5, 7], "rotation": 180, "texture": "#5"},
				"east": {"uv": [10, 3, 11, 0], "rotation": 270, "texture": "#5"},
				"south": {"uv": [5, 6, 10, 7], "texture": "#5"},
				"west": {"uv": [10, 3, 11, 0], "rotation": 270, "texture": "#5"},
				"up": {"uv": [10, 0, 5, 3], "texture": "#5"},
				"down": {"uv": [10, 3, 5, 6], "rotation": 180, "texture": "#5"}
			}
		},
		{
			"from": [18.5, 0, 22.25],
			"to": [23.5, 0.5, 25.25],
			"rotation": {"angle": 45, "axis": "x", "origin": [21.51923, 3.75, 23.5]},
			"faces": {
				"north": {"uv": [5, 6, 10, 7], "rotation": 180, "texture": "#5"},
				"east": {"uv": [10, 3, 11, 0], "rotation": 90, "texture": "#5"},
				"south": {"uv": [10, 6, 5, 7], "texture": "#5"},
				"west": {"uv": [10, 3, 11, 0], "rotation": 90, "texture": "#5"},
				"up": {"uv": [10, 3, 5, 6], "rotation": 180, "texture": "#5"},
				"down": {"uv": [10, 0, 5, 3], "texture": "#5"}
			}
		},
		{
			"from": [18.5, 2, 19.75],
			"to": [23.5, 5, 20.25],
			"rotation": {"angle": 45, "axis": "x", "origin": [21.51923, 3.75, 23.5]},
			"faces": {
				"north": {"uv": [10, 0, 5, 3], "rotation": 180, "texture": "#5"},
				"east": {"uv": [11, 0, 10, 3], "rotation": 180, "texture": "#5"},
				"south": {"uv": [10, 3, 5, 6], "rotation": 180, "texture": "#5"},
				"west": {"uv": [11, 0, 10, 3], "texture": "#5"},
				"up": {"uv": [5, 6, 10, 7], "texture": "#5"},
				"down": {"uv": [10, 6, 5, 7], "texture": "#5"}
			}
		},
		{
			"from": [18.5, 2.5, 26.75],
			"to": [23.5, 5.5, 27.25],
			"rotation": {"angle": 45, "axis": "x", "origin": [21.51923, 3.75, 23.5]},
			"faces": {
				"north": {"uv": [10, 3, 5, 6], "texture": "#5"},
				"east": {"uv": [11, 0, 10, 3], "texture": "#5"},
				"south": {"uv": [10, 0, 5, 3], "texture": "#5"},
				"west": {"uv": [11, 0, 10, 3], "rotation": 180, "texture": "#5"},
				"up": {"uv": [10, 6, 5, 7], "texture": "#5"},
				"down": {"uv": [5, 6, 10, 7], "texture": "#5"}
			}
		},
		{
			"from": [22.5, 3.5, 24.25],
			"to": [23, 4, 27.25],
			"rotation": {"angle": 22.5, "axis": "x", "origin": [21.51923, 3.75, 23.5]},
			"faces": {
				"north": {"uv": [0, 0, 0, 0], "texture": "#5"},
				"east": {"uv": [11, 12, 8, 13], "texture": "#5"},
				"south": {"uv": [0, 0, 0, 0], "texture": "#5"},
				"west": {"uv": [11, 12, 8, 13], "texture": "#5"},
				"up": {"uv": [9, 13, 8, 16], "texture": "#5"},
				"down": {"uv": [9, 13, 8, 16], "texture": "#5"}
			}
		},
		{
			"from": [22.5, 3.5, 19.75],
			"to": [23, 4, 22.75],
			"rotation": {"angle": 22.5, "axis": "x", "origin": [21.51923, 3.75, 23.5]},
			"faces": {
				"north": {"uv": [0, 0, 0, 0], "texture": "#5"},
				"east": {"uv": [11, 12, 8, 13], "rotation": 180, "texture": "#5"},
				"south": {"uv": [0, 0, 0, 0], "texture": "#5"},
				"west": {"uv": [11, 12, 8, 13], "rotation": 180, "texture": "#5"},
				"up": {"uv": [9, 13, 8, 16], "texture": "#5"},
				"down": {"uv": [9, 13, 8, 16], "texture": "#5"}
			}
		},
		{
			"from": [22.5, 4.5, 23.25],
			"to": [23, 7.5, 23.75],
			"rotation": {"angle": 22.5, "axis": "x", "origin": [21.51923, 3.75, 23.5]},
			"faces": {
				"north": {"uv": [9, 13, 8, 16], "rotation": 180, "texture": "#5"},
				"east": {"uv": [8, 13, 11, 12], "rotation": 270, "texture": "#5"},
				"south": {"uv": [9, 13, 8, 16], "texture": "#5"},
				"west": {"uv": [8, 13, 11, 12], "rotation": 90, "texture": "#5"},
				"up": {"uv": [0, 0, 0, 0], "texture": "#5"},
				"down": {"uv": [0, 0, 0, 0], "texture": "#5"}
			}
		},
		{
			"from": [22.5, 0, 23.25],
			"to": [23, 3, 23.75],
			"rotation": {"angle": 22.5, "axis": "x", "origin": [21.51923, 3.75, 23.5]},
			"faces": {
				"north": {"uv": [9, 13, 8, 16], "rotation": 180, "texture": "#5"},
				"east": {"uv": [8, 13, 11, 12], "rotation": 90, "texture": "#5"},
				"south": {"uv": [9, 13, 8, 16], "texture": "#5"},
				"west": {"uv": [8, 13, 11, 12], "rotation": 270, "texture": "#5"},
				"up": {"uv": [0, 0, 0, 0], "texture": "#5"},
				"down": {"uv": [0, 0, 0, 0], "texture": "#5"}
			}
		},
		{
			"name": "axe",
			"from": [18, 3, 22.75],
			"to": [23.5, 4.5, 24.25],
			"rotation": {"angle": -22.5, "axis": "x", "origin": [21.51923, 3.75, 23.5]},
			"faces": {
				"north": {"uv": [8, 10, 2, 12], "rotation": 180, "texture": "#5"},
				"east": {"uv": [2, 8, 0, 10], "rotation": 270, "texture": "#5"},
				"south": {"uv": [8, 8, 2, 10], "texture": "#5"},
				"west": {"uv": [2, 8, 0, 10], "rotation": 90, "texture": "#5"},
				"up": {"uv": [8, 8, 2, 10], "rotation": 180, "texture": "#5"},
				"down": {"uv": [8, 8, 2, 10], "texture": "#5"}
			}
		},
		{
			"from": [15.9, 6.5, 6.5],
			"to": [16.9, 11, 8.5],
			"shade": false,
			"rotation": {"angle": 0, "axis": "y", "origin": [24.5, 16, 23.5]},
			"faces": {
				"north": {"uv": [1, 8, 0, 13], "texture": "#2_2"},
				"east": {"uv": [4, 2, 2, 7], "texture": "#2_2"},
				"south": {"uv": [2, 8, 1, 13], "texture": "#2_2"},
				"west": {"uv": [2, 0, 0, 5], "texture": "#2_2"},
				"up": {"uv": [5, 2, 4, 4], "texture": "#2_2"},
				"down": {"uv": [10, 12, 9, 14], "texture": "#2_2"}
			}
		},
		{
			"from": [14.4, 6, 6.5],
			"to": [15.4, 13, 8.5],
			"shade": false,
			"rotation": {"angle": 22.5, "axis": "z", "origin": [23, 15, 23.5]},
			"faces": {
				"north": {"uv": [1, 8, 0, 15], "texture": "#2_2"},
				"east": {"uv": [4, 2, 2, 9], "texture": "#2_2"},
				"south": {"uv": [2, 8, 1, 15], "texture": "#2_2"},
				"west": {"uv": [2, 0, 0, 7], "texture": "#2_2"},
				"up": {"uv": [5, 2, 4, 4], "texture": "#2_2"},
				"down": {"uv": [10, 12, 9, 14], "texture": "#2_2"}
			}
		},
		{
			"from": [19, 2.5, 10.75],
			"to": [24, 5.5, 11.25],
			"rotation": {"angle": 22.5, "axis": "x", "origin": [22.01923, 3.75, 7.5]},
			"faces": {
				"north": {"uv": [10, 3, 5, 6], "texture": "#5"},
				"east": {"uv": [11, 0, 10, 3], "texture": "#5"},
				"south": {"uv": [10, 0, 5, 3], "texture": "#5"},
				"west": {"uv": [11, 0, 10, 3], "rotation": 180, "texture": "#5"},
				"up": {"uv": [10, 6, 5, 7], "texture": "#5"},
				"down": {"uv": [5, 6, 10, 7], "texture": "#5"}
			}
		},
		{
			"from": [19, 2, 3.75],
			"to": [24, 5, 4.25],
			"rotation": {"angle": 22.5, "axis": "x", "origin": [22.01923, 3.75, 7.5]},
			"faces": {
				"north": {"uv": [10, 0, 5, 3], "rotation": 180, "texture": "#5"},
				"east": {"uv": [11, 0, 10, 3], "rotation": 180, "texture": "#5"},
				"south": {"uv": [10, 3, 5, 6], "rotation": 180, "texture": "#5"},
				"west": {"uv": [11, 0, 10, 3], "texture": "#5"},
				"up": {"uv": [5, 6, 10, 7], "texture": "#5"},
				"down": {"uv": [10, 6, 5, 7], "texture": "#5"}
			}
		},
		{
			"from": [19, 7, 5.75],
			"to": [24, 7.5, 8.75],
			"rotation": {"angle": 22.5, "axis": "x", "origin": [22.01923, 3.75, 7.5]},
			"faces": {
				"north": {"uv": [10, 6, 5, 7], "rotation": 180, "texture": "#5"},
				"east": {"uv": [10, 3, 11, 0], "rotation": 270, "texture": "#5"},
				"south": {"uv": [5, 6, 10, 7], "texture": "#5"},
				"west": {"uv": [10, 3, 11, 0], "rotation": 270, "texture": "#5"},
				"up": {"uv": [10, 0, 5, 3], "texture": "#5"},
				"down": {"uv": [10, 3, 5, 6], "rotation": 180, "texture": "#5"}
			}
		},
		{
			"from": [19, 0, 6.25],
			"to": [24, 0.5, 9.25],
			"rotation": {"angle": 22.5, "axis": "x", "origin": [22.01923, 3.75, 7.5]},
			"faces": {
				"north": {"uv": [5, 6, 10, 7], "rotation": 180, "texture": "#5"},
				"east": {"uv": [10, 3, 11, 0], "rotation": 90, "texture": "#5"},
				"south": {"uv": [10, 6, 5, 7], "texture": "#5"},
				"west": {"uv": [10, 3, 11, 0], "rotation": 90, "texture": "#5"},
				"up": {"uv": [10, 3, 5, 6], "rotation": 180, "texture": "#5"},
				"down": {"uv": [10, 0, 5, 3], "texture": "#5"}
			}
		},
		{
			"from": [19, 2.5, 10.75],
			"to": [24, 5.5, 11.25],
			"rotation": {"angle": -22.5, "axis": "x", "origin": [22.01923, 3.75, 7.5]},
			"faces": {
				"north": {"uv": [10, 3, 5, 6], "texture": "#5"},
				"east": {"uv": [10, 3, 11, 0], "rotation": 180, "texture": "#5"},
				"south": {"uv": [10, 0, 5, 3], "texture": "#5"},
				"west": {"uv": [10, 3, 11, 0], "texture": "#5"},
				"up": {"uv": [10, 6, 5, 7], "texture": "#5"},
				"down": {"uv": [5, 6, 10, 7], "texture": "#5"}
			}
		},
		{
			"from": [19, 2, 3.75],
			"to": [24, 5, 4.25],
			"rotation": {"angle": -22.5, "axis": "x", "origin": [22.01923, 3.75, 7.5]},
			"faces": {
				"north": {"uv": [10, 0, 5, 3], "rotation": 180, "texture": "#5"},
				"east": {"uv": [10, 3, 11, 0], "texture": "#5"},
				"south": {"uv": [10, 3, 5, 6], "rotation": 180, "texture": "#5"},
				"west": {"uv": [10, 3, 11, 0], "rotation": 180, "texture": "#5"},
				"up": {"uv": [5, 6, 10, 7], "texture": "#5"},
				"down": {"uv": [10, 6, 5, 7], "texture": "#5"}
			}
		},
		{
			"from": [19, 7, 5.75],
			"to": [24, 7.5, 8.75],
			"rotation": {"angle": -22.5, "axis": "x", "origin": [22.01923, 3.75, 7.5]},
			"faces": {
				"north": {"uv": [10, 6, 5, 7], "rotation": 180, "texture": "#5"},
				"east": {"uv": [11, 0, 10, 3], "rotation": 90, "texture": "#5"},
				"south": {"uv": [5, 6, 10, 7], "texture": "#5"},
				"west": {"uv": [11, 0, 10, 3], "rotation": 90, "texture": "#5"},
				"up": {"uv": [10, 0, 5, 3], "texture": "#5"},
				"down": {"uv": [10, 3, 5, 6], "rotation": 180, "texture": "#5"}
			}
		},
		{
			"from": [19, 0, 6.25],
			"to": [24, 0.5, 9.25],
			"rotation": {"angle": -22.5, "axis": "x", "origin": [22.01923, 3.75, 7.5]},
			"faces": {
				"north": {"uv": [5, 6, 10, 7], "rotation": 180, "texture": "#5"},
				"east": {"uv": [11, 0, 10, 3], "rotation": 270, "texture": "#5"},
				"south": {"uv": [10, 6, 5, 7], "texture": "#5"},
				"west": {"uv": [11, 0, 10, 3], "rotation": 270, "texture": "#5"},
				"up": {"uv": [10, 3, 5, 6], "rotation": 180, "texture": "#5"},
				"down": {"uv": [10, 0, 5, 3], "texture": "#5"}
			}
		},
		{
			"from": [23, 3.5, 8.25],
			"to": [23.5, 4, 11.25],
			"rotation": {"angle": 45, "axis": "x", "origin": [22.01923, 3.75, 7.5]},
			"faces": {
				"north": {"uv": [0, 0, 0, 0], "texture": "#5"},
				"east": {"uv": [11, 12, 8, 13], "texture": "#5"},
				"south": {"uv": [0, 0, 0, 0], "texture": "#5"},
				"west": {"uv": [11, 12, 8, 13], "texture": "#5"},
				"up": {"uv": [9, 13, 8, 16], "texture": "#5"},
				"down": {"uv": [9, 13, 8, 16], "texture": "#5"}
			}
		},
		{
			"from": [23, 3.5, 3.75],
			"to": [23.5, 4, 6.75],
			"rotation": {"angle": 45, "axis": "x", "origin": [22.01923, 3.75, 7.5]},
			"faces": {
				"north": {"uv": [0, 0, 0, 0], "texture": "#5"},
				"east": {"uv": [11, 12, 8, 13], "rotation": 180, "texture": "#5"},
				"south": {"uv": [0, 0, 0, 0], "texture": "#5"},
				"west": {"uv": [11, 12, 8, 13], "rotation": 180, "texture": "#5"},
				"up": {"uv": [9, 13, 8, 16], "texture": "#5"},
				"down": {"uv": [9, 13, 8, 16], "texture": "#5"}
			}
		},
		{
			"from": [23, 4.5, 7.25],
			"to": [23.5, 7.5, 7.75],
			"rotation": {"angle": 45, "axis": "x", "origin": [22.01923, 3.75, 7.5]},
			"faces": {
				"north": {"uv": [9, 13, 8, 16], "rotation": 180, "texture": "#5"},
				"east": {"uv": [8, 13, 11, 12], "rotation": 270, "texture": "#5"},
				"south": {"uv": [9, 13, 8, 16], "texture": "#5"},
				"west": {"uv": [8, 13, 11, 12], "rotation": 90, "texture": "#5"},
				"up": {"uv": [0, 0, 0, 0], "texture": "#5"},
				"down": {"uv": [0, 0, 0, 0], "texture": "#5"}
			}
		},
		{
			"from": [23, 0, 7.25],
			"to": [23.5, 3, 7.75],
			"rotation": {"angle": 45, "axis": "x", "origin": [22.01923, 3.75, 7.5]},
			"faces": {
				"north": {"uv": [9, 13, 8, 16], "rotation": 180, "texture": "#5"},
				"east": {"uv": [8, 13, 11, 12], "rotation": 90, "texture": "#5"},
				"south": {"uv": [9, 13, 8, 16], "texture": "#5"},
				"west": {"uv": [8, 13, 11, 12], "rotation": 270, "texture": "#5"},
				"up": {"uv": [0, 0, 0, 0], "texture": "#5"},
				"down": {"uv": [0, 0, 0, 0], "texture": "#5"}
			}
		},
		{
			"name": "axe",
			"from": [18.5, 3, 6.75],
			"to": [24, 4.5, 8.25],
			"rotation": {"angle": 0, "axis": "x", "origin": [22.01923, 3.75, 7.5]},
			"faces": {
				"north": {"uv": [8, 10, 2, 12], "rotation": 180, "texture": "#5"},
				"east": {"uv": [2, 8, 0, 10], "rotation": 270, "texture": "#5"},
				"south": {"uv": [8, 8, 2, 10], "texture": "#5"},
				"west": {"uv": [2, 8, 0, 10], "rotation": 90, "texture": "#5"},
				"up": {"uv": [8, 8, 2, 10], "rotation": 180, "texture": "#5"},
				"down": {"uv": [8, 8, 2, 10], "texture": "#5"}
			}
		},
		{
			"from": [14.5, 12, -3],
			"to": [15.5, 20, -1],
			"shade": false,
			"rotation": {"angle": 22.5, "axis": "z", "origin": [23, 21, -18]},
			"faces": {
				"north": {"uv": [1, 8, 0, 16], "texture": "#2_2"},
				"east": {"uv": [4, 2, 2, 10], "texture": "#2_2"},
				"south": {"uv": [1, 8, 0, 16], "texture": "#2_2"},
				"west": {"uv": [2, 0, 0, 8], "texture": "#2_2"},
				"up": {"uv": [4, 4, 5, 2], "texture": "#2_2"},
				"down": {"uv": [9, 12, 10, 14], "texture": "#2_2"}
			}
		},
		{
			"from": [15.9, 8, -3],
			"to": [16.9, 16, -1],
			"shade": false,
			"rotation": {"angle": 0, "axis": "y", "origin": [24.5, 17.5, -18]},
			"faces": {
				"north": {"uv": [0, 8, 1, 16], "texture": "#2_2"},
				"east": {"uv": [2, 2, 4, 10], "texture": "#2_2"},
				"south": {"uv": [1, 8, 2, 16], "texture": "#2_2"},
				"west": {"uv": [0, 0, 2, 8], "texture": "#2_2"},
				"up": {"uv": [5, 4, 4, 2], "texture": "#2_2"},
				"down": {"uv": [10, 12, 9, 14], "texture": "#2_2"}
			}
		},
		{
			"name": "axe",
			"from": [18.5, 8.99, -11],
			"to": [19.5, 9.99, -1],
			"rotation": {"angle": 0, "axis": "y", "origin": [11.5, 17, -3]},
			"faces": {
				"north": {"uv": [10, 8, 9, 9], "texture": "#2_2"},
				"east": {"uv": [12, 1, 2, 2], "texture": "#2_2"},
				"south": {"uv": [13, 11, 12, 12], "texture": "#2_2"},
				"west": {"uv": [12, 0, 2, 1], "texture": "#2_2"},
				"up": {"uv": [5, 4, 4, 14], "texture": "#2_2"},
				"down": {"uv": [6, 5, 5, 15], "texture": "#2_2"}
			}
		},
		{
			"from": [14.5, 9, -11],
			"to": [17.5, 10, -10],
			"rotation": {"angle": 22.5, "axis": "z", "origin": [17.5, 10, -10.5]},
			"faces": {
				"north": {"uv": [9, 5, 6, 6], "texture": "#2_2"},
				"south": {"uv": [13, 4, 10, 5], "texture": "#2_2"},
				"west": {"uv": [13, 13, 12, 14], "texture": "#2_2"},
				"up": {"uv": [11, 6, 14, 5], "texture": "#2_2"},
				"down": {"uv": [11, 6, 14, 7], "texture": "#2_2"}
			}
		},
		{
			"from": [14.05, 2.7, -11],
			"to": [15.05, 7.7, -10],
			"rotation": {"angle": 22.5, "axis": "z", "origin": [14, 10.5, -10.5]},
			"faces": {
				"north": {"uv": [3, 10, 2, 15], "texture": "#2_2"},
				"east": {"uv": [12, 11, 11, 16], "texture": "#2_2"},
				"south": {"uv": [11, 10, 10, 15], "texture": "#2_2"},
				"west": {"uv": [4, 10, 3, 15], "texture": "#2_2"}
			}
		},
		{
			"from": [18, 8.5, -11.5],
			"to": [20, 11, -9.5],
			"rotation": {"angle": 0, "axis": "y", "origin": [12, 16.5, -3.5]},
			"faces": {
				"north": {"uv": [10, 2, 8, 5], "texture": "#2_2"},
				"east": {"uv": [11, 5, 9, 8], "texture": "#2_2"},
				"south": {"uv": [10, 9, 8, 12], "texture": "#2_2"},
				"west": {"uv": [8, 9, 6, 12], "texture": "#2_2"},
				"up": {"uv": [12, 2, 10, 4], "texture": "#2_2"},
				"down": {"uv": [12, 8, 10, 10], "texture": "#2_2"}
			}
		},
		{
			"from": [17.5, 9, -12],
			"to": [20.5, 10, -9],
			"rotation": {"angle": 0, "axis": "y", "origin": [12.5, 17, -4]},
			"faces": {
				"north": {"uv": [14, 7, 11, 8], "texture": "#2_2"},
				"east": {"uv": [15, 12, 12, 13], "texture": "#2_2"},
				"south": {"uv": [9, 12, 6, 13], "texture": "#2_2"},
				"west": {"uv": [14, 10, 11, 11], "texture": "#2_2"},
				"up": {"uv": [8, 2, 5, 5], "texture": "#2_2"},
				"down": {"uv": [6, 6, 9, 9], "texture": "#2_2"}
			}
		},
		{
			"from": [18.5, 11, -11],
			"to": [19.5, 13, -10],
			"rotation": {"angle": 0, "axis": "y", "origin": [11.5, 19, -3]},
			"faces": {
				"north": {"uv": [13, 0, 12, 2], "texture": "#2_2"},
				"east": {"uv": [7, 13, 6, 15], "texture": "#2_2"},
				"south": {"uv": [13, 8, 12, 10], "texture": "#2_2"},
				"west": {"uv": [13, 2, 12, 4], "texture": "#2_2"},
				"up": {"uv": [14, 0, 13, 1], "texture": "#2_2"}
			}
		},
		{
			"from": [17, 2.5, -7.25],
			"to": [22, 5.5, -6.75],
			"rotation": {"angle": -22.5, "axis": "x", "origin": [19.5, 3.75, -10.5]},
			"faces": {
				"north": {"uv": [10, 3, 5, 6], "texture": "#5"},
				"east": {"uv": [11, 0, 10, 3], "texture": "#5"},
				"south": {"uv": [10, 0, 5, 3], "texture": "#5"},
				"west": {"uv": [11, 0, 10, 3], "rotation": 180, "texture": "#5"},
				"up": {"uv": [10, 6, 5, 7], "texture": "#5"},
				"down": {"uv": [5, 6, 10, 7], "texture": "#5"}
			}
		},
		{
			"from": [17, 2, -14.25],
			"to": [22, 5, -13.75],
			"rotation": {"angle": -22.5, "axis": "x", "origin": [19.5, 3.75, -10.5]},
			"faces": {
				"north": {"uv": [10, 0, 5, 3], "rotation": 180, "texture": "#5"},
				"east": {"uv": [11, 0, 10, 3], "rotation": 180, "texture": "#5"},
				"south": {"uv": [10, 3, 5, 6], "rotation": 180, "texture": "#5"},
				"west": {"uv": [11, 0, 10, 3], "texture": "#5"},
				"up": {"uv": [5, 6, 10, 7], "texture": "#5"},
				"down": {"uv": [10, 6, 5, 7], "texture": "#5"}
			}
		},
		{
			"from": [17, 7, -12.25],
			"to": [22, 7.5, -9.25],
			"rotation": {"angle": -22.5, "axis": "x", "origin": [19.5, 3.75, -10.5]},
			"faces": {
				"north": {"uv": [10, 6, 5, 7], "rotation": 180, "texture": "#5"},
				"east": {"uv": [10, 3, 11, 0], "rotation": 270, "texture": "#5"},
				"south": {"uv": [5, 6, 10, 7], "texture": "#5"},
				"west": {"uv": [10, 3, 11, 0], "rotation": 270, "texture": "#5"},
				"up": {"uv": [10, 0, 5, 3], "texture": "#5"},
				"down": {"uv": [10, 3, 5, 6], "rotation": 180, "texture": "#5"}
			}
		},
		{
			"from": [17, 0, -11.75],
			"to": [22, 0.5, -8.75],
			"rotation": {"angle": -22.5, "axis": "x", "origin": [19.5, 3.75, -10.5]},
			"faces": {
				"north": {"uv": [5, 6, 10, 7], "rotation": 180, "texture": "#5"},
				"east": {"uv": [10, 3, 11, 0], "rotation": 90, "texture": "#5"},
				"south": {"uv": [10, 6, 5, 7], "texture": "#5"},
				"west": {"uv": [10, 3, 11, 0], "rotation": 90, "texture": "#5"},
				"up": {"uv": [10, 3, 5, 6], "rotation": 180, "texture": "#5"},
				"down": {"uv": [10, 0, 5, 3], "texture": "#5"}
			}
		},
		{
			"from": [17, 7, -12.25],
			"to": [22, 7.5, -9.25],
			"rotation": {"angle": 22.5, "axis": "x", "origin": [19.5, 3.75, -10.5]},
			"faces": {
				"north": {"uv": [10, 6, 5, 7], "rotation": 180, "texture": "#5"},
				"east": {"uv": [10, 3, 11, 0], "rotation": 270, "texture": "#5"},
				"south": {"uv": [5, 6, 10, 7], "texture": "#5"},
				"west": {"uv": [10, 3, 11, 0], "rotation": 270, "texture": "#5"},
				"up": {"uv": [10, 0, 5, 3], "texture": "#5"},
				"down": {"uv": [10, 3, 5, 6], "rotation": 180, "texture": "#5"}
			}
		},
		{
			"from": [17, 0, -11.75],
			"to": [22, 0.5, -8.75],
			"rotation": {"angle": 22.5, "axis": "x", "origin": [19.5, 3.75, -10.5]},
			"faces": {
				"north": {"uv": [5, 6, 10, 7], "rotation": 180, "texture": "#5"},
				"east": {"uv": [10, 3, 11, 0], "rotation": 90, "texture": "#5"},
				"south": {"uv": [10, 6, 5, 7], "texture": "#5"},
				"west": {"uv": [10, 3, 11, 0], "rotation": 90, "texture": "#5"},
				"up": {"uv": [10, 3, 5, 6], "rotation": 180, "texture": "#5"},
				"down": {"uv": [10, 0, 5, 3], "texture": "#5"}
			}
		},
		{
			"from": [17, 2, -14.25],
			"to": [22, 5, -13.75],
			"rotation": {"angle": 22.5, "axis": "x", "origin": [19.5, 3.75, -10.5]},
			"faces": {
				"north": {"uv": [10, 0, 5, 3], "rotation": 180, "texture": "#5"},
				"east": {"uv": [11, 0, 10, 3], "rotation": 180, "texture": "#5"},
				"south": {"uv": [10, 3, 5, 6], "rotation": 180, "texture": "#5"},
				"west": {"uv": [11, 0, 10, 3], "texture": "#5"},
				"up": {"uv": [5, 6, 10, 7], "texture": "#5"},
				"down": {"uv": [10, 6, 5, 7], "texture": "#5"}
			}
		},
		{
			"from": [17, 2.5, -7.25],
			"to": [22, 5.5, -6.75],
			"rotation": {"angle": 22.5, "axis": "x", "origin": [19.5, 3.75, -10.5]},
			"faces": {
				"north": {"uv": [10, 3, 5, 6], "texture": "#5"},
				"east": {"uv": [11, 0, 10, 3], "texture": "#5"},
				"south": {"uv": [10, 0, 5, 3], "texture": "#5"},
				"west": {"uv": [11, 0, 10, 3], "rotation": 180, "texture": "#5"},
				"up": {"uv": [10, 6, 5, 7], "texture": "#5"},
				"down": {"uv": [5, 6, 10, 7], "texture": "#5"}
			}
		},
		{
			"from": [21, 3.5, -9.75],
			"to": [21.5, 4, -6.75],
			"rotation": {"angle": 0, "axis": "y", "origin": [21.25, 3.75, -10.5]},
			"faces": {
				"north": {"uv": [0, 0, 0, 0], "texture": "#5"},
				"east": {"uv": [11, 12, 8, 13], "texture": "#5"},
				"south": {"uv": [0, 0, 0, 0], "texture": "#5"},
				"west": {"uv": [11, 12, 8, 13], "texture": "#5"},
				"up": {"uv": [9, 13, 8, 16], "texture": "#5"},
				"down": {"uv": [9, 13, 8, 16], "texture": "#5"}
			}
		},
		{
			"from": [21, 3.5, -14.25],
			"to": [21.5, 4, -11.25],
			"rotation": {"angle": 0, "axis": "y", "origin": [21.25, 3.75, -10.5]},
			"faces": {
				"north": {"uv": [0, 0, 0, 0], "texture": "#5"},
				"east": {"uv": [11, 12, 8, 13], "rotation": 180, "texture": "#5"},
				"south": {"uv": [0, 0, 0, 0], "texture": "#5"},
				"west": {"uv": [11, 12, 8, 13], "rotation": 180, "texture": "#5"},
				"up": {"uv": [9, 13, 8, 16], "texture": "#5"},
				"down": {"uv": [9, 13, 8, 16], "texture": "#5"}
			}
		},
		{
			"from": [21, 4.5, -10.75],
			"to": [21.5, 7.5, -10.25],
			"rotation": {"angle": 0, "axis": "y", "origin": [21.25, 3.75, -10.5]},
			"faces": {
				"north": {"uv": [9, 13, 8, 16], "rotation": 180, "texture": "#5"},
				"east": {"uv": [8, 13, 11, 12], "rotation": 270, "texture": "#5"},
				"south": {"uv": [9, 13, 8, 16], "texture": "#5"},
				"west": {"uv": [8, 13, 11, 12], "rotation": 90, "texture": "#5"},
				"up": {"uv": [0, 0, 0, 0], "texture": "#5"},
				"down": {"uv": [0, 0, 0, 0], "texture": "#5"}
			}
		},
		{
			"from": [21, 0, -10.75],
			"to": [21.5, 3, -10.25],
			"rotation": {"angle": 0, "axis": "y", "origin": [21.25, 3.75, -10.5]},
			"faces": {
				"north": {"uv": [9, 13, 8, 16], "rotation": 180, "texture": "#5"},
				"east": {"uv": [8, 13, 11, 12], "rotation": 90, "texture": "#5"},
				"south": {"uv": [9, 13, 8, 16], "texture": "#5"},
				"west": {"uv": [8, 13, 11, 12], "rotation": 270, "texture": "#5"},
				"up": {"uv": [0, 0, 0, 0], "texture": "#5"},
				"down": {"uv": [0, 0, 0, 0], "texture": "#5"}
			}
		},
		{
			"name": "axe",
			"from": [16.5, 3, -11.25],
			"to": [22, 4.5, -9.75],
			"rotation": {"angle": 45, "axis": "x", "origin": [19.25, 3.75, -10.5]},
			"faces": {
				"north": {"uv": [8, 8, 2, 10], "texture": "#5"},
				"east": {"uv": [2, 8, 0, 10], "texture": "#5"},
				"south": {"uv": [8, 8, 2, 10], "texture": "#5"},
				"west": {"uv": [2, 8, 0, 10], "texture": "#5"},
				"up": {"uv": [8, 8, 2, 10], "texture": "#5"},
				"down": {"uv": [8, 10, 2, 12], "texture": "#5"}
			}
		}
	],
	"display": {
		"head": {
			"translation": [0, -35, 0]
		}
	},
	"groups": [
		{
			"name": "curiosity_body",
			"origin": [8, 8, 8],
			"children": [
				{
					"name": "camera",
					"origin": [8, 8, 8],
					"children": [
						{
							"name": "bone",
							"origin": [0, 0, 0],
							"children": [
								{
									"name": "head",
									"origin": [7.8125, 18.0625, -6.1875],
									"children": []
								},
								{
									"name": "cylindrenoir",
									"origin": [12.5, 19.25, 17.75],
									"children": []
								},
								{
									"name": "antenne",
									"origin": [12.5, 19.25, 17.75],
									"children": []
								},
								{
									"name": "camera",
									"origin": [5, 25, 15.5],
									"children": [0, 1, 2, 3, 4, 5, 6]
								},
								{
									"name": "tube",
									"origin": [-1.25, 17.25, 13.75],
									"children": []
								}
							]
						},
						{
							"name": "sym",
							"origin": [1, 21.5, 9],
							"children": [
								{
									"name": "roue arrière",
									"origin": [11.5, 16, 21],
									"children": [
										{
											"name": "support_roue",
											"origin": [1.5, 19, -3],
											"children": []
										},
										{
											"name": "roue_arriere",
											"origin": [-10.25, 3.75, 7.75],
											"children": [
												{
													"name": "pneu",
													"origin": [-9.125, 3.75, 23.5],
													"children": []
												},
												{
													"name": "rayon",
													"origin": [-10.25, 3.75, 7.75],
													"children": []
												}
											]
										}
									]
								},
								{
									"name": "roue_milieu",
									"origin": [8, 8, 8],
									"children": [
										{
											"name": "roue_milieu2",
											"origin": [-12.25, 3.75, -8.25],
											"children": [
												{
													"name": "pneu2",
													"origin": [-11.125, 3.75, 7.5],
													"children": []
												},
												{
													"name": "rayon2",
													"origin": [-12.25, 3.75, -8.25],
													"children": []
												}
											]
										}
									]
								},
								{
									"name": "roue_avant",
									"origin": [-10.25, 3.75, -26.25],
									"children": [
										{
											"name": "support_roue",
											"origin": [1.5, 19, -3],
											"children": []
										},
										{
											"name": "roue_avant2",
											"origin": [-10.25, 3.75, -26.25],
											"children": [
												{
													"name": "pneu3",
													"origin": [-9.125, 3.75, -10.5],
													"children": []
												},
												{
													"name": "rayon3",
													"origin": [-10.25, 3.75, -26.25],
													"children": []
												}
											]
										}
									]
								},
								{
									"name": "power_fixe",
									"origin": [8, 8, 8],
									"children": []
								},
								{
									"name": "deco",
									"origin": [22, 23.5, -1.5],
									"children": []
								}
							]
						},
						{
							"name": "sym",
							"origin": [1, 21.5, 9],
							"children": [
								{
									"name": "roue arrière",
									"origin": [11.5, 16, 21],
									"children": [
										{
											"name": "support_roue",
											"origin": [1.5, 19, -3],
											"children": []
										}
									]
								},
								{
									"name": "roue_milieu",
									"origin": [8, 8, 8],
									"children": []
								},
								{
									"name": "roue_avant",
									"origin": [-10.25, 3.75, -26.25],
									"children": [
										{
											"name": "support_roue",
											"origin": [1.5, 19, -3],
											"children": []
										}
									]
								},
								{
									"name": "power_fixe",
									"origin": [8, 8, 8],
									"children": []
								},
								{
									"name": "deco",
									"origin": [22, 23.5, -1.5],
									"children": []
								}
							]
						}
					]
				},
				{
					"name": "curiosity_power",
					"origin": [8, 8, 8],
					"children": [7, 8, 9, 10]
				},
				{
					"name": "antenne",
					"origin": [12.5, 19.25, 17.75],
					"children": [11, 12, 13]
				},
				{
					"name": "cylindrenoir",
					"origin": [12.5, 19.25, 17.75],
					"children": [14, 15]
				},
				{
					"name": "head",
					"origin": [7.8125, 18.0625, -6.1875],
					"children": [16, 17, 18, 19, 20]
				},
				{
					"name": "body",
					"origin": [0, 0, 0],
					"children": [21, 22, 23]
				},
				{
					"name": "deco",
					"origin": [8, 8, 8],
					"children": [24, 25, 26, 27, 28, 29, 30,
						{
							"name": "tube",
							"origin": [-1.25, 17.25, 13.75],
							"children": [31, 32, 33]
						}
					]
				}
			]
		},
		{
			"name": "sym",
			"origin": [1, 21.5, 9],
			"children": [34, 35, 36,
				{
					"name": "deco",
					"origin": [22, 23.5, -1.5],
					"children": [37, 38, 39, 40, 41]
				},
				{
					"name": "power_fixe",
					"origin": [8, 8, 8],
					"children": [42, 43, 44]
				},
				{
					"name": "roue arrière",
					"origin": [11.5, 16, 21],
					"children": [45, 46, 47,
						{
							"name": "support_roue",
							"origin": [1.5, 19, -3],
							"children": [48, 49, 50, 51, 52]
						},
						{
							"name": "roue_arriere",
							"origin": [-10.25, 3.75, -26.25],
							"children": [
								{
									"name": "roue_avant1",
									"origin": [-10.25, 3.75, 7.75],
									"children": [
										{
											"name": "pneu",
											"origin": [-9.125, 3.75, 23.5],
											"children": [53, 54, 55, 56, 57, 58, 59, 60]
										},
										{
											"name": "rayon",
											"origin": [-3.25, 3.75, -10.5],
											"children": [61, 62, 63, 64, 65]
										}
									]
								}
							]
						}
					]
				},
				{
					"name": "roue_milieu",
					"origin": [8, 8, 8],
					"children": [66, 67,
						{
							"name": "roue_milieu",
							"origin": [-10.25, 3.75, -26.25],
							"children": [
								{
									"name": "roue_avant1",
									"origin": [-10.25, 3.75, 7.75],
									"children": [
										{
											"name": "pneu",
											"origin": [-9.125, 3.75, 23.5],
											"children": [68, 69, 70, 71, 72, 73, 74, 75]
										},
										{
											"name": "rayon",
											"origin": [-3.25, 3.75, -10.5],
											"children": [76, 77, 78, 79, 80]
										}
									]
								}
							]
						}
					]
				},
				{
					"name": "roue_avant",
					"origin": [-10.25, 3.75, -26.25],
					"children": [81, 82, 83,
						{
							"name": "support_roue",
							"origin": [1.5, 19, -3],
							"children": [84, 85, 86, 87, 88]
						},
						{
							"name": "roue_avant",
							"origin": [-10.25, 3.75, -26.25],
							"children": [
								{
									"name": "roue_avant1",
									"origin": [-10.25, 3.75, 7.75],
									"children": [
										{
											"name": "pneu",
											"origin": [-9.125, 3.75, 23.5],
											"children": [89, 90, 91, 92, 93, 94, 95, 96]
										},
										{
											"name": "rayon",
											"origin": [-3.25, 3.75, -10.5],
											"children": [97, 98, 99, 100, 101]
										}
									]
								}
							]
						}
					]
				}
			]
		},
		{
			"name": "sym",
			"origin": [1, 21.5, 9],
			"children": [102, 103, 104,
				{
					"name": "deco",
					"origin": [22, 23.5, -1.5],
					"children": [105, 106, 107, 108, 109]
				},
				{
					"name": "power_fixe",
					"origin": [8, 8, 8],
					"children": [110, 111, 112]
				},
				{
					"name": "roue arrière",
					"origin": [11.5, 16, 21],
					"children": [113, 114, 115,
						{
							"name": "support_roue",
							"origin": [1.5, 19, -3],
							"children": [116, 117, 118, 119, 120]
						},
						{
							"name": "roue_arriere",
							"origin": [-10.25, 3.75, -26.25],
							"children": [
								{
									"name": "roue_avant1",
									"origin": [-10.25, 3.75, 7.75],
									"children": [
										{
											"name": "pneu",
											"origin": [-9.125, 3.75, 23.5],
											"children": [121, 122, 123, 124, 125, 126, 127, 128]
										},
										{
											"name": "rayon",
											"origin": [-3.25, 3.75, -10.5],
											"children": [129, 130, 131, 132, 133]
										}
									]
								}
							]
						}
					]
				},
				{
					"name": "roue_milieu",
					"origin": [8, 8, 8],
					"children": [134, 135,
						{
							"name": "roue_milieu",
							"origin": [-10.25, 3.75, -26.25],
							"children": [
								{
									"name": "roue_avant1",
									"origin": [-10.25, 3.75, 7.75],
									"children": [
										{
											"name": "pneu",
											"origin": [-9.125, 3.75, 23.5],
											"children": [136, 137, 138, 139, 140, 141, 142, 143]
										},
										{
											"name": "rayon",
											"origin": [-3.25, 3.75, -10.5],
											"children": [144, 145, 146, 147, 148]
										}
									]
								}
							]
						}
					]
				},
				{
					"name": "roue_avant",
					"origin": [-10.25, 3.75, -26.25],
					"children": [149, 150, 151,
						{
							"name": "support_roue",
							"origin": [1.5, 19, -3],
							"children": [152, 153, 154, 155, 156]
						},
						{
							"name": "roue_avant",
							"origin": [-10.25, 3.75, -26.25],
							"children": [
								{
									"name": "roue_avant1",
									"origin": [-10.25, 3.75, 7.75],
									"children": [
										{
											"name": "pneu",
											"origin": [-9.125, 3.75, 23.5],
											"children": [157, 158, 159, 160, 161, 162, 163, 164]
										},
										{
											"name": "rayon",
											"origin": [-3.25, 3.75, -10.5],
											"children": [165, 166, 167, 168, 169]
										}
									]
								}
							]
						}
					]
				}
			]
		}
	],
    "display": {
        "head": {
            "rotation": [ 0, 0, 0 ],
            "translation": [ 0, -30, 0],
            "scale":[ 1.4, 1.4, 1.4 ]
        }
    }
}
