{
	"__comment": "Designed by Kikipunk with Cubik Studio - https://cubik.studio",
	"textures": {
		"3": "custom/rover/curiosity_solar-panel",
		"1_2": "custom/rover/curiosity_camera",
		"3_2": "custom/rover/curiosity_power",
		"4_2": "custom/rover/curiosity_body"
	},
	"elements": [ 	 
		{
			"__comment": "Element",
			"from": [ 1, 2, 6 ],
			"to": [ 5, 14, 10 ],
			"faces": {
				"down": { "uv": [ 8.5, 0.5, 8, 0 ], "texture": "#4_2" },
				"up": { "uv": [ 8.5, 0.5, 8, 0 ], "texture": "#4_2" },
				"north": { "uv": [ 0, 3.75, 4.25, 4.5 ], "texture": "#4_2", "rotation": 90 },
				"south": { "uv": [ 0, 3.75, 4.25, 4.5 ], "texture": "#4_2", "rotation": 90 },
				"west": { "uv": [ 0, 3.75, 4.25, 4.5 ], "texture": "#4_2", "rotation": 90 },
				"east": { "uv": [ 0, 3.75, 4.25, 4.5 ], "texture": "#4_2", "rotation": 90 }
			}
		},
		{
			"__comment": "Box61",
			"from": [ 0, 1, 4 ],
			"to": [ 16, 2, 12 ],
			"faces": {
				"down": { "uv": [ 6, 0, 11.5, 3.5 ], "texture": "#3_2" },
				"up": { "uv": [ 6, 0, 11.5, 3.5 ], "texture": "#3_2" },
				"north": { "uv": [ 5, 11.5, 10.5, 12 ], "texture": "#3_2" },
				"south": { "uv": [ 5, 11.5, 10.5, 12 ], "texture": "#3_2" },
				"west": { "uv": [ 4.5, 9, 5, 12.5 ], "texture": "#3_2", "rotation": 90 },
				"east": { "uv": [ 4.5, 9, 5, 12.5 ], "texture": "#3_2", "rotation": 90 }
			}
		},
		{
			"__comment": "Box62",
			"from": [ -1, 0, 3 ],
			"to": [ 2, 1, 6 ],
			"faces": {
				"down": { "uv": [ 10.5, 10.5, 11.5, 11.5 ], "texture": "#4_2" },
				"up": { "uv": [ 10.5, 10.5, 11.5, 11.5 ], "texture": "#4_2" },
				"north": { "uv": [ 8.5, 7.5, 9.5, 7.75 ], "texture": "#4_2" },
				"south": { "uv": [ 8.5, 7.5, 9.5, 7.75 ], "texture": "#4_2" },
				"west": { "uv": [ 8.5, 7.5, 9.5, 7.75 ], "texture": "#4_2" },
				"east": { "uv": [ 8.5, 7.5, 9.5, 7.75 ], "texture": "#4_2" }
			}
		},
		{
			"__comment": "Box62",
			"from": [ 14, 0, 3 ],
			"to": [ 17, 1, 6 ],
			"faces": {
				"down": { "uv": [ 10.5, 10.5, 11.5, 11.5 ], "texture": "#4_2" },
				"up": { "uv": [ 10.5, 10.5, 11.5, 11.5 ], "texture": "#4_2" },
				"north": { "uv": [ 8.5, 7.5, 9.5, 7.75 ], "texture": "#4_2" },
				"south": { "uv": [ 8.5, 7.5, 9.5, 7.75 ], "texture": "#4_2" },
				"west": { "uv": [ 8.5, 7.5, 9.5, 7.75 ], "texture": "#4_2" },
				"east": { "uv": [ 8.5, 7.5, 9.5, 7.75 ], "texture": "#4_2" }
			}
		},
		{
			"__comment": "Box62",
			"from": [ 14, 0, 10 ],
			"to": [ 17, 1, 13 ],
			"faces": {
				"down": { "uv": [ 10.5, 10.5, 11.5, 11.5 ], "texture": "#4_2" },
				"up": { "uv": [ 10.5, 10.5, 11.5, 11.5 ], "texture": "#4_2" },
				"north": { "uv": [ 8.5, 7.5, 9.5, 7.75 ], "texture": "#4_2" },
				"south": { "uv": [ 8.5, 7.5, 9.5, 7.75 ], "texture": "#4_2" },
				"west": { "uv": [ 8.5, 7.5, 9.5, 7.75 ], "texture": "#4_2" },
				"east": { "uv": [ 8.5, 7.5, 9.5, 7.75 ], "texture": "#4_2" }
			}
		},
		{
			"__comment": "Box62",
			"from": [ -1.5, 0, 10 ],
			"to": [ 1.5, 1, 13 ],
			"faces": {
				"down": { "uv": [ 10.5, 10.5, 11.5, 11.5 ], "texture": "#4_2" },
				"up": { "uv": [ 10.5, 10.5, 11.5, 11.5 ], "texture": "#4_2" },
				"north": { "uv": [ 8.5, 7.5, 9.5, 7.75 ], "texture": "#4_2" },
				"south": { "uv": [ 8.5, 7.5, 9.5, 7.75 ], "texture": "#4_2" },
				"west": { "uv": [ 8.5, 7.5, 9.5, 7.75 ], "texture": "#4_2" },
				"east": { "uv": [ 8.5, 7.5, 9.5, 7.75 ], "texture": "#4_2" }
			}
		},
		{
			"__comment": "Box67",
			"from": [ 5, 2, 5 ],
			"to": [ 14.5, 8, 11 ],
			"faces": {
				"down": { "uv": [ 0, 2.5, 1.75, 3.75 ], "texture": "#4_2" },
				"up": { "uv": [ 0, 2.5, 1.75, 3.75 ], "texture": "#4_2" },
				"north": { "uv": [ 0, 2.5, 1.75, 3.75 ], "texture": "#4_2" },
				"south": { "uv": [ 0, 2.5, 1.75, 3.75 ], "texture": "#4_2" },
				"west": { "uv": [ 0, 2.5, 1.75, 3.75 ], "texture": "#4_2" },
				"east": { "uv": [ 0, 2.5, 1.75, 3.75 ], "texture": "#4_2" }
			}
		},
		{
			"__comment": "Box68",
			"from": [ 2, 9, 10 ],
			"to": [ 2.5, 14.5, 10.5 ],
			"faces": {
				"down": { "uv": [ 12, 2, 12.25, 2.25 ], "texture": "#4_2" },
				"up": { "uv": [ 12, 2, 12.25, 2.25 ], "texture": "#4_2" },
				"north": { "uv": [ 12, 2, 12.25, 2.25 ], "texture": "#4_2" },
				"south": { "uv": [ 12, 2, 12.25, 2.25 ], "texture": "#4_2" },
				"west": { "uv": [ 12, 2, 12.25, 2.25 ], "texture": "#4_2" },
				"east": { "uv": [ 12, 2, 12.25, 2.25 ], "texture": "#4_2" }
			}
		},
		{
			"__comment": "Box68",
			"from": [ 2, 14, 8 ],
			"to": [ 2.5, 14.5, 10 ],
			"faces": {
				"down": { "uv": [ 12, 2, 12.25, 2.25 ], "texture": "#4_2" },
				"up": { "uv": [ 12, 2, 12.25, 2.25 ], "texture": "#4_2" },
				"north": { "uv": [ 12, 2, 12.25, 2.25 ], "texture": "#4_2" },
				"south": { "uv": [ 12, 2, 12.25, 2.25 ], "texture": "#4_2" },
				"west": { "uv": [ 12, 2, 12.25, 2.25 ], "texture": "#4_2" },
				"east": { "uv": [ 12, 2, 12.25, 2.25 ], "texture": "#4_2" }
			}
		},
		{
			"__comment": "Box68",
			"from": [ 2.5, 9, 10 ],
			"to": [ 4, 9.5, 10.5 ],
			"faces": {
				"down": { "uv": [ 12, 2, 12.25, 2.25 ], "texture": "#4_2" },
				"up": { "uv": [ 12, 2, 12.25, 2.25 ], "texture": "#4_2" },
				"north": { "uv": [ 12, 2, 12.25, 2.25 ], "texture": "#4_2" },
				"south": { "uv": [ 12, 2, 12.25, 2.25 ], "texture": "#4_2" },
				"west": { "uv": [ 12, 2, 12.25, 2.25 ], "texture": "#4_2" },
				"east": { "uv": [ 12, 2, 12.25, 2.25 ], "texture": "#4_2" }
			}
		},
		{
			"__comment": "Box68",
			"from": [ 3.5, 5, 10 ],
			"to": [ 4, 9, 10.5 ],
			"faces": {
				"down": { "uv": [ 12, 2, 12.25, 2.25 ], "texture": "#4_2" },
				"up": { "uv": [ 12, 2, 12.25, 2.25 ], "texture": "#4_2" },
				"north": { "uv": [ 12, 2, 12.25, 2.25 ], "texture": "#4_2" },
				"south": { "uv": [ 12, 2, 12.25, 2.25 ], "texture": "#4_2" },
				"west": { "uv": [ 12, 2, 12.25, 2.25 ], "texture": "#4_2" },
				"east": { "uv": [ 12, 2, 12.25, 2.25 ], "texture": "#4_2" }
			}
		},
		{
			"__comment": "Box68",
			"from": [ 4, 5, 10 ],
			"to": [ 5, 5.5, 10.5 ],
			"faces": {
				"down": { "uv": [ 12, 2, 12.25, 2.25 ], "texture": "#4_2" },
				"up": { "uv": [ 12, 2, 12.25, 2.25 ], "texture": "#4_2" },
				"north": { "uv": [ 12, 2, 12.25, 2.25 ], "texture": "#4_2" },
				"south": { "uv": [ 12, 2, 12.25, 2.25 ], "texture": "#4_2" },
				"west": { "uv": [ 12, 2, 12.25, 2.25 ], "texture": "#4_2" },
				"east": { "uv": [ 12, 2, 12.25, 2.25 ], "texture": "#4_2" }
			}
		},
		{
			"__comment": "Box73",
			"from": [ 7, 8, 7 ],
			"to": [ 9, 20.5, 9 ],
			"faces": {
				"down": { "uv": [ 0, 14.75, 3.75, 15.25 ], "texture": "#4_2" },
				"up": { "uv": [ 0, 14.75, 3.75, 15.25 ], "texture": "#4_2" },
				"north": { "uv": [ 0, 14.75, 3.75, 15.25 ], "texture": "#4_2", "rotation": 90 },
				"south": { "uv": [ 0, 14.75, 3.75, 15.25 ], "texture": "#4_2", "rotation": 90 },
				"west": { "uv": [ 0, 14.75, 3.75, 15.25 ], "texture": "#4_2", "rotation": 90 },
				"east": { "uv": [ 0, 14.75, 3.75, 15.25 ], "texture": "#4_2", "rotation": 90 }
			}
		}
	],
	"display": {
		"head": {
			"translation":  [ 0, -38.8, 0 ]
		}
	}
}