{
	"__comment": "Designed by Kikipunk with Cubik Studio - https://cubik.studio",
	"textures": {
		"3": "custom/rover/curiosity_solar-panel",
		"1_2": "custom/rover/curiosity_camera",
		"3_2": "custom/rover/curiosity_power",
		"4_2": "custom/rover/curiosity_body"
	},
	"elements": [ 	 
		{
			"__comment": "Element",
			"from": [ 4.5, 11, 5.75 ],
			"to": [ 11.5, 15, 9.75 ],
			"faces": {
				"down": { "uv": [ 9, 0, 5.5, 2 ], "texture": "#1_2" },
				"up": { "uv": [ 5.5, 2, 2, 0 ], "texture": "#1_2" },
				"north": { "uv": [ 2, 2, 5.5, 4 ], "texture": "#1_2" },
				"south": { "uv": [ 7.5, 2, 11, 4 ], "texture": "#1_2" },
				"west": { "uv": [ 5.5, 2, 7.5, 4 ], "texture": "#1_2" },
				"east": { "uv": [ 0, 2, 2, 4 ], "texture": "#1_2" }
			}
		},
		{
			"__comment": "Element",
			"from": [ 6.676, 5, 5.3642 ],
			"to": [ 7.676, 6, 7.3642 ],
			"rotation": { "origin": [ 7.17597, 5.5, 6.36418 ], "axis": "y", "angle": 22.5 },
			"faces": {
				"down": { "uv": [ 12, 10, 11.5, 11 ], "texture": "#1_2" },
				"up": { "uv": [ 11, 10, 11.5, 11 ], "texture": "#1_2", "rotation": 180 },
				"north": { "uv": [ 11, 11, 11.5, 11.5 ], "texture": "#1_2" },
				"west": { "uv": [ 11.5, 11, 12.5, 11.5 ], "texture": "#1_2" },
				"east": { "uv": [ 10, 11, 11, 11.5 ], "texture": "#1_2" }
			}
		},
		{
			"__comment": "Element",
			"from": [ 4.409, 5, 8.841 ],
			"to": [ 7.909, 6, 9.841 ],
			"rotation": { "origin": [ 6.15901, 5.5, 9.34099 ], "axis": "y", "angle": 45 },
			"faces": {
				"down": { "uv": [ 11.5, 0, 13, 0.5 ], "texture": "#1_2", "rotation": 180 },
				"up": { "uv": [ 10, 0, 11.5, 0.5 ], "texture": "#1_2", "rotation": 180 },
				"north": { "uv": [ 10, 0.5, 11.5, 1 ], "texture": "#1_2" },
				"south": { "uv": [ 12, 0.5, 13.5, 1 ], "texture": "#1_2" },
				"west": { "uv": [ 11.5, 0.5, 12, 1 ], "texture": "#1_2" }
			}
		},
		{
			"__comment": "Element",
			"from": [ 8.0026, 5, 8.4937 ],
			"to": [ 13.5026, 6, 9.4937 ],
			"rotation": { "origin": [ 10.75261, 5.5, 8.99372 ], "axis": "y", "angle": -22.5 },
			"faces": {
				"down": { "uv": [ 11, 4.5, 13.5, 5 ], "texture": "#1_2" },
				"up": { "uv": [ 8.5, 4.5, 11, 5 ], "texture": "#1_2", "rotation": 180 },
				"north": { "uv": [ 8.5, 5, 11, 5.5 ], "texture": "#1_2" },
				"south": { "uv": [ 11.5, 5, 14, 5.5 ], "texture": "#1_2" },
				"east": { "uv": [ 8, 5, 8.5, 5.5 ], "texture": "#1_2" }
			}
		},
		{
			"__comment": "Element",
			"from": [ 5.5, 2.5, 5.75 ],
			"to": [ 10.5, 3.5, 10.75 ],
			"faces": {
				"down": { "uv": [ 7.5, 4.5, 5, 7 ], "texture": "#1_2" },
				"up": { "uv": [ 5, 7, 2.5, 4.5 ], "texture": "#1_2" },
				"north": { "uv": [ 0, 7, 2.5, 7.5 ], "texture": "#1_2" },
				"south": { "uv": [ 5, 7, 7.5, 7.5 ], "texture": "#1_2" },
				"west": { "uv": [ 2.5, 7, 5, 7.5 ], "texture": "#1_2" },
				"east": { "uv": [ 7.5, 7, 10, 7.5 ], "texture": "#1_2" }
			}
		},
		{
			"__comment": "Element",
			"from": [ 3.5, 9, 6.75 ],
			"to": [ 7.5, 12, 9.75 ],
			"faces": {
				"down": { "uv": [ 5.5, 8, 3.5, 9.5 ], "texture": "#1_2" },
				"up": { "uv": [ 3.5, 9.5, 1.5, 8 ], "texture": "#1_2" },
				"north": { "uv": [ 1.5, 9.5, 3.5, 11 ], "texture": "#1_2" },
				"south": { "uv": [ 5, 9.5, 7, 11 ], "texture": "#1_2" },
				"west": { "uv": [ 3.5, 9.5, 5, 11 ], "texture": "#1_2" },
				"east": { "uv": [ 0, 9.5, 1.5, 11 ], "texture": "#1_2" }
			}
		},
		{
			"__comment": "Element",
			"from": [ 7, 0, 7 ],
			"to": [ 8.5, 12, 8.5 ],
			"faces": {
				"down": { "uv": [ 4.5, 4, 4.25, 4.25 ], "texture": "#1_2" },
				"up": { "uv": [ 4.25, 4.25, 4, 4 ], "texture": "#1_2" },
				"north": { "uv": [ 8, 8.5, 8.5, 14.5 ], "texture": "#1_2" },
				"south": { "uv": [ 9, 8.5, 9.5, 14.5 ], "texture": "#1_2" },
				"west": { "uv": [ 8.5, 8.5, 9, 14.5 ], "texture": "#1_2" },
				"east": { "uv": [ 7.5, 8.5, 8, 14.5 ], "texture": "#1_2" }
			}
		}
	],
	"display": {
		"head": {
			"translation":  [ 0, 7.34, 0 ],
			"scale":  [ 1.8, 1.8, 1.8 ]
		}
	}
}