{
	"credit": "Made by Daminator4113, with Blockbench",
	"texture_size": [32, 32],
	"textures": {
		"3": "custom/rover/curiosity_solar-panel",
		"particle": "custom/rover/curiosity_solar-panel"
	},
	"elements": [
		{
			"from": [3.5, 0.67947, 3.02262],
			"to": [4.5, 1.67947, 9.52262],
			"rotation": {"angle": 0, "axis": "y", "origin": [8, 1.45927, 8.01715]},
			"faces": {
				"north": {"uv": [2.5, 5.5, 3, 6], "texture": "#3"},
				"east": {"uv": [3.5, 1, 7, 1.5], "texture": "#3"},
				"south": {"uv": [2, 5.5, 2.5, 6], "texture": "#3"},
				"west": {"uv": [3.5, 1.5, 7, 2], "texture": "#3"},
				"up": {"uv": [7, 2.5, 3.5, 2], "rotation": 90, "texture": "#3"},
				"down": {"uv": [7, 2.5, 3.5, 3], "rotation": 270, "texture": "#3"}
			}
		},
		{
			"from": [11.5, 0.67947, 3.02262],
			"to": [12.5, 1.67947, 9.52262],
			"rotation": {"angle": 0, "axis": "y", "origin": [8, 1.45927, 8.01715]},
			"faces": {
				"north": {"uv": [2.5, 5.5, 3, 6], "texture": "#3"},
				"east": {"uv": [3.5, 1, 7, 1.5], "texture": "#3"},
				"south": {"uv": [2, 5.5, 2.5, 6], "texture": "#3"},
				"west": {"uv": [3.5, 1.5, 7, 2], "texture": "#3"},
				"up": {"uv": [7, 2.5, 3.5, 2], "rotation": 90, "texture": "#3"},
				"down": {"uv": [7, 2.5, 3.5, 3], "rotation": 270, "texture": "#3"}
			}
		},
		{
			"from": [2.5, 0.14106, 7.95476],
			"to": [13.5, 1.14106, 14.95476],
			"rotation": {"angle": -22.5, "axis": "x", "origin": [8, 1.45927, 8.01715]},
			"faces": {
				"north": {"uv": [9, 0, 3.5, 0.5], "texture": "#3"},
				"east": {"uv": [7, 3, 3.5, 3.5], "texture": "#3"},
				"south": {"uv": [9, 0.5, 3.5, 1], "texture": "#3"},
				"west": {"uv": [10.5, 7, 7, 7.5], "texture": "#3"},
				"up": {"uv": [0, 5.5, 3.5, 0], "rotation": 90, "texture": "#3"},
				"down": {"uv": [3.5, 3.5, 7, 9], "rotation": 270, "texture": "#3"}
			}
		}
	],
	"display": {
		"thirdperson_righthand": {
			"rotation": [83, -180, 0],
			"translation": [-6, 6.25, 9.5],
			"scale": [1.3, 1.3, 1.3]
		},
		"thirdperson_lefthand": {
			"rotation": [83, -180, 0],
			"translation": [-6, 6.25, 9.5],
			"scale": [1.3, 1.3, 1.3]
		},
		"firstperson_righthand": {
			"rotation": [50, 125, -50],
			"translation": [-3.25, 7.25, 0]
		},
		"firstperson_lefthand": {
			"rotation": [50, 125, -50],
			"translation": [-3.25, 7.25, 0]
		},
		"ground": {
			"translation": [0, 8, 0],
			"scale": [1.5, 1.5, 1.5]
		},
		"gui": {
			"rotation": [30, 225, 0],
			"translation": [1.25, 3.5, 0]
		},
		"head": {
			"translation": [0, 12.75, 3.5],
			"scale": [1.8, 1.8, 1.8]
		},
		"fixed": {
			"rotation": [-66, 0, 0],
			"translation": [0, 0, -7.5]
		}
	}
}