{
	"__comment": "Designed by Kikipunk with Cubik Studio - https://cubik.studio",
	"gui_light": "front",
	"elements": [ 	 
		{
			"__comment": "PlaneY1",
			"from": [ -1.0, 0, -1.0 ],
			"to": [ 17.0, 0.001, 17.0 ],
			"faces": {
				"down": { "uv": [ 0, 0, 16, 16 ], "texture": "#texture" },
				"up": { "uv": [ 0, 0, 16, 16 ], "texture": "#texture" }
			}
		}
	],
	"display": {
		"gui": {
			"rotation":  [ 90, 0, 0 ]
		},
        "thirdperson_righthand": {
            "scale": [ 0.0, 0.0, 0.0 ]
        },
        "firstperson_righthand": {
            "scale": [ 0.0, 0.0, 0.0 ]
        },
        "thirdperson_lefthand": {
            "scale": [ 0.0, 0.0, 0.0 ]
        },
        "firstperson_lefthand": {
            "scale": [ 0.0, 0.0, 0.0 ]
        }
	}
}