{
	"__comment": "Designed by Kikipunk with Cubik Studio - https://cubik.studio",
	"gui_light": "front",
	"textures": {
		"texture": "custom/prog/interface/verify"
	},
	"elements": [ 	 
		{
			"__comment": "PlaneY1",
			"from": [ -16, 0, -16 ],
			"to": [ 32, 0.001, 32 ],
			"faces": {
				"down": { "uv": [ 0, 0, 16, 16 ], "texture": "#texture" },
				"up": { "uv": [ 0, 0, 16, 16 ], "texture": "#texture" }
			}
		}
	],
	"display": {
		"gui": {
			"rotation":  [ 90, 0, 0 ],
			"translation":  [ -20, 80, 30 ],
			"scale":  [ 4, 4, 4 ]
		},
        "thirdperson_righthand": {
            "scale": [ 0.0, 0.0, 0.0 ]
        },
        "firstperson_righthand": {
            "scale": [ 0.0, 0.0, 0.0 ]
        },
        "thirdperson_lefthand": {
            "scale": [ 0.0, 0.0, 0.0 ]
        },
        "firstperson_lefthand": {
            "scale": [ 0.0, 0.0, 0.0 ]
        }
	}
}