{
    "variants": {
        "east=false,north=true,south=false,west=false":  { "model": "custom/extincteur", "y": 90 },
        "east=true,north=false,south=false,west=false":  { "model": "custom/extincteur", "y": 180 },
        "east=false,north=false,south=true,west=false":  { "model": "custom/extincteur", "y": 270 },
        "east=false,north=false,south=false,west=true":  { "model": "custom/extincteur", "y": 0 },

        "east=true,north=true,south=false,west=false":  { "model": "custom/extincteur", "y": 90 },
        "east=false,north=false,south=true,west=true":  { "model": "custom/extincteur", "y": 270 },
        "east=false,north=true,south=false,west=true":  { "model": "custom/extincteur", "y": 0 },
        "east=true,north=false,south=true,west=false":  { "model": "custom/extincteur", "y": 180 },

		"east=true,north=true,south=false,west=true":  { "model": "custom/extincteur", "y": 90 },
		"east=true,north=true,south=true,west=false":  { "model": "custom/extincteur", "y": 180 },
		"east=true,north=false,south=true,west=true":  { "model": "custom/extincteur", "y": 270 },
		"east=false,north=true,south=true,west=true":  { "model": "custom/extincteur", "y": 0 }
    }
}
