{
  "variants": {
    "face=ceiling,facing=east,powered=false": {
      "model": "minecraft:custom/button_sas",
      "y": 270,
      "x": 180
    },
    "face=ceiling,facing=east,powered=true": {
      "model": "minecraft:custom/button_sas_pressed",
      "y": 270,
      "x": 180
    },
    "face=ceiling,facing=north,powered=false": {
      "model": "minecraft:custom/button_sas",
      "y": 180,
      "x": 180
    },
    "face=ceiling,facing=north,powered=true": {
      "model": "minecraft:custom/button_sas_pressed",
      "y": 180,
      "x": 180
    },
    "face=ceiling,facing=south,powered=false": {
      "model": "minecraft:custom/button_sas",
      "x": 180
    },
    "face=ceiling,facing=south,powered=true": {
      "model": "minecraft:custom/button_sas_pressed",
      "x": 180
    },
    "face=ceiling,facing=west,powered=false": {
      "model": "minecraft:custom/button_sas",
      "y": 90,
      "x": 180
    },
    "face=ceiling,facing=west,powered=true": {
      "model": "minecraft:custom/button_sas_pressed",
      "y": 90,
      "x": 180
    },
    "face=floor,facing=east,powered=false": {
      "model": "minecraft:custom/button_sas",
      "y": 90
    },
    "face=floor,facing=east,powered=true": {
      "model": "minecraft:custom/button_sas_pressed",
      "y": 90
    },
    "face=floor,facing=north,powered=false": {
      "model": "minecraft:custom/button_sas"
    },
    "face=floor,facing=north,powered=true": {
      "model": "minecraft:custom/button_sas_pressed"
    },
    "face=floor,facing=south,powered=false": {
      "model": "minecraft:custom/button_sas",
      "y": 180
    },
    "face=floor,facing=south,powered=true": {
      "model": "minecraft:custom/button_sas_pressed",
      "y": 180
    },
    "face=floor,facing=west,powered=false": {
      "model": "minecraft:custom/button_sas",
      "y": 270
    },
    "face=floor,facing=west,powered=true": {
      "model": "minecraft:custom/button_sas_pressed",
      "y": 270
    },
    "face=wall,facing=east,powered=false": {
      "model": "minecraft:custom/button_sas",
      "y": 90,
      "x": 0,
      "uvlock": false
    },
    "face=wall,facing=east,powered=true": {
      "model": "minecraft:custom/button_sas_pressed",
      "y": 90,
      "x": 0,
      "uvlock": false
    },
    "face=wall,facing=north,powered=false": {
      "model": "minecraft:custom/button_sas",
      "x": 0,
      "uvlock": false
    },
    "face=wall,facing=north,powered=true": {
      "model": "minecraft:custom/button_sas_pressed",
      "x": 0,
      "uvlock": false
    },
    "face=wall,facing=south,powered=false": {
      "model": "minecraft:custom/button_sas",
      "y": 180,
      "x": 0,
      "uvlock": false
    },
    "face=wall,facing=south,powered=true": {
      "model": "minecraft:custom/button_sas_pressed",
      "y": 180,
      "x": 0,
      "uvlock": false
    },
    "face=wall,facing=west,powered=false": {
      "model": "minecraft:custom/button_sas",
      "y": 270,
      "x": 0,
      "uvlock": false
    },
    "face=wall,facing=west,powered=true": {
      "model": "minecraft:custom/button_sas_pressed",
      "y": 270,
      "x": 0,
      "uvlock": false
    }
  }
}