{
    "variants": {
        "power=0": { "model": "custom/telephone", "y": 0 },
        "power=1": { "model": "custom/telephone", "y": 90 },
        "power=2": { "model": "custom/telephone", "y": 180 },
        "power=3": { "model": "custom/telephone", "y": 270 },
        "power=4": { "model": "custom/telephone", "y": 0 },
        "power=5": { "model": "custom/telephone", "y": 90 },
        "power=6": { "model": "custom/telephone", "y": 180 },
        "power=7": { "model": "custom/telephone", "y": 270 },
        "power=8": { "model": "custom/telephone", "y": 0 },
        "power=9": { "model": "custom/telephone", "y": 90 },
        "power=10": { "model": "custom/telephone", "y": 180 },
        "power=11": { "model": "custom/telephone", "y": 270 },
        "power=12": { "model": "custom/telephone", "y": 0 },
        "power=13": { "model": "custom/telephone", "y": 90 },
        "power=14": { "model": "custom/telephone", "y": 180 },
        "power=15": { "model": "custom/telephone", "y": 270 }
    }
}
