{
    "variants": {
        "facing=east,lit=true":  { "model": "custom/exit_sign" },
        "facing=south,lit=true":  { "model": "custom/exit_sign", "y": 90 },
        "facing=west,lit=true":  { "model": "custom/exit_sign", "y": 180 },
        "facing=north,lit=true":  { "model": "custom/exit_sign", "y": 270 },
        
        "facing=east,lit=false":  { "model": "block/redstone_wall_torch_off" },
        "facing=south,lit=false":  { "model": "block/redstone_wall_torch_off", "y": 90 },
        "facing=west,lit=false":  { "model": "block/redstone_wall_torch_off", "y": 180 },
        "facing=north,lit=false":  { "model": "block/redstone_wall_torch_off", "y": 270 }
    }
}
