{
	"credit": "Made with Blockbench",
	"textures": {
		"0": "block/oak_planks",
		"3": "custom/palette/1",
		"4": "custom/palette/2",
		"1_0": "custom/carton",
		"particle": "custom/carton"
	},
	"elements": [
		{
			"from": [-9, -11, -16],
			"to": [-4, -10, 32],
			"faces": {
				"north": {"uv": [0, 0, 1, 5], "rotation": 90, "texture": "#0"},
				"east": {"uv": [0, 0, 16, 1], "texture": "#0"},
				"south": {"uv": [15, 0, 16, 5], "rotation": 90, "texture": "#0"},
				"west": {"uv": [0, 0, 16, 1], "texture": "#0"},
				"up": {"uv": [0, 0, 16, 3], "rotation": 90, "texture": "#0"},
				"down": {"uv": [0, 12, 16, 15], "rotation": 90, "texture": "#0"}
			}
		},
		{
			"from": [20, -15, -16],
			"to": [25, -12, -11],
			"faces": {
				"north": {"uv": [10, 0, 15, 3], "texture": "#0"},
				"east": {"uv": [5, 0, 10, 3], "texture": "#0"},
				"south": {"uv": [0, 0, 5, 3], "texture": "#0"},
				"west": {"uv": [0, 4, 5, 7], "texture": "#0"}
			}
		},
		{
			"from": [-1.5, -11, -16],
			"to": [3.5, -10, 32],
			"faces": {
				"north": {"uv": [11, 0, 16, 1], "texture": "#0"},
				"east": {"uv": [0, 1, 16, 2], "texture": "#0"},
				"south": {"uv": [6, 0, 11, 1], "texture": "#0"},
				"west": {"uv": [0, 0, 16, 1], "texture": "#0"},
				"up": {"uv": [0, 8, 16, 11], "rotation": 90, "texture": "#0"},
				"down": {"uv": [0, 0, 16, 3], "rotation": 270, "texture": "#0"}
			}
		},
		{
			"from": [5.5, -11, -16],
			"to": [10.5, -10, 32],
			"faces": {
				"north": {"uv": [6, 0, 11, 1], "texture": "#0"},
				"east": {"uv": [0, 2, 16, 3], "texture": "#0"},
				"south": {"uv": [8, 9, 13, 10], "texture": "#0"},
				"west": {"uv": [0, 0, 16, 1], "texture": "#0"},
				"up": {"uv": [0, 4, 16, 7], "rotation": 90, "texture": "#0"},
				"down": {"uv": [0, 8, 16, 11], "rotation": 90, "texture": "#0"}
			}
		},
		{
			"from": [12.5, -11, -16],
			"to": [17.5, -10, 32],
			"faces": {
				"north": {"uv": [3, 5, 8, 6], "texture": "#0"},
				"east": {"uv": [0, 6, 16, 7], "texture": "#0"},
				"south": {"uv": [4, 9, 5, 14], "rotation": 90, "texture": "#0"},
				"west": {"uv": [0, 0, 16, 1], "texture": "#0"},
				"up": {"uv": [0, 0, 16, 3], "rotation": 270, "texture": "#0"},
				"down": {"uv": [0, 0, 16, 3], "rotation": 90, "texture": "#0"}
			}
		},
		{
			"from": [20, -11, -16],
			"to": [25, -10, 32],
			"faces": {
				"north": {"uv": [4, 3, 5, 8], "rotation": 90, "texture": "#0"},
				"east": {"uv": [0, 8, 16, 9], "texture": "#0"},
				"south": {"uv": [15, 6, 16, 11], "rotation": 90, "texture": "#0"},
				"west": {"uv": [0, 0, 16, 1], "texture": "#0"},
				"up": {"uv": [0, 12, 16, 15], "rotation": 90, "texture": "#0"},
				"down": {"uv": [0, 4, 16, 7], "rotation": 90, "texture": "#0"}
			}
		},
		{
			"from": [-9, -12, -16],
			"to": [25, -11, -11],
			"faces": {
				"north": {"uv": [0, 1, 16, 2], "texture": "#0"},
				"east": {"uv": [8, 0, 13, 1], "texture": "#0"},
				"south": {"uv": [0, 0, 16, 1], "texture": "#0"},
				"west": {"uv": [2, 2, 7, 3], "texture": "#0"},
				"up": {"uv": [0, 0, 16, 3], "texture": "#0"},
				"down": {"uv": [0, 12, 16, 15], "rotation": 180, "texture": "#0"}
			}
		},
		{
			"from": [-9, -12, 27],
			"to": [25, -11, 32],
			"faces": {
				"north": {"uv": [0, 1, 16, 2], "texture": "#0"},
				"east": {"uv": [8, 0, 13, 1], "texture": "#0"},
				"south": {"uv": [0, 8, 16, 9], "texture": "#0"},
				"west": {"uv": [2, 8, 7, 9], "texture": "#0"},
				"up": {"uv": [0, 4, 16, 7], "texture": "#0"},
				"down": {"uv": [0, 4, 16, 7], "rotation": 180, "texture": "#0"}
			}
		},
		{
			"from": [-9, -12, 5.5],
			"to": [25, -11, 10.5],
			"faces": {
				"north": {"uv": [0, 1, 16, 2], "texture": "#0"},
				"east": {"uv": [8, 0, 13, 1], "texture": "#0"},
				"south": {"uv": [0, 0, 16, 1], "texture": "#0"},
				"west": {"uv": [9, 6, 14, 7], "texture": "#0"},
				"up": {"uv": [0, 8, 16, 11], "texture": "#0"},
				"down": {"uv": [0, 8, 16, 11], "rotation": 180, "texture": "#0"}
			}
		},
		{
			"from": [-9, -16, -16],
			"to": [-4, -15, 32],
			"faces": {
				"north": {"uv": [4, 8, 5, 3], "rotation": 90, "texture": "#0"},
				"east": {"uv": [16, 0, 0, 1], "texture": "#0"},
				"south": {"uv": [8, 7, 13, 6], "texture": "#0"},
				"west": {"uv": [16, 8, 0, 9], "texture": "#0"},
				"up": {"uv": [0, 15, 16, 12], "rotation": 90, "texture": "#0"},
				"down": {"uv": [0, 7, 16, 4], "rotation": 90, "texture": "#0"}
			}
		},
		{
			"from": [5.5, -16, -16],
			"to": [10.5, -15, 32],
			"faces": {
				"north": {"uv": [11, 0, 6, 1], "texture": "#0"},
				"east": {"uv": [16, 0, 0, 1], "texture": "#0"},
				"south": {"uv": [13, 9, 8, 10], "texture": "#0"},
				"west": {"uv": [16, 2, 0, 3], "texture": "#0"},
				"up": {"uv": [0, 7, 16, 4], "rotation": 90, "texture": "#0"},
				"down": {"uv": [0, 11, 16, 8], "rotation": 90, "texture": "#0"}
			}
		},
		{
			"from": [20, -16, -16],
			"to": [25, -15, 32],
			"faces": {
				"north": {"uv": [3, 12, 4, 7], "rotation": 90, "texture": "#0"},
				"east": {"uv": [16, 0, 0, 1], "texture": "#0"},
				"south": {"uv": [3, 2, 8, 1], "texture": "#0"},
				"west": {"uv": [16, 0, 0, 1], "texture": "#0"},
				"up": {"uv": [0, 3, 16, 0], "rotation": 90, "texture": "#0"},
				"down": {"uv": [0, 15, 16, 12], "rotation": 90, "texture": "#0"}
			}
		},
		{
			"from": [20, -15, 5.5],
			"to": [25, -12, 10.5],
			"faces": {
				"north": {"uv": [15, 0, 10, 3], "texture": "#0"},
				"east": {"uv": [5, 4, 0, 7], "texture": "#0"},
				"south": {"uv": [5, 0, 0, 3], "texture": "#0"},
				"west": {"uv": [10, 0, 5, 3], "texture": "#0"}
			}
		},
		{
			"from": [20, -15, 27],
			"to": [25, -12, 32],
			"faces": {
				"north": {"uv": [0, 4, 5, 7], "texture": "#0"},
				"east": {"uv": [11, 4, 16, 7], "texture": "#0"},
				"south": {"uv": [8, 4, 13, 7], "texture": "#0"},
				"west": {"uv": [2, 8, 7, 11], "texture": "#0"}
			}
		},
		{
			"from": [-9, -15, 27],
			"to": [-4, -12, 32],
			"faces": {
				"north": {"uv": [5, 4, 0, 7], "texture": "#0"},
				"east": {"uv": [7, 8, 2, 11], "texture": "#0"},
				"south": {"uv": [13, 4, 8, 7], "texture": "#0"},
				"west": {"uv": [13, 4, 8, 7], "texture": "#0"}
			}
		},
		{
			"from": [-9, -15, 5.5],
			"to": [-4, -12, 10.5],
			"faces": {
				"north": {"uv": [10, 0, 15, 3], "texture": "#0"},
				"east": {"uv": [5, 0, 10, 3], "texture": "#0"},
				"south": {"uv": [0, 0, 5, 3], "texture": "#0"},
				"west": {"uv": [2, 4, 7, 7], "texture": "#0"}
			}
		},
		{
			"from": [-9, -15, -16],
			"to": [-4, -12, -11],
			"faces": {
				"north": {"uv": [15, 0, 10, 3], "texture": "#0"},
				"east": {"uv": [5, 4, 0, 7], "texture": "#0"},
				"south": {"uv": [5, 0, 0, 3], "texture": "#0"},
				"west": {"uv": [13, 4, 8, 7], "texture": "#0"}
			}
		},
		{
			"from": [5.5, -15, -16],
			"to": [10.5, -12, -11],
			"faces": {
				"north": {"uv": [1, 4, 6, 7], "texture": "#0"},
				"east": {"uv": [5, 0, 10, 3], "texture": "#0"},
				"south": {"uv": [0, 0, 5, 3], "texture": "#0"},
				"west": {"uv": [2, 4, 7, 7], "texture": "#0"}
			}
		},
		{
			"from": [5.5, -15, 5.5],
			"to": [10.5, -12, 10.5],
			"faces": {
				"north": {"uv": [15, 0, 10, 3], "texture": "#0"},
				"east": {"uv": [12, 8, 7, 11], "texture": "#0"},
				"south": {"uv": [7, 12, 2, 15], "texture": "#0"},
				"west": {"uv": [15, 4, 10, 7], "texture": "#0"}
			}
		},
		{
			"from": [5.5, -15, 27],
			"to": [10.5, -12, 32],
			"faces": {
				"north": {"uv": [0, 4, 5, 7], "texture": "#0"},
				"east": {"uv": [11, 4, 16, 7], "texture": "#0"},
				"south": {"uv": [4, 8, 9, 11], "texture": "#0"},
				"west": {"uv": [2, 8, 7, 11], "texture": "#0"}
			}
		},
		{
			"name": "carton",
			"from": [-8.5, 6, -15.5],
			"to": [7.5, 22, 0],
			"faces": {
				"north": {"uv": [0, 0, 8, 8], "texture": "#1_0"},
				"east": {"uv": [8, 0, 16, 8], "texture": "#1_0"},
				"south": {"uv": [0, 0, 8, 8], "texture": "#1_0"},
				"west": {"uv": [8, 0, 16, 8], "texture": "#1_0"},
				"up": {"uv": [0, 8, 8, 16], "texture": "#1_0"},
				"down": {"uv": [8, 8, 16, 16], "texture": "#1_0"}
			}
		},
		{
			"name": "carton",
			"from": [-8.5, 6, 16],
			"to": [7.5, 22, 31.5],
			"faces": {
				"north": {"uv": [0, 0, 8, 8], "texture": "#1_0"},
				"east": {"uv": [8, 0, 16, 8], "texture": "#1_0"},
				"south": {"uv": [0, 0, 8, 8], "texture": "#1_0"},
				"west": {"uv": [8, 0, 16, 8], "texture": "#1_0"},
				"up": {"uv": [0, 8, 8, 16], "texture": "#1_0"},
				"down": {"uv": [8, 8, 16, 16], "texture": "#1_0"}
			}
		},
		{
			"name": "carton",
			"from": [-8.5, 6, 0],
			"to": [7.5, 22, 16],
			"faces": {
				"north": {"uv": [0, 0, 8, 8], "texture": "#1_0"},
				"east": {"uv": [8, 0, 16, 8], "texture": "#1_0"},
				"south": {"uv": [0, 0, 8, 8], "texture": "#1_0"},
				"west": {"uv": [8, 0, 16, 8], "texture": "#1_0"},
				"up": {"uv": [0, 8, 8, 16], "texture": "#1_0"},
				"down": {"uv": [8, 8, 16, 16], "texture": "#1_0"}
			}
		},
		{
			"name": "carton",
			"from": [8.5, 6, -15.5],
			"to": [24.5, 22, 0],
			"faces": {
				"north": {"uv": [0, 0, 8, 8], "texture": "#1_0"},
				"east": {"uv": [8, 0, 16, 8], "texture": "#1_0"},
				"south": {"uv": [0, 0, 8, 8], "texture": "#1_0"},
				"west": {"uv": [8, 0, 16, 8], "texture": "#1_0"},
				"up": {"uv": [0, 8, 8, 16], "texture": "#1_0"},
				"down": {"uv": [8, 8, 16, 16], "texture": "#1_0"}
			}
		},
		{
			"name": "carton",
			"from": [8.5, 6, 16],
			"to": [24.5, 22, 31.5],
			"faces": {
				"north": {"uv": [0, 0, 8, 8], "texture": "#1_0"},
				"east": {"uv": [8, 0, 16, 8], "texture": "#1_0"},
				"south": {"uv": [0, 0, 8, 8], "texture": "#1_0"},
				"west": {"uv": [8, 0, 16, 8], "texture": "#1_0"},
				"up": {"uv": [0, 8, 8, 16], "texture": "#1_0"},
				"down": {"uv": [8, 8, 16, 16], "texture": "#1_0"}
			}
		},
		{
			"name": "carton",
			"from": [8.5, 6, 0],
			"to": [24.5, 22, 16],
			"faces": {
				"north": {"uv": [0, 0, 8, 8], "texture": "#1_0"},
				"east": {"uv": [8, 0, 16, 8], "texture": "#1_0"},
				"south": {"uv": [0, 0, 8, 8], "texture": "#1_0"},
				"west": {"uv": [8, 0, 16, 8], "texture": "#1_0"},
				"up": {"uv": [0, 8, 8, 16], "texture": "#1_0"},
				"down": {"uv": [8, 8, 16, 16], "texture": "#1_0"}
			}
		},
		{
			"name": "carton",
			"from": [-8.5, -10, -15.5],
			"to": [7.5, 6, 0],
			"faces": {
				"north": {"uv": [0, 0, 8, 8], "texture": "#1_0"},
				"east": {"uv": [8, 0, 16, 8], "texture": "#1_0"},
				"south": {"uv": [0, 0, 8, 8], "texture": "#1_0"},
				"west": {"uv": [8, 0, 16, 8], "texture": "#1_0"},
				"up": {"uv": [0, 8, 8, 16], "texture": "#1_0"},
				"down": {"uv": [8, 8, 16, 16], "texture": "#1_0"}
			}
		},
		{
			"name": "carton",
			"from": [-8.5, -10, 16],
			"to": [7.5, 6, 31.5],
			"faces": {
				"north": {"uv": [0, 0, 8, 8], "texture": "#1_0"},
				"east": {"uv": [8, 0, 16, 8], "texture": "#1_0"},
				"south": {"uv": [0, 0, 8, 8], "texture": "#1_0"},
				"west": {"uv": [8, 0, 16, 8], "texture": "#1_0"},
				"up": {"uv": [0, 8, 8, 16], "texture": "#1_0"},
				"down": {"uv": [8, 8, 16, 16], "texture": "#1_0"}
			}
		},
		{
			"name": "carton",
			"from": [-8.5, -10, 0],
			"to": [7.5, 6, 16],
			"faces": {
				"north": {"uv": [0, 0, 8, 8], "texture": "#1_0"},
				"east": {"uv": [8, 0, 16, 8], "texture": "#1_0"},
				"south": {"uv": [0, 0, 8, 8], "texture": "#1_0"},
				"west": {"uv": [8, 0, 16, 8], "texture": "#1_0"},
				"up": {"uv": [0, 8, 8, 16], "texture": "#1_0"},
				"down": {"uv": [8, 8, 16, 16], "texture": "#1_0"}
			}
		},
		{
			"name": "carton",
			"from": [8.5, -10, -15.5],
			"to": [24.5, 6, 0],
			"faces": {
				"north": {"uv": [0, 0, 8, 8], "texture": "#1_0"},
				"east": {"uv": [8, 0, 16, 8], "texture": "#1_0"},
				"south": {"uv": [0, 0, 8, 8], "texture": "#1_0"},
				"west": {"uv": [8, 0, 16, 8], "texture": "#1_0"},
				"up": {"uv": [0, 8, 8, 16], "texture": "#1_0"},
				"down": {"uv": [8, 8, 16, 16], "texture": "#1_0"}
			}
		},
		{
			"name": "carton",
			"from": [8.5, -10, 16],
			"to": [24.5, 6, 31.5],
			"faces": {
				"north": {"uv": [0, 0, 8, 8], "texture": "#1_0"},
				"east": {"uv": [8, 0, 16, 8], "texture": "#1_0"},
				"south": {"uv": [0, 0, 8, 8], "texture": "#1_0"},
				"west": {"uv": [8, 0, 16, 8], "texture": "#1_0"},
				"up": {"uv": [0, 8, 8, 16], "texture": "#1_0"},
				"down": {"uv": [8, 8, 16, 16], "texture": "#1_0"}
			}
		},
		{
			"name": "carton",
			"from": [8.5, -10, 0],
			"to": [24.5, 6, 16],
			"faces": {
				"north": {"uv": [0, 0, 8, 8], "texture": "#1_0"},
				"east": {"uv": [8, 0, 16, 8], "texture": "#1_0"},
				"south": {"uv": [0, 0, 8, 8], "texture": "#1_0"},
				"west": {"uv": [8, 0, 16, 8], "texture": "#1_0"},
				"up": {"uv": [0, 8, 8, 16], "texture": "#1_0"},
				"down": {"uv": [8, 8, 16, 16], "texture": "#1_0"}
			}
		},
		{
			"name": "papier_bulle",
			"from": [-8.75, -8, -15.75],
			"to": [24.75, 20, 31.75],
			"faces": {
				"north": {"uv": [0, 1.332, 16, 14.655], "texture": "#3"},
				"east": {"uv": [0, 0.719, 16, 10.066], "texture": "#4"},
				"south": {"uv": [0, 1.332, 16, 14.655], "texture": "#3"},
				"west": {"uv": [0, 0.719, 16, 10.066], "texture": "#4"}
			}
		}
	],
	"display": {
		"thirdperson_righthand": {
			"rotation": [77, 0, 0],
			"translation": [0, 5.75, 1.75],
			"scale": [0.3, 0.3, 0.3]
		},
		"thirdperson_lefthand": {
			"rotation": [77, 0, 0],
			"translation": [0, 5.75, 1.75],
			"scale": [0.3, 0.3, 0.3]
		},
		"firstperson_righthand": {
			"rotation": [60, 145, -41],
			"translation": [4.5, 4.25, 0],
			"scale": [0.4, 0.4, 0.4]
		},
		"firstperson_lefthand": {
			"rotation": [60, 145, -41],
			"translation": [4.5, 4.25, 0],
			"scale": [0.4, 0.4, 0.4]
		},
		"ground": {
			"translation": [0, 3.5, 0],
			"scale": [0.25, 0.25, 0.25]
		},
		"gui": {
			"rotation": [30, 225, 0],
			"translation": [0, 1.5, 0],
			"scale": [0.3, 0.3, 0.3]
		},
		"head": {
			"translation": [0, 29.5, 0],
			"scale": [2.5, 2.5, 2.5]
		},
		"fixed": {
			"rotation": [-90, 0, 0],
			"translation": [0, 0, -49],
			"scale": [1.8, 2, 1.9]
		}
	},
	"groups": [
		{
			"name": "Palette",
			"origin": [2.5, 8, 24],
			"children": [0, 1, 2, 3, 4, 5, 6, 7, 8, 9, 10, 11, 12, 13, 14, 15, 16, 17, 18, 19]
		},
		{
			"name": "cartons",
			"origin": [8, 8, 8],
			"children": [
				{
					"name": "group",
					"origin": [16.5, -1.84375, 8],
					"children": [20, 21, 22, 23, 24, 25]
				},
				{
					"name": "group",
					"origin": [16.5, -1.84375, 8],
					"children": [26, 27, 28, 29, 30, 31]
				}
			]
		}, 32]
}