{
	"credit": "Made with Blockbench",
	"textures": {
		"0": "block/oak_planks",
		"particle": "block/oak_planks"
	},
	"elements": [
		{
			"from": [-9, 5, -16],
			"to": [-4, 6, 32],
			"faces": {
				"north": {"uv": [0, 0, 1, 5], "rotation": 90, "texture": "#0"},
				"east": {"uv": [0, 0, 16, 1], "texture": "#0"},
				"south": {"uv": [15, 0, 16, 5], "rotation": 90, "texture": "#0"},
				"west": {"uv": [0, 0, 16, 1], "texture": "#0"},
				"up": {"uv": [0, 0, 16, 3], "rotation": 90, "texture": "#0"},
				"down": {"uv": [0, 12, 16, 15], "rotation": 90, "texture": "#0"}
			}
		},
		{
			"from": [20, 1, -16],
			"to": [25, 4, -11],
			"faces": {
				"north": {"uv": [10, 0, 15, 3], "texture": "#0"},
				"east": {"uv": [5, 0, 10, 3], "texture": "#0"},
				"south": {"uv": [0, 0, 5, 3], "texture": "#0"},
				"west": {"uv": [0, 4, 5, 7], "texture": "#0"}
			}
		},
		{
			"from": [-1.5, 5, -16],
			"to": [3.5, 6, 32],
			"faces": {
				"north": {"uv": [11, 0, 16, 1], "texture": "#0"},
				"east": {"uv": [0, 1, 16, 2], "texture": "#0"},
				"south": {"uv": [6, 0, 11, 1], "texture": "#0"},
				"west": {"uv": [0, 0, 16, 1], "texture": "#0"},
				"up": {"uv": [0, 8, 16, 11], "rotation": 90, "texture": "#0"},
				"down": {"uv": [0, 0, 16, 3], "rotation": 270, "texture": "#0"}
			}
		},
		{
			"from": [5.5, 5, -16],
			"to": [10.5, 6, 32],
			"faces": {
				"north": {"uv": [6, 0, 11, 1], "texture": "#0"},
				"east": {"uv": [0, 2, 16, 3], "texture": "#0"},
				"south": {"uv": [8, 9, 13, 10], "texture": "#0"},
				"west": {"uv": [0, 0, 16, 1], "texture": "#0"},
				"up": {"uv": [0, 4, 16, 7], "rotation": 90, "texture": "#0"},
				"down": {"uv": [0, 8, 16, 11], "rotation": 90, "texture": "#0"}
			}
		},
		{
			"from": [12.5, 5, -16],
			"to": [17.5, 6, 32],
			"faces": {
				"north": {"uv": [3, 5, 8, 6], "texture": "#0"},
				"east": {"uv": [0, 6, 16, 7], "texture": "#0"},
				"south": {"uv": [4, 9, 5, 14], "rotation": 90, "texture": "#0"},
				"west": {"uv": [0, 0, 16, 1], "texture": "#0"},
				"up": {"uv": [0, 0, 16, 3], "rotation": 270, "texture": "#0"},
				"down": {"uv": [0, 0, 16, 3], "rotation": 90, "texture": "#0"}
			}
		},
		{
			"from": [20, 5, -16],
			"to": [25, 6, 32],
			"faces": {
				"north": {"uv": [4, 3, 5, 8], "rotation": 90, "texture": "#0"},
				"east": {"uv": [0, 8, 16, 9], "texture": "#0"},
				"south": {"uv": [15, 6, 16, 11], "rotation": 90, "texture": "#0"},
				"west": {"uv": [0, 0, 16, 1], "texture": "#0"},
				"up": {"uv": [0, 12, 16, 15], "rotation": 90, "texture": "#0"},
				"down": {"uv": [0, 4, 16, 7], "rotation": 90, "texture": "#0"}
			}
		},
		{
			"from": [-9, 4, -16],
			"to": [25, 5, -11],
			"faces": {
				"north": {"uv": [0, 1, 16, 2], "texture": "#0"},
				"east": {"uv": [8, 0, 13, 1], "texture": "#0"},
				"south": {"uv": [0, 0, 16, 1], "texture": "#0"},
				"west": {"uv": [2, 2, 7, 3], "texture": "#0"},
				"up": {"uv": [0, 0, 16, 3], "texture": "#0"},
				"down": {"uv": [0, 12, 16, 15], "rotation": 180, "texture": "#0"}
			}
		},
		{
			"from": [-9, 4, 27],
			"to": [25, 5, 32],
			"faces": {
				"north": {"uv": [0, 1, 16, 2], "texture": "#0"},
				"east": {"uv": [8, 0, 13, 1], "texture": "#0"},
				"south": {"uv": [0, 8, 16, 9], "texture": "#0"},
				"west": {"uv": [2, 8, 7, 9], "texture": "#0"},
				"up": {"uv": [0, 4, 16, 7], "texture": "#0"},
				"down": {"uv": [0, 4, 16, 7], "rotation": 180, "texture": "#0"}
			}
		},
		{
			"from": [-9, 4, 5.5],
			"to": [25, 5, 10.5],
			"faces": {
				"north": {"uv": [0, 1, 16, 2], "texture": "#0"},
				"east": {"uv": [8, 0, 13, 1], "texture": "#0"},
				"south": {"uv": [0, 0, 16, 1], "texture": "#0"},
				"west": {"uv": [9, 6, 14, 7], "texture": "#0"},
				"up": {"uv": [0, 8, 16, 11], "texture": "#0"},
				"down": {"uv": [0, 8, 16, 11], "rotation": 180, "texture": "#0"}
			}
		},
		{
			"from": [-9, 0, -16],
			"to": [-4, 1, 32],
			"faces": {
				"north": {"uv": [4, 8, 5, 3], "rotation": 90, "texture": "#0"},
				"east": {"uv": [16, 0, 0, 1], "texture": "#0"},
				"south": {"uv": [8, 7, 13, 6], "texture": "#0"},
				"west": {"uv": [16, 8, 0, 9], "texture": "#0"},
				"up": {"uv": [0, 15, 16, 12], "rotation": 90, "texture": "#0"},
				"down": {"uv": [0, 7, 16, 4], "rotation": 90, "texture": "#0"}
			}
		},
		{
			"from": [5.5, 0, -16],
			"to": [10.5, 1, 32],
			"faces": {
				"north": {"uv": [11, 0, 6, 1], "texture": "#0"},
				"east": {"uv": [16, 0, 0, 1], "texture": "#0"},
				"south": {"uv": [13, 9, 8, 10], "texture": "#0"},
				"west": {"uv": [16, 2, 0, 3], "texture": "#0"},
				"up": {"uv": [0, 7, 16, 4], "rotation": 90, "texture": "#0"},
				"down": {"uv": [0, 11, 16, 8], "rotation": 90, "texture": "#0"}
			}
		},
		{
			"from": [20, 0, -16],
			"to": [25, 1, 32],
			"faces": {
				"north": {"uv": [3, 12, 4, 7], "rotation": 90, "texture": "#0"},
				"east": {"uv": [16, 0, 0, 1], "texture": "#0"},
				"south": {"uv": [3, 2, 8, 1], "texture": "#0"},
				"west": {"uv": [16, 0, 0, 1], "texture": "#0"},
				"up": {"uv": [0, 3, 16, 0], "rotation": 90, "texture": "#0"},
				"down": {"uv": [0, 15, 16, 12], "rotation": 90, "texture": "#0"}
			}
		},
		{
			"from": [20, 1, 5.5],
			"to": [25, 4, 10.5],
			"faces": {
				"north": {"uv": [15, 0, 10, 3], "texture": "#0"},
				"east": {"uv": [5, 4, 0, 7], "texture": "#0"},
				"south": {"uv": [5, 0, 0, 3], "texture": "#0"},
				"west": {"uv": [10, 0, 5, 3], "texture": "#0"}
			}
		},
		{
			"from": [20, 1, 27],
			"to": [25, 4, 32],
			"faces": {
				"north": {"uv": [0, 4, 5, 7], "texture": "#0"},
				"east": {"uv": [11, 4, 16, 7], "texture": "#0"},
				"south": {"uv": [8, 4, 13, 7], "texture": "#0"},
				"west": {"uv": [2, 8, 7, 11], "texture": "#0"}
			}
		},
		{
			"from": [-9, 1, 27],
			"to": [-4, 4, 32],
			"faces": {
				"north": {"uv": [5, 4, 0, 7], "texture": "#0"},
				"east": {"uv": [7, 8, 2, 11], "texture": "#0"},
				"south": {"uv": [13, 4, 8, 7], "texture": "#0"},
				"west": {"uv": [13, 4, 8, 7], "texture": "#0"}
			}
		},
		{
			"from": [-9, 1, 5.5],
			"to": [-4, 4, 10.5],
			"faces": {
				"north": {"uv": [10, 0, 15, 3], "texture": "#0"},
				"east": {"uv": [5, 0, 10, 3], "texture": "#0"},
				"south": {"uv": [0, 0, 5, 3], "texture": "#0"},
				"west": {"uv": [2, 4, 7, 7], "texture": "#0"}
			}
		},
		{
			"from": [-9, 1, -16],
			"to": [-4, 4, -11],
			"faces": {
				"north": {"uv": [15, 0, 10, 3], "texture": "#0"},
				"east": {"uv": [5, 4, 0, 7], "texture": "#0"},
				"south": {"uv": [5, 0, 0, 3], "texture": "#0"},
				"west": {"uv": [13, 4, 8, 7], "texture": "#0"}
			}
		},
		{
			"from": [5.5, 1, -16],
			"to": [10.5, 4, -11],
			"faces": {
				"north": {"uv": [1, 4, 6, 7], "texture": "#0"},
				"east": {"uv": [5, 0, 10, 3], "texture": "#0"},
				"south": {"uv": [0, 0, 5, 3], "texture": "#0"},
				"west": {"uv": [2, 4, 7, 7], "texture": "#0"}
			}
		},
		{
			"from": [5.5, 1, 5.5],
			"to": [10.5, 4, 10.5],
			"faces": {
				"north": {"uv": [15, 0, 10, 3], "texture": "#0"},
				"east": {"uv": [12, 8, 7, 11], "texture": "#0"},
				"south": {"uv": [7, 12, 2, 15], "texture": "#0"},
				"west": {"uv": [15, 4, 10, 7], "texture": "#0"}
			}
		},
		{
			"from": [5.5, 1, 27],
			"to": [10.5, 4, 32],
			"faces": {
				"north": {"uv": [0, 4, 5, 7], "texture": "#0"},
				"east": {"uv": [11, 4, 16, 7], "texture": "#0"},
				"south": {"uv": [4, 8, 9, 11], "texture": "#0"},
				"west": {"uv": [2, 8, 7, 11], "texture": "#0"}
			}
		}
	],
	"display": {
		"thirdperson_righthand": {
			"rotation": [77, 0, 0],
			"translation": [0, 5.75, 1.75],
			"scale": [0.3, 0.3, 0.3]
		},
		"thirdperson_lefthand": {
			"rotation": [77, 0, 0],
			"translation": [0, 5.75, 1.75],
			"scale": [0.3, 0.3, 0.3]
		},
		"firstperson_righthand": {
			"rotation": [60, 145, -41],
			"translation": [4.5, 4.25, 0],
			"scale": [0.4, 0.4, 0.4]
		},
		"firstperson_lefthand": {
			"rotation": [60, 145, -41],
			"translation": [4.5, 4.25, 0],
			"scale": [0.4, 0.4, 0.4]
		},
		"ground": {
			"scale": [0.25, 0.25, 0.25]
		},
		"gui": {
			"rotation": [30, 225, 0],
			"scale": [0.35, 0.35, 0.35]
		},
		"head": {
			"translation": [0, -10.25, 0],
			"scale": [2.5, 2.5, 2.5]
		},
		"fixed": {
			"rotation": [-90, 0, 0],
			"translation": [0, 0, -17],
			"scale": [1.8, 2, 1.9]
		}
	},
	"groups": [
		{
			"name": "Palette",
			"origin": [2.5, 8, 24],
			"children": [0, 1, 2, 3, 4, 5, 6, 7, 8, 9, 10, 11, 12, 13, 14, 15, 16, 17, 18, 19]
		}
	]
}