{
	"credit": "Made by Daminator4113, with Blockbench",
	"textures": {
		"particle": "entity/pnj/template"
	},
	"elements": [
		{
			"name": "head",
			"from": [4, 4, 4],
			"to": [12, 12, 12],
			"faces": {
				"north": {"uv": [2, 2, 4, 4], "texture": "#particle"},
				"east": {"uv": [0, 2, 2, 4], "texture": "#particle"},
				"south": {"uv": [6, 2, 8, 4], "texture": "#particle"},
				"west": {"uv": [4, 2, 6, 4], "texture": "#particle"},
				"up": {"uv": [4, 2, 2, 0], "texture": "#particle"},
				"down": {"uv": [6, 0, 4, 2], "texture": "#particle"}
			}
		},
		{
			"name": "head_2nd_layer",
			"from": [3.5, 3.5, 3.5],
			"to": [12.5, 12.5, 12.5],
			"faces": {
				"north": {"uv": [10, 2, 12, 4], "texture": "#particle"},
				"east": {"uv": [8, 2, 10, 4], "texture": "#particle"},
				"south": {"uv": [14, 2, 16, 4], "texture": "#particle"},
				"west": {"uv": [12, 2, 14, 4], "texture": "#particle"},
				"up": {"uv": [12, 2, 10, 0], "texture": "#particle"},
				"down": {"uv": [14, 0, 12, 2], "texture": "#particle"}
			}
		}
	],
	"display": {
		"head": {
			"scale": [1.6, 1.6, 1.6]
		}
	},
	"groups": [
		{
			"name": "head",
			"origin": [8, 8, 8],
			"children": [0, 1]
		}
	]
}