{
	"credit": "Made by Daminator4113, with Blockbench",
	"textures": {
		"particle": "entity/pnj/template"
	},
	"elements": [
		{
			"name": "arm",
			"from": [6, 2, 6],
			"to": [10, 14, 10],
			"faces": {
				"north": {"uv": [11, 5, 12, 8], "texture": "#particle"},
				"east": {"uv": [10, 5, 11, 8], "texture": "#particle"},
				"south": {"uv": [13, 5, 14, 8], "texture": "#particle"},
				"west": {"uv": [12, 5, 13, 8], "texture": "#particle"},
				"up": {"uv": [11, 4, 12, 5], "texture": "#particle"},
				"down": {"uv": [12, 4, 13, 5], "texture": "#particle"}
			}
		},
		{
			"name": "arm_2nd_layer",
			"from": [5.75, 1.75, 5.75],
			"to": [10.25, 14.25, 10.25],
			"faces": {
				"north": {"uv": [11, 9, 12, 12], "texture": "#particle"},
				"east": {"uv": [10, 9, 11, 12], "texture": "#particle"},
				"south": {"uv": [13, 9, 14, 12], "texture": "#particle"},
				"west": {"uv": [12, 9, 13, 12], "texture": "#particle"},
				"up": {"uv": [11, 8, 12, 9], "texture": "#particle"},
				"down": {"uv": [12, 8, 13, 9], "texture": "#particle"}
			}
		}
	],
	"display": {
		"thirdperson_righthand": {
			"rotation": [90, 0, 0],
			"translation": [0, -2, 6]
		},
		"thirdperson_lefthand": {
			"rotation": [90, 0, 0],
			"translation": [0, -2, 6]
		}
	},
	"groups": [
		{
			"name": "arm",
			"origin": [8, 8, 8],
			"children": [0, 1]
		}
	]
}