{
	"credit": "Made by Daminator4113, with Blockbench",
	"texture_size": [64, 64],
	"textures": {
		"6": "custom/rover/curiosity_roue",
		"2_2": "custom/rover/curiosity_amortisseur"
	},
	"elements": [
		{
			"from": [8.5, 12, 7],
			"to": [9.5, 20, 9],
			"shade": false,
			"rotation": {"angle": -22.5, "axis": "z", "origin": [1, 21, -8]},
			"faces": {
				"north": {"uv": [0, 8, 1, 16], "texture": "#2_2"},
				"east": {"uv": [0, 0, 2, 8], "texture": "#2_2"},
				"south": {"uv": [0, 8, 1, 16], "texture": "#2_2"},
				"west": {"uv": [2, 2, 4, 10], "texture": "#2_2"},
				"up": {"uv": [5, 4, 4, 2], "texture": "#2_2"},
				"down": {"uv": [10, 12, 9, 14], "texture": "#2_2"}
			}
		},
		{
			"from": [7.1, 8, 7],
			"to": [8.1, 16, 9],
			"shade": false,
			"rotation": {"angle": 0, "axis": "y", "origin": [-0.5, 17.5, -8]},
			"faces": {
				"north": {"uv": [1, 8, 0, 16], "texture": "#2_2"},
				"east": {"uv": [2, 0, 0, 8], "texture": "#2_2"},
				"south": {"uv": [2, 8, 1, 16], "texture": "#2_2"},
				"west": {"uv": [4, 2, 2, 10], "texture": "#2_2"},
				"up": {"uv": [4, 4, 5, 2], "texture": "#2_2"},
				"down": {"uv": [9, 12, 10, 14], "texture": "#2_2"}
			}
		},
		{
			"name": "axe",
			"from": [4.5, 8.99, -1],
			"to": [5.5, 9.99, 9],
			"rotation": {"angle": 0, "axis": "y", "origin": [12.5, 17, 7]},
			"faces": {
				"north": {"uv": [9, 8, 10, 9], "texture": "#2_2"},
				"east": {"uv": [2, 0, 12, 1], "texture": "#2_2"},
				"south": {"uv": [12, 11, 13, 12], "texture": "#2_2"},
				"west": {"uv": [2, 1, 12, 2], "texture": "#2_2"},
				"up": {"uv": [4, 4, 5, 14], "texture": "#2_2"},
				"down": {"uv": [5, 5, 6, 15], "texture": "#2_2"}
			}
		},
		{
			"from": [6.5, 9, -1],
			"to": [9.5, 10, 0],
			"rotation": {"angle": -22.5, "axis": "z", "origin": [6.5, 10, -0.5]},
			"faces": {
				"north": {"uv": [6, 5, 9, 6], "texture": "#2_2"},
				"east": {"uv": [12, 13, 13, 14], "texture": "#2_2"},
				"south": {"uv": [10, 4, 13, 5], "texture": "#2_2"},
				"up": {"uv": [14, 6, 11, 5], "texture": "#2_2"},
				"down": {"uv": [14, 6, 11, 7], "texture": "#2_2"}
			}
		},
		{
			"from": [8.95, 2.7, -1],
			"to": [9.95, 7.7, 0],
			"rotation": {"angle": -22.5, "axis": "z", "origin": [10, 10.5, -0.5]},
			"faces": {
				"north": {"uv": [2, 10, 3, 15], "texture": "#2_2"},
				"east": {"uv": [3, 10, 4, 15], "texture": "#2_2"},
				"south": {"uv": [10, 10, 11, 15], "texture": "#2_2"},
				"west": {"uv": [11, 11, 12, 16], "texture": "#2_2"}
			}
		},
		{
			"from": [4, 8.5, -1.5],
			"to": [6, 11, 0.5],
			"rotation": {"angle": 0, "axis": "y", "origin": [12, 16.5, 6.5]},
			"faces": {
				"north": {"uv": [8, 2, 10, 5], "texture": "#2_2"},
				"east": {"uv": [6, 9, 8, 12], "texture": "#2_2"},
				"south": {"uv": [8, 9, 10, 12], "texture": "#2_2"},
				"west": {"uv": [9, 5, 11, 8], "texture": "#2_2"},
				"up": {"uv": [10, 2, 12, 4], "texture": "#2_2"},
				"down": {"uv": [10, 8, 12, 10], "texture": "#2_2"}
			}
		},
		{
			"from": [3.5, 9, -2],
			"to": [6.5, 10, 1],
			"rotation": {"angle": 0, "axis": "y", "origin": [11.5, 17, 6]},
			"faces": {
				"north": {"uv": [11, 7, 14, 8], "texture": "#2_2"},
				"east": {"uv": [11, 10, 14, 11], "texture": "#2_2"},
				"south": {"uv": [6, 12, 9, 13], "texture": "#2_2"},
				"west": {"uv": [12, 12, 15, 13], "texture": "#2_2"},
				"up": {"uv": [5, 2, 8, 5], "texture": "#2_2"},
				"down": {"uv": [9, 6, 6, 9], "texture": "#2_2"}
			}
		},
		{
			"from": [4.5, 11, -1],
			"to": [5.5, 13, 0],
			"rotation": {"angle": 0, "axis": "y", "origin": [12.5, 19, 7]},
			"faces": {
				"north": {"uv": [12, 0, 13, 2], "texture": "#2_2"},
				"east": {"uv": [12, 2, 13, 4], "texture": "#2_2"},
				"south": {"uv": [12, 8, 13, 10], "texture": "#2_2"},
				"west": {"uv": [6, 13, 7, 15], "texture": "#2_2"},
				"up": {"uv": [13, 0, 14, 1], "texture": "#2_2"}
			}
		},
		{
			"from": [2, 2.5, 2.75],
			"to": [7, 5.5, 3.25],
			"rotation": {"angle": -22.5, "axis": "x", "origin": [4.5, 3.75, -0.5]},
			"faces": {
				"north": {"uv": [5, 3, 10, 6], "texture": "#6"},
				"east": {"uv": [10, 0, 11, 3], "rotation": 180, "texture": "#6"},
				"south": {"uv": [5, 0, 10, 3], "texture": "#6"},
				"west": {"uv": [10, 0, 11, 3], "texture": "#6"},
				"up": {"uv": [5, 6, 10, 7], "texture": "#6"},
				"down": {"uv": [10, 6, 5, 7], "texture": "#6"}
			}
		},
		{
			"from": [2, 2, -4.25],
			"to": [7, 5, -3.75],
			"rotation": {"angle": -22.5, "axis": "x", "origin": [4.5, 3.75, -0.5]},
			"faces": {
				"north": {"uv": [5, 0, 10, 3], "rotation": 180, "texture": "#6"},
				"east": {"uv": [10, 0, 11, 3], "texture": "#6"},
				"south": {"uv": [5, 3, 10, 6], "rotation": 180, "texture": "#6"},
				"west": {"uv": [10, 0, 11, 3], "rotation": 180, "texture": "#6"},
				"up": {"uv": [10, 6, 5, 7], "texture": "#6"},
				"down": {"uv": [5, 6, 10, 7], "texture": "#6"}
			}
		},
		{
			"from": [2, 7, -2.25],
			"to": [7, 7.5, 0.75],
			"rotation": {"angle": -22.5, "axis": "x", "origin": [4.5, 3.75, -0.5]},
			"faces": {
				"north": {"uv": [5, 6, 10, 7], "rotation": 180, "texture": "#6"},
				"east": {"uv": [10, 0, 11, 3], "rotation": 270, "texture": "#6"},
				"south": {"uv": [10, 6, 5, 7], "texture": "#6"},
				"west": {"uv": [10, 0, 11, 3], "rotation": 270, "texture": "#6"},
				"up": {"uv": [5, 0, 10, 3], "texture": "#6"},
				"down": {"uv": [5, 3, 10, 6], "rotation": 180, "texture": "#6"}
			}
		},
		{
			"from": [2, 0, -1.75],
			"to": [7, 0.5, 1.25],
			"rotation": {"angle": -22.5, "axis": "x", "origin": [4.5, 3.75, -0.5]},
			"faces": {
				"north": {"uv": [10, 6, 5, 7], "rotation": 180, "texture": "#6"},
				"east": {"uv": [10, 0, 11, 3], "rotation": 90, "texture": "#6"},
				"south": {"uv": [5, 6, 10, 7], "texture": "#6"},
				"west": {"uv": [10, 0, 11, 3], "rotation": 90, "texture": "#6"},
				"up": {"uv": [5, 3, 10, 6], "rotation": 180, "texture": "#6"},
				"down": {"uv": [5, 0, 10, 3], "texture": "#6"}
			}
		},
		{
			"from": [2, 7, -2.25],
			"to": [7, 7.5, 0.75],
			"rotation": {"angle": 22.5, "axis": "x", "origin": [4.5, 3.75, -0.5]},
			"faces": {
				"north": {"uv": [5, 6, 10, 7], "rotation": 180, "texture": "#6"},
				"east": {"uv": [10, 0, 11, 3], "rotation": 270, "texture": "#6"},
				"south": {"uv": [10, 6, 5, 7], "texture": "#6"},
				"west": {"uv": [10, 0, 11, 3], "rotation": 270, "texture": "#6"},
				"up": {"uv": [5, 0, 10, 3], "texture": "#6"},
				"down": {"uv": [5, 3, 10, 6], "rotation": 180, "texture": "#6"}
			}
		},
		{
			"from": [2, 0, -1.75],
			"to": [7, 0.5, 1.25],
			"rotation": {"angle": 22.5, "axis": "x", "origin": [4.5, 3.75, -0.5]},
			"faces": {
				"north": {"uv": [10, 6, 5, 7], "rotation": 180, "texture": "#6"},
				"east": {"uv": [10, 0, 11, 3], "rotation": 90, "texture": "#6"},
				"south": {"uv": [5, 6, 10, 7], "texture": "#6"},
				"west": {"uv": [10, 0, 11, 3], "rotation": 90, "texture": "#6"},
				"up": {"uv": [5, 3, 10, 6], "rotation": 180, "texture": "#6"},
				"down": {"uv": [5, 0, 10, 3], "texture": "#6"}
			}
		},
		{
			"from": [2, 2, -4.25],
			"to": [7, 5, -3.75],
			"rotation": {"angle": 22.5, "axis": "x", "origin": [4.5, 3.75, -0.5]},
			"faces": {
				"north": {"uv": [5, 0, 10, 3], "rotation": 180, "texture": "#6"},
				"east": {"uv": [10, 0, 11, 3], "texture": "#6"},
				"south": {"uv": [5, 3, 10, 6], "rotation": 180, "texture": "#6"},
				"west": {"uv": [10, 0, 11, 3], "rotation": 180, "texture": "#6"},
				"up": {"uv": [10, 6, 5, 7], "texture": "#6"},
				"down": {"uv": [5, 6, 10, 7], "texture": "#6"}
			}
		},
		{
			"from": [2, 2.5, 2.75],
			"to": [7, 5.5, 3.25],
			"rotation": {"angle": 22.5, "axis": "x", "origin": [4.5, 3.75, -0.5]},
			"faces": {
				"north": {"uv": [5, 3, 10, 6], "texture": "#6"},
				"east": {"uv": [10, 0, 11, 3], "rotation": 180, "texture": "#6"},
				"south": {"uv": [5, 0, 10, 3], "texture": "#6"},
				"west": {"uv": [10, 0, 11, 3], "texture": "#6"},
				"up": {"uv": [5, 6, 10, 7], "texture": "#6"},
				"down": {"uv": [10, 6, 5, 7], "texture": "#6"}
			}
		},
		{
			"from": [2.5, 3.5, 0.25],
			"to": [3, 4, 3.25],
			"rotation": {"angle": 0, "axis": "y", "origin": [2.75, 3.75, -0.5]},
			"faces": {
				"east": {"uv": [8, 12, 11, 13], "texture": "#6"},
				"west": {"uv": [8, 12, 11, 13], "texture": "#6"},
				"up": {"uv": [8, 13, 9, 16], "texture": "#6"},
				"down": {"uv": [8, 13, 9, 16], "texture": "#6"}
			}
		},
		{
			"from": [2.5, 3.5, -4.25],
			"to": [3, 4, -1.25],
			"rotation": {"angle": 0, "axis": "x", "origin": [2.75, 3.75, -0.5]},
			"faces": {
				"east": {"uv": [8, 12, 11, 13], "rotation": 180, "texture": "#6"},
				"west": {"uv": [8, 12, 11, 13], "rotation": 180, "texture": "#6"},
				"up": {"uv": [8, 13, 9, 16], "texture": "#6"},
				"down": {"uv": [8, 13, 9, 16], "texture": "#6"}
			}
		},
		{
			"from": [2.5, 4.5, -0.75],
			"to": [3, 7.5, -0.25],
			"rotation": {"angle": 0, "axis": "x", "origin": [2.75, 3.75, -0.5]},
			"faces": {
				"north": {"uv": [8, 13, 9, 16], "rotation": 180, "texture": "#6"},
				"east": {"uv": [8, 12, 11, 13], "rotation": 90, "texture": "#6"},
				"south": {"uv": [8, 13, 9, 16], "texture": "#6"},
				"west": {"uv": [8, 12, 11, 13], "rotation": 270, "texture": "#6"}
			}
		},
		{
			"from": [2.5, 0, -0.75],
			"to": [3, 3, -0.25],
			"rotation": {"angle": 0, "axis": "x", "origin": [2.75, 3.75, -0.5]},
			"faces": {
				"north": {"uv": [8, 13, 9, 16], "rotation": 180, "texture": "#6"},
				"east": {"uv": [8, 12, 11, 13], "rotation": 270, "texture": "#6"},
				"south": {"uv": [8, 13, 9, 16], "texture": "#6"},
				"west": {"uv": [8, 12, 11, 13], "rotation": 90, "texture": "#6"}
			}
		},
		{
			"name": "axe",
			"from": [2, 3, -1.25],
			"to": [7.5, 4.5, 0.25],
			"rotation": {"angle": 45, "axis": "x", "origin": [4.75, 3.75, -0.5]},
			"faces": {
				"north": {"uv": [2, 8, 8, 10], "texture": "#6"},
				"east": {"uv": [0, 8, 2, 10], "texture": "#6"},
				"south": {"uv": [2, 8, 8, 10], "texture": "#6"},
				"west": {"uv": [0, 8, 2, 10], "texture": "#6"},
				"up": {"uv": [2, 8, 8, 10], "texture": "#6"},
				"down": {"uv": [2, 10, 8, 12], "texture": "#6"}
			}
		},
		{
			"from": [2, 2.5, 2.75],
			"to": [7, 5.5, 3.25],
			"rotation": {"angle": -45, "axis": "x", "origin": [3.98077, 3.75, -0.5]},
			"faces": {
				"north": {"uv": [0, 3, 5, 6], "texture": "#6"},
				"east": {"uv": [10, 3, 11, 6], "rotation": 180, "texture": "#6"},
				"south": {"uv": [0, 0, 5, 3], "texture": "#6"},
				"west": {"uv": [10, 3, 11, 6], "texture": "#6"},
				"up": {"uv": [0, 6, 5, 7], "texture": "#6"},
				"down": {"uv": [5, 6, 0, 7], "texture": "#6"}
			}
		},
		{
			"from": [2, 2, -4.25],
			"to": [7, 5, -3.75],
			"rotation": {"angle": -45, "axis": "x", "origin": [3.98077, 3.75, -0.5]},
			"faces": {
				"north": {"uv": [0, 0, 5, 3], "rotation": 180, "texture": "#6"},
				"east": {"uv": [10, 3, 11, 6], "texture": "#6"},
				"south": {"uv": [0, 3, 5, 6], "rotation": 180, "texture": "#6"},
				"west": {"uv": [10, 3, 11, 6], "rotation": 180, "texture": "#6"},
				"up": {"uv": [5, 6, 0, 7], "texture": "#6"},
				"down": {"uv": [0, 6, 5, 7], "texture": "#6"}
			}
		},
		{
			"from": [2, 7, -2.25],
			"to": [7, 7.5, 0.75],
			"rotation": {"angle": -45, "axis": "x", "origin": [3.98077, 3.75, -0.5]},
			"faces": {
				"north": {"uv": [0, 6, 5, 7], "rotation": 180, "texture": "#6"},
				"east": {"uv": [10, 3, 11, 6], "rotation": 270, "texture": "#6"},
				"south": {"uv": [5, 6, 0, 7], "texture": "#6"},
				"west": {"uv": [10, 3, 11, 6], "rotation": 270, "texture": "#6"},
				"up": {"uv": [0, 0, 5, 3], "texture": "#6"},
				"down": {"uv": [0, 3, 5, 6], "rotation": 180, "texture": "#6"}
			}
		},
		{
			"from": [2, 0, -1.75],
			"to": [7, 0.5, 1.25],
			"rotation": {"angle": -45, "axis": "x", "origin": [3.98077, 3.75, -0.5]},
			"faces": {
				"north": {"uv": [5, 6, 0, 7], "rotation": 180, "texture": "#6"},
				"east": {"uv": [10, 3, 11, 6], "rotation": 90, "texture": "#6"},
				"south": {"uv": [0, 6, 5, 7], "texture": "#6"},
				"west": {"uv": [10, 3, 11, 6], "rotation": 90, "texture": "#6"},
				"up": {"uv": [0, 3, 5, 6], "rotation": 180, "texture": "#6"},
				"down": {"uv": [0, 0, 5, 3], "texture": "#6"}
			}
		},
		{
			"from": [2, 7, -2.25],
			"to": [7, 7.5, 0.75],
			"rotation": {"angle": 0, "axis": "x", "origin": [3.98077, 3.75, -0.5]},
			"faces": {
				"north": {"uv": [0, 6, 5, 7], "rotation": 180, "texture": "#6"},
				"east": {"uv": [10, 3, 11, 6], "rotation": 270, "texture": "#6"},
				"south": {"uv": [5, 6, 0, 7], "texture": "#6"},
				"west": {"uv": [10, 3, 11, 6], "rotation": 270, "texture": "#6"},
				"up": {"uv": [0, 0, 5, 3], "texture": "#6"},
				"down": {"uv": [0, 3, 5, 6], "rotation": 180, "texture": "#6"}
			}
		},
		{
			"from": [2, 0, -1.75],
			"to": [7, 0.5, 1.25],
			"rotation": {"angle": 0, "axis": "x", "origin": [3.98077, 3.75, -0.5]},
			"faces": {
				"north": {"uv": [5, 6, 0, 7], "rotation": 180, "texture": "#6"},
				"east": {"uv": [10, 3, 11, 6], "rotation": 90, "texture": "#6"},
				"south": {"uv": [0, 6, 5, 7], "texture": "#6"},
				"west": {"uv": [10, 3, 11, 6], "rotation": 90, "texture": "#6"},
				"up": {"uv": [0, 3, 5, 6], "rotation": 180, "texture": "#6"},
				"down": {"uv": [0, 0, 5, 3], "texture": "#6"}
			}
		},
		{
			"from": [2, 2, -4.25],
			"to": [7, 5, -3.75],
			"rotation": {"angle": 0, "axis": "x", "origin": [3.98077, 3.75, -0.5]},
			"faces": {
				"north": {"uv": [0, 0, 5, 3], "rotation": 180, "texture": "#6"},
				"east": {"uv": [10, 3, 11, 6], "texture": "#6"},
				"south": {"uv": [0, 3, 5, 6], "rotation": 180, "texture": "#6"},
				"west": {"uv": [10, 3, 11, 6], "rotation": 180, "texture": "#6"},
				"up": {"uv": [5, 6, 0, 7], "texture": "#6"},
				"down": {"uv": [0, 6, 5, 7], "texture": "#6"}
			}
		},
		{
			"from": [2, 2.5, 2.75],
			"to": [7, 5.5, 3.25],
			"rotation": {"angle": 0, "axis": "x", "origin": [3.98077, 3.75, -0.5]},
			"faces": {
				"north": {"uv": [0, 3, 5, 6], "texture": "#6"},
				"east": {"uv": [10, 3, 11, 6], "rotation": 180, "texture": "#6"},
				"south": {"uv": [0, 0, 5, 3], "texture": "#6"},
				"west": {"uv": [10, 3, 11, 6], "texture": "#6"},
				"up": {"uv": [0, 6, 5, 7], "texture": "#6"},
				"down": {"uv": [5, 6, 0, 7], "texture": "#6"}
			}
		},
		{
			"from": [2.5, 3.5, 0.25],
			"to": [3, 4, 3.25],
			"rotation": {"angle": -22.5, "axis": "x", "origin": [3.98077, 3.75, -0.5]},
			"faces": {
				"east": {"uv": [8, 11, 11, 12], "texture": "#6"},
				"west": {"uv": [8, 11, 11, 12], "texture": "#6"},
				"up": {"uv": [9, 13, 10, 16], "texture": "#6"},
				"down": {"uv": [9, 13, 10, 16], "texture": "#6"}
			}
		},
		{
			"from": [2.5, 3.5, -4.25],
			"to": [3, 4, -1.25],
			"rotation": {"angle": -22.5, "axis": "x", "origin": [3.98077, 3.75, -0.5]},
			"faces": {
				"east": {"uv": [8, 11, 11, 12], "rotation": 180, "texture": "#6"},
				"west": {"uv": [8, 11, 11, 12], "rotation": 180, "texture": "#6"},
				"up": {"uv": [9, 13, 10, 16], "texture": "#6"},
				"down": {"uv": [9, 13, 10, 16], "texture": "#6"}
			}
		},
		{
			"from": [2.5, 4.5, -0.75],
			"to": [3, 7.5, -0.25],
			"rotation": {"angle": -22.5, "axis": "x", "origin": [3.98077, 3.75, -0.5]},
			"faces": {
				"north": {"uv": [9, 13, 10, 16], "rotation": 180, "texture": "#6"},
				"east": {"uv": [8, 11, 11, 12], "rotation": 90, "texture": "#6"},
				"south": {"uv": [9, 13, 10, 16], "texture": "#6"},
				"west": {"uv": [8, 11, 11, 12], "rotation": 270, "texture": "#6"}
			}
		},
		{
			"from": [2.5, 0, -0.75],
			"to": [3, 3, -0.25],
			"rotation": {"angle": -22.5, "axis": "x", "origin": [3.98077, 3.75, -0.5]},
			"faces": {
				"north": {"uv": [9, 13, 10, 16], "rotation": 180, "texture": "#6"},
				"east": {"uv": [8, 11, 11, 12], "rotation": 270, "texture": "#6"},
				"south": {"uv": [9, 13, 10, 16], "texture": "#6"},
				"west": {"uv": [8, 11, 11, 12], "rotation": 90, "texture": "#6"}
			}
		},
		{
			"name": "axe",
			"from": [2, 3, -1.25],
			"to": [7.5, 4.5, 0.25],
			"rotation": {"angle": 22.5, "axis": "x", "origin": [3.98077, 3.75, -0.5]},
			"faces": {
				"north": {"uv": [2, 10, 8, 12], "texture": "#6"},
				"east": {"uv": [0, 10, 2, 12], "texture": "#6"},
				"south": {"uv": [2, 10, 8, 12], "texture": "#6"},
				"west": {"uv": [0, 10, 2, 12], "texture": "#6"},
				"up": {"uv": [2, 10, 8, 12], "texture": "#6"},
				"down": {"uv": [2, 10, 8, 12], "texture": "#6"}
			}
		},
		{
			"from": [2, 7, -2.25],
			"to": [7, 7.5, 0.75],
			"rotation": {"angle": 22.5, "axis": "x", "origin": [4.5, 3.75, -0.5]},
			"faces": {
				"north": {"uv": [5, 6, 10, 7], "rotation": 180, "texture": "#6"},
				"east": {"uv": [10, 0, 11, 3], "rotation": 270, "texture": "#6"},
				"south": {"uv": [10, 6, 5, 7], "texture": "#6"},
				"west": {"uv": [10, 0, 11, 3], "rotation": 270, "texture": "#6"},
				"up": {"uv": [5, 0, 10, 3], "texture": "#6"},
				"down": {"uv": [5, 3, 10, 6], "rotation": 180, "texture": "#6"}
			}
		},
		{
			"from": [2, 0, -1.75],
			"to": [7, 0.5, 1.25],
			"rotation": {"angle": 22.5, "axis": "x", "origin": [4.5, 3.75, -0.5]},
			"faces": {
				"north": {"uv": [10, 6, 5, 7], "rotation": 180, "texture": "#6"},
				"east": {"uv": [10, 0, 11, 3], "rotation": 90, "texture": "#6"},
				"south": {"uv": [5, 6, 10, 7], "texture": "#6"},
				"west": {"uv": [10, 0, 11, 3], "rotation": 90, "texture": "#6"},
				"up": {"uv": [5, 3, 10, 6], "rotation": 180, "texture": "#6"},
				"down": {"uv": [5, 0, 10, 3], "texture": "#6"}
			}
		},
		{
			"from": [2, 2, -4.25],
			"to": [7, 5, -3.75],
			"rotation": {"angle": 22.5, "axis": "x", "origin": [4.5, 3.75, -0.5]},
			"faces": {
				"north": {"uv": [5, 0, 10, 3], "rotation": 180, "texture": "#6"},
				"east": {"uv": [10, 0, 11, 3], "texture": "#6"},
				"south": {"uv": [5, 3, 10, 6], "rotation": 180, "texture": "#6"},
				"west": {"uv": [10, 0, 11, 3], "rotation": 180, "texture": "#6"},
				"up": {"uv": [10, 6, 5, 7], "texture": "#6"},
				"down": {"uv": [5, 6, 10, 7], "texture": "#6"}
			}
		},
		{
			"from": [2, 2.5, 2.75],
			"to": [7, 5.5, 3.25],
			"rotation": {"angle": 22.5, "axis": "x", "origin": [4.5, 3.75, -0.5]},
			"faces": {
				"north": {"uv": [5, 3, 10, 6], "texture": "#6"},
				"east": {"uv": [10, 0, 11, 3], "rotation": 180, "texture": "#6"},
				"south": {"uv": [5, 0, 10, 3], "texture": "#6"},
				"west": {"uv": [10, 0, 11, 3], "texture": "#6"},
				"up": {"uv": [5, 6, 10, 7], "texture": "#6"},
				"down": {"uv": [10, 6, 5, 7], "texture": "#6"}
			}
		},
		{
			"from": [2, 7, -2.25],
			"to": [7, 7.5, 0.75],
			"rotation": {"angle": -22.5, "axis": "x", "origin": [4.5, 3.75, -0.5]},
			"faces": {
				"north": {"uv": [5, 6, 10, 7], "rotation": 180, "texture": "#6"},
				"east": {"uv": [10, 0, 11, 3], "rotation": 270, "texture": "#6"},
				"south": {"uv": [10, 6, 5, 7], "texture": "#6"},
				"west": {"uv": [10, 0, 11, 3], "rotation": 270, "texture": "#6"},
				"up": {"uv": [5, 0, 10, 3], "texture": "#6"},
				"down": {"uv": [5, 3, 10, 6], "rotation": 180, "texture": "#6"}
			}
		},
		{
			"from": [2, 0, -1.75],
			"to": [7, 0.5, 1.25],
			"rotation": {"angle": -22.5, "axis": "x", "origin": [4.5, 3.75, -0.5]},
			"faces": {
				"north": {"uv": [10, 6, 5, 7], "rotation": 180, "texture": "#6"},
				"east": {"uv": [10, 0, 11, 3], "rotation": 90, "texture": "#6"},
				"south": {"uv": [5, 6, 10, 7], "texture": "#6"},
				"west": {"uv": [10, 0, 11, 3], "rotation": 90, "texture": "#6"},
				"up": {"uv": [5, 3, 10, 6], "rotation": 180, "texture": "#6"},
				"down": {"uv": [5, 0, 10, 3], "texture": "#6"}
			}
		},
		{
			"from": [2, 2, -4.25],
			"to": [7, 5, -3.75],
			"rotation": {"angle": -22.5, "axis": "x", "origin": [4.5, 3.75, -0.5]},
			"faces": {
				"north": {"uv": [5, 0, 10, 3], "rotation": 180, "texture": "#6"},
				"east": {"uv": [10, 0, 11, 3], "texture": "#6"},
				"south": {"uv": [5, 3, 10, 6], "rotation": 180, "texture": "#6"},
				"west": {"uv": [10, 0, 11, 3], "rotation": 180, "texture": "#6"},
				"up": {"uv": [10, 6, 5, 7], "texture": "#6"},
				"down": {"uv": [5, 6, 10, 7], "texture": "#6"}
			}
		},
		{
			"from": [2, 2.5, 2.75],
			"to": [7, 5.5, 3.25],
			"rotation": {"angle": -22.5, "axis": "x", "origin": [4.5, 3.75, -0.5]},
			"faces": {
				"north": {"uv": [5, 3, 10, 6], "texture": "#6"},
				"east": {"uv": [10, 0, 11, 3], "rotation": 180, "texture": "#6"},
				"south": {"uv": [5, 0, 10, 3], "texture": "#6"},
				"west": {"uv": [10, 0, 11, 3], "texture": "#6"},
				"up": {"uv": [5, 6, 10, 7], "texture": "#6"},
				"down": {"uv": [10, 6, 5, 7], "texture": "#6"}
			}
		},
		{
			"from": [2.5, 3.5, 0.25],
			"to": [3, 4, 3.25],
			"rotation": {"angle": -45, "axis": "x", "origin": [2.75, 3.75, -0.5]},
			"faces": {
				"east": {"uv": [8, 10, 11, 11], "texture": "#6"},
				"west": {"uv": [8, 10, 11, 11], "texture": "#6"},
				"up": {"uv": [10, 13, 11, 16], "texture": "#6"},
				"down": {"uv": [10, 13, 11, 16], "texture": "#6"}
			}
		},
		{
			"from": [2.5, 3.5, -4.25],
			"to": [3, 4, -1.25],
			"rotation": {"angle": -45, "axis": "x", "origin": [2.75, 3.75, -0.5]},
			"faces": {
				"east": {"uv": [8, 10, 11, 11], "rotation": 180, "texture": "#6"},
				"west": {"uv": [8, 10, 11, 11], "rotation": 180, "texture": "#6"},
				"up": {"uv": [10, 13, 11, 16], "texture": "#6"},
				"down": {"uv": [10, 13, 11, 16], "texture": "#6"}
			}
		},
		{
			"from": [2.5, 3.5, -4.25],
			"to": [3, 4, -1.25],
			"rotation": {"angle": 45, "axis": "x", "origin": [2.75, 3.75, -0.5]},
			"faces": {
				"east": {"uv": [8, 10, 11, 11], "rotation": 180, "texture": "#6"},
				"west": {"uv": [8, 10, 11, 11], "rotation": 180, "texture": "#6"},
				"up": {"uv": [10, 13, 11, 16], "texture": "#6"},
				"down": {"uv": [10, 13, 11, 16], "texture": "#6"}
			}
		},
		{
			"from": [2.5, 0, -0.75],
			"to": [3, 3, -0.25],
			"rotation": {"angle": -45, "axis": "x", "origin": [2.75, 3.75, -0.5]},
			"faces": {
				"north": {"uv": [10, 13, 11, 16], "rotation": 180, "texture": "#6"},
				"east": {"uv": [8, 10, 11, 11], "rotation": 270, "texture": "#6"},
				"south": {"uv": [10, 13, 11, 16], "texture": "#6"},
				"west": {"uv": [8, 10, 11, 11], "rotation": 90, "texture": "#6"}
			}
		},
		{
			"name": "axe",
			"from": [2, 3, -1.25],
			"to": [7.5, 4.5, 0.25],
			"rotation": {"angle": 0, "axis": "x", "origin": [4.75, 3.75, -0.5]},
			"faces": {
				"north": {"uv": [2, 12, 8, 14], "texture": "#6"},
				"east": {"uv": [0, 12, 2, 14], "texture": "#6"},
				"south": {"uv": [2, 12, 8, 14], "texture": "#6"},
				"west": {"uv": [0, 12, 2, 14], "texture": "#6"},
				"up": {"uv": [2, 12, 8, 14], "texture": "#6"},
				"down": {"uv": [2, 12, 8, 14], "texture": "#6"}
			}
		},
		{
			"from": [2, 7, -2.25],
			"to": [7, 7.5, 0.75],
			"rotation": {"angle": 0, "axis": "x", "origin": [3.98077, 3.75, -0.5]},
			"faces": {
				"north": {"uv": [0, 6, 5, 7], "rotation": 180, "texture": "#6"},
				"east": {"uv": [10, 3, 11, 6], "rotation": 270, "texture": "#6"},
				"south": {"uv": [5, 6, 0, 7], "texture": "#6"},
				"west": {"uv": [10, 3, 11, 6], "rotation": 270, "texture": "#6"},
				"up": {"uv": [0, 0, 5, 3], "texture": "#6"},
				"down": {"uv": [0, 3, 5, 6], "rotation": 180, "texture": "#6"}
			}
		},
		{
			"from": [2, 0, -1.75],
			"to": [7, 0.5, 1.25],
			"rotation": {"angle": 0, "axis": "x", "origin": [3.98077, 3.75, -0.5]},
			"faces": {
				"north": {"uv": [5, 6, 0, 7], "rotation": 180, "texture": "#6"},
				"east": {"uv": [10, 3, 11, 6], "rotation": 90, "texture": "#6"},
				"south": {"uv": [0, 6, 5, 7], "texture": "#6"},
				"west": {"uv": [10, 3, 11, 6], "rotation": 90, "texture": "#6"},
				"up": {"uv": [0, 3, 5, 6], "rotation": 180, "texture": "#6"},
				"down": {"uv": [0, 0, 5, 3], "texture": "#6"}
			}
		},
		{
			"from": [2, 2, -4.25],
			"to": [7, 5, -3.75],
			"rotation": {"angle": 0, "axis": "x", "origin": [3.98077, 3.75, -0.5]},
			"faces": {
				"north": {"uv": [0, 0, 5, 3], "rotation": 180, "texture": "#6"},
				"east": {"uv": [10, 3, 11, 6], "texture": "#6"},
				"south": {"uv": [0, 3, 5, 6], "rotation": 180, "texture": "#6"},
				"west": {"uv": [10, 3, 11, 6], "rotation": 180, "texture": "#6"},
				"up": {"uv": [5, 6, 0, 7], "texture": "#6"},
				"down": {"uv": [0, 6, 5, 7], "texture": "#6"}
			}
		},
		{
			"from": [2, 2.5, 2.75],
			"to": [7, 5.5, 3.25],
			"rotation": {"angle": 0, "axis": "x", "origin": [3.98077, 3.75, -0.5]},
			"faces": {
				"north": {"uv": [0, 3, 5, 6], "texture": "#6"},
				"east": {"uv": [10, 3, 11, 6], "rotation": 180, "texture": "#6"},
				"south": {"uv": [0, 0, 5, 3], "texture": "#6"},
				"west": {"uv": [10, 3, 11, 6], "texture": "#6"},
				"up": {"uv": [0, 6, 5, 7], "texture": "#6"},
				"down": {"uv": [5, 6, 0, 7], "texture": "#6"}
			}
		},
		{
			"from": [2, 7, -2.25],
			"to": [7, 7.5, 0.75],
			"rotation": {"angle": -45, "axis": "x", "origin": [3.98077, 3.75, -0.5]},
			"faces": {
				"north": {"uv": [0, 6, 5, 7], "rotation": 180, "texture": "#6"},
				"east": {"uv": [10, 3, 11, 6], "rotation": 270, "texture": "#6"},
				"south": {"uv": [5, 6, 0, 7], "texture": "#6"},
				"west": {"uv": [10, 3, 11, 6], "rotation": 270, "texture": "#6"},
				"up": {"uv": [0, 0, 5, 3], "texture": "#6"},
				"down": {"uv": [0, 3, 5, 6], "rotation": 180, "texture": "#6"}
			}
		},
		{
			"from": [2, 0, -1.75],
			"to": [7, 0.5, 1.25],
			"rotation": {"angle": -45, "axis": "x", "origin": [3.98077, 3.75, -0.5]},
			"faces": {
				"north": {"uv": [5, 6, 0, 7], "rotation": 180, "texture": "#6"},
				"east": {"uv": [10, 3, 11, 6], "rotation": 90, "texture": "#6"},
				"south": {"uv": [0, 6, 5, 7], "texture": "#6"},
				"west": {"uv": [10, 3, 11, 6], "rotation": 90, "texture": "#6"},
				"up": {"uv": [0, 3, 5, 6], "rotation": 180, "texture": "#6"},
				"down": {"uv": [0, 0, 5, 3], "texture": "#6"}
			}
		},
		{
			"from": [2, 2, -4.25],
			"to": [7, 5, -3.75],
			"rotation": {"angle": -45, "axis": "x", "origin": [3.98077, 3.75, -0.5]},
			"faces": {
				"north": {"uv": [0, 0, 5, 3], "rotation": 180, "texture": "#6"},
				"east": {"uv": [10, 3, 11, 6], "texture": "#6"},
				"south": {"uv": [0, 3, 5, 6], "rotation": 180, "texture": "#6"},
				"west": {"uv": [10, 3, 11, 6], "rotation": 180, "texture": "#6"},
				"up": {"uv": [5, 6, 0, 7], "texture": "#6"},
				"down": {"uv": [0, 6, 5, 7], "texture": "#6"}
			}
		},
		{
			"from": [2, 2.5, 2.75],
			"to": [7, 5.5, 3.25],
			"rotation": {"angle": -45, "axis": "x", "origin": [3.98077, 3.75, -0.5]},
			"faces": {
				"north": {"uv": [0, 3, 5, 6], "texture": "#6"},
				"east": {"uv": [10, 3, 11, 6], "rotation": 180, "texture": "#6"},
				"south": {"uv": [0, 0, 5, 3], "texture": "#6"},
				"west": {"uv": [10, 3, 11, 6], "texture": "#6"},
				"up": {"uv": [0, 6, 5, 7], "texture": "#6"},
				"down": {"uv": [5, 6, 0, 7], "texture": "#6"}
			}
		},
		{
			"from": [2.5, 3.5, 0.25],
			"to": [3, 4, 3.25],
			"rotation": {"angle": 22.5, "axis": "x", "origin": [3.98077, 3.75, -0.5]},
			"faces": {
				"east": {"uv": [8, 9, 11, 10], "texture": "#6"},
				"west": {"uv": [8, 9, 11, 10], "texture": "#6"},
				"up": {"uv": [11, 13, 12, 16], "texture": "#6"},
				"down": {"uv": [11, 13, 12, 16], "texture": "#6"}
			}
		},
		{
			"from": [2.5, 3.5, -4.25],
			"to": [3, 4, -1.25],
			"rotation": {"angle": 22.5, "axis": "x", "origin": [3.98077, 3.75, -0.5]},
			"faces": {
				"east": {"uv": [8, 9, 11, 10], "rotation": 180, "texture": "#6"},
				"west": {"uv": [8, 9, 11, 10], "rotation": 180, "texture": "#6"},
				"up": {"uv": [11, 13, 12, 16], "texture": "#6"},
				"down": {"uv": [11, 13, 12, 16], "texture": "#6"}
			}
		},
		{
			"from": [2.5, 4.5, -0.75],
			"to": [3, 7.5, -0.25],
			"rotation": {"angle": 22.5, "axis": "x", "origin": [3.98077, 3.75, -0.5]},
			"faces": {
				"north": {"uv": [11, 13, 12, 16], "rotation": 180, "texture": "#6"},
				"east": {"uv": [8, 9, 11, 10], "rotation": 90, "texture": "#6"},
				"south": {"uv": [11, 13, 12, 16], "texture": "#6"},
				"west": {"uv": [8, 9, 11, 10], "rotation": 270, "texture": "#6"}
			}
		},
		{
			"from": [2.5, 0, -0.75],
			"to": [3, 3, -0.25],
			"rotation": {"angle": 22.5, "axis": "x", "origin": [3.98077, 3.75, -0.5]},
			"faces": {
				"north": {"uv": [11, 13, 12, 16], "rotation": 180, "texture": "#6"},
				"east": {"uv": [8, 9, 11, 10], "rotation": 270, "texture": "#6"},
				"south": {"uv": [11, 13, 12, 16], "texture": "#6"},
				"west": {"uv": [8, 9, 11, 10], "rotation": 90, "texture": "#6"}
			}
		},
		{
			"name": "axe",
			"from": [2, 3, -1.25],
			"to": [7.5, 4.5, 0.25],
			"rotation": {"angle": -22.5, "axis": "x", "origin": [3.98077, 3.75, -0.5]},
			"faces": {
				"north": {"uv": [2, 14, 8, 16], "texture": "#6"},
				"east": {"uv": [0, 14, 2, 16], "texture": "#6"},
				"south": {"uv": [2, 14, 8, 16], "texture": "#6"},
				"west": {"uv": [0, 14, 2, 16], "texture": "#6"},
				"up": {"uv": [2, 14, 8, 16], "texture": "#6"},
				"down": {"uv": [2, 14, 8, 16], "texture": "#6"}
			}
		}
	],
	"display": {
		"thirdperson_lefthand": {
			"translation": [3.5, -16, -1.25]
		},
		"head": {
			"translation": [0, -28, 0],
			"scale": [1.8, 1.8, 1.8]
		}
	},
	"groups": [
		{
			"name": "sym",
			"origin": [1, 21.5, 9],
			"children": [
				{
					"name": "roue_avant",
					"origin": [-10.25, 3.75, -26.25],
					"children": [0, 1, 2,
						{
							"name": "support_roue",
							"origin": [1.5, 19, -3],
							"children": [3, 4, 5, 6, 7]
						},
						{
							"name": "roue_avant",
							"origin": [-10.25, 3.75, -26.25],
							"children": [
								{
									"name": "roue_avant1",
									"origin": [-10.25, 3.75, 7.75],
									"children": [
										{
											"name": "pneu",
											"origin": [-9.125, 3.75, 23.5],
											"children": [8, 9, 10, 11, 12, 13, 14, 15]
										},
										{
											"name": "rayon",
											"origin": [-3.25, 3.75, -10.5],
											"children": [16, 17, 18, 19, 20]
										}
									]
								},
								{
									"name": "roue_avant2",
									"origin": [-10.25, 3.75, 7.75],
									"children": [
										{
											"name": "pneu",
											"origin": [-9.125, 3.75, 23.5],
											"children": [21, 22, 23, 24, 25, 26, 27, 28]
										},
										{
											"name": "rayon",
											"origin": [-3.25, 3.75, -10.5],
											"children": [29, 30, 31, 32, 33]
										}
									]
								},
								{
									"name": "roue_avant3",
									"origin": [-10.25, 3.75, 7.75],
									"children": [
										{
											"name": "pneu",
											"origin": [-9.125, 3.75, 23.5],
											"children": [34, 35, 36, 37, 38, 39, 40, 41]
										},
										{
											"name": "rayon",
											"origin": [-3.25, 3.75, -10.5],
											"children": [42, 43, 44, 45, 46]
										}
									]
								},
								{
									"name": "roue_avant4",
									"origin": [-10.25, 3.75, 7.75],
									"children": [
										{
											"name": "pneu",
											"origin": [-9.125, 3.75, 23.5],
											"children": [47, 48, 49, 50, 51, 52, 53, 54]
										},
										{
											"name": "rayon",
											"origin": [-3.25, 3.75, -10.5],
											"children": [55, 56, 57, 58, 59]
										}
									]
								}
							]
						}
					]
				}
			]
		}
	]
}