{
	"credit": "Made by Daminator4113, with Blockbench",
	"texture_size": [64, 64],
	"textures": {
		"6": "custom/rover/curiosity_roue",
		"2_2": "custom/rover/curiosity_amortisseur"
	},
	"elements": [
		{
			"from": [11.6, 12.5, 7.5],
			"to": [12.6, 18.5, 9.5],
			"shade": false,
			"rotation": {"angle": -45, "axis": "z", "origin": [4, 21.5, 24.5]},
			"faces": {
				"north": {"uv": [0, 8, 1, 14], "texture": "#2_2"},
				"east": {"uv": [0, 0, 2, 6], "texture": "#2_2"},
				"south": {"uv": [0, 8, 1, 14], "texture": "#2_2"},
				"west": {"uv": [2, 2, 4, 8], "texture": "#2_2"},
				"up": {"uv": [4, 2, 5, 4], "texture": "#2_2"},
				"down": {"uv": [9, 12, 10, 14], "texture": "#2_2"}
			}
		},
		{
			"from": [7.1, 10, 7.5],
			"to": [8.1, 13.5, 9.5],
			"shade": false,
			"rotation": {"angle": 0, "axis": "y", "origin": [-0.5, 19.5, 24.5]},
			"faces": {
				"north": {"uv": [0, 8, 1, 12], "texture": "#2_2"},
				"east": {"uv": [0, 0, 2, 4], "texture": "#2_2"},
				"south": {"uv": [1, 8, 2, 12], "texture": "#2_2"},
				"west": {"uv": [2, 2, 4, 6], "texture": "#2_2"},
				"up": {"uv": [4, 2, 5, 4], "texture": "#2_2"},
				"down": {"uv": [9, 12, 10, 14], "texture": "#2_2"}
			}
		},
		{
			"name": "axe",
			"from": [3, 9, 7.5],
			"to": [4, 10, 17.5],
			"rotation": {"angle": 0, "axis": "y", "origin": [11, 17, 15.5]},
			"faces": {
				"north": {"uv": [9, 8, 10, 9], "texture": "#2_2"},
				"east": {"uv": [2, 0, 12, 1], "texture": "#2_2"},
				"west": {"uv": [2, 1, 12, 2], "texture": "#2_2"},
				"up": {"uv": [5, 14, 4, 4], "texture": "#2_2"},
				"down": {"uv": [6, 5, 5, 14.75], "texture": "#2_2"}
			}
		},
		{
			"from": [5, 9, 16],
			"to": [8, 10, 17],
			"rotation": {"angle": -22.5, "axis": "z", "origin": [5, 10, 16.5]},
			"faces": {
				"north": {"uv": [6, 5, 9, 6], "texture": "#2_2"},
				"east": {"uv": [12, 13, 13, 14], "texture": "#2_2"},
				"south": {"uv": [10, 4, 13, 5], "texture": "#2_2"},
				"up": {"uv": [14, 6, 11, 5], "texture": "#2_2"},
				"down": {"uv": [14, 6, 11, 7], "texture": "#2_2"}
			}
		},
		{
			"from": [7.45, 2.7, 16],
			"to": [8.45, 7.7, 17],
			"rotation": {"angle": -22.5, "axis": "z", "origin": [8.5, 10.5, 16.5]},
			"faces": {
				"north": {"uv": [2, 10, 3, 15], "texture": "#2_2"},
				"east": {"uv": [3, 10, 4, 15], "texture": "#2_2"},
				"south": {"uv": [10, 10, 11, 15], "texture": "#2_2"},
				"west": {"uv": [11, 11, 12, 16], "texture": "#2_2"}
			}
		},
		{
			"from": [2.5, 8.5, 15.5],
			"to": [4.5, 11, 17.5],
			"rotation": {"angle": 0, "axis": "y", "origin": [10.5, 16.5, 23.5]},
			"faces": {
				"north": {"uv": [8, 2, 10, 5], "texture": "#2_2"},
				"east": {"uv": [6, 9, 8, 12], "texture": "#2_2"},
				"south": {"uv": [8, 9, 10, 12], "texture": "#2_2"},
				"west": {"uv": [9, 5, 11, 8], "texture": "#2_2"},
				"up": {"uv": [10, 2, 12, 4], "texture": "#2_2"},
				"down": {"uv": [10, 8, 12, 10], "texture": "#2_2"}
			}
		},
		{
			"from": [2, 9, 15],
			"to": [5, 10, 18],
			"rotation": {"angle": 0, "axis": "y", "origin": [10, 17, 23]},
			"faces": {
				"north": {"uv": [11, 7, 14, 8], "texture": "#2_2"},
				"east": {"uv": [11, 10, 14, 11], "texture": "#2_2"},
				"south": {"uv": [6, 12, 9, 13], "texture": "#2_2"},
				"west": {"uv": [12, 12, 15, 13], "texture": "#2_2"},
				"up": {"uv": [5, 2, 8, 5], "texture": "#2_2"},
				"down": {"uv": [9, 6, 6, 9], "texture": "#2_2"}
			}
		},
		{
			"from": [3, 11, 16],
			"to": [4, 13, 17],
			"rotation": {"angle": 0, "axis": "y", "origin": [11, 19, 24]},
			"faces": {
				"north": {"uv": [12, 0, 13, 2], "texture": "#2_2"},
				"east": {"uv": [12, 2, 13, 4], "texture": "#2_2"},
				"south": {"uv": [12, 8, 13, 10], "texture": "#2_2"},
				"west": {"uv": [6, 13, 7, 15], "texture": "#2_2"},
				"up": {"uv": [13, 0, 14, 1], "texture": "#2_2"}
			}
		},
		{
			"from": [0.5, 2.5, 19.75],
			"to": [5.5, 5.5, 20.25],
			"rotation": {"angle": -22.5, "axis": "x", "origin": [3, 3.75, 16.5]},
			"faces": {
				"north": {"uv": [5, 3, 10, 6], "texture": "#6"},
				"east": {"uv": [10, 0, 11, 3], "rotation": 180, "texture": "#6"},
				"south": {"uv": [5, 0, 10, 3], "texture": "#6"},
				"west": {"uv": [10, 0, 11, 3], "texture": "#6"},
				"up": {"uv": [5, 6, 10, 7], "texture": "#6"},
				"down": {"uv": [10, 6, 5, 7], "texture": "#6"}
			}
		},
		{
			"from": [0.5, 2, 12.75],
			"to": [5.5, 5, 13.25],
			"rotation": {"angle": -22.5, "axis": "x", "origin": [3, 3.75, 16.5]},
			"faces": {
				"north": {"uv": [5, 0, 10, 3], "rotation": 180, "texture": "#6"},
				"east": {"uv": [10, 0, 11, 3], "texture": "#6"},
				"south": {"uv": [5, 3, 10, 6], "rotation": 180, "texture": "#6"},
				"west": {"uv": [10, 0, 11, 3], "rotation": 180, "texture": "#6"},
				"up": {"uv": [10, 6, 5, 7], "texture": "#6"},
				"down": {"uv": [5, 6, 10, 7], "texture": "#6"}
			}
		},
		{
			"from": [0.5, 7, 14.75],
			"to": [5.5, 7.5, 17.75],
			"rotation": {"angle": -22.5, "axis": "x", "origin": [3, 3.75, 16.5]},
			"faces": {
				"north": {"uv": [5, 6, 10, 7], "rotation": 180, "texture": "#6"},
				"east": {"uv": [10, 0, 11, 3], "rotation": 270, "texture": "#6"},
				"south": {"uv": [10, 6, 5, 7], "texture": "#6"},
				"west": {"uv": [10, 0, 11, 3], "rotation": 270, "texture": "#6"},
				"up": {"uv": [5, 0, 10, 3], "texture": "#6"},
				"down": {"uv": [5, 3, 10, 6], "rotation": 180, "texture": "#6"}
			}
		},
		{
			"from": [0.5, 0, 15.25],
			"to": [5.5, 0.5, 18.25],
			"rotation": {"angle": -22.5, "axis": "x", "origin": [3, 3.75, 16.5]},
			"faces": {
				"north": {"uv": [10, 6, 5, 7], "rotation": 180, "texture": "#6"},
				"east": {"uv": [10, 0, 11, 3], "rotation": 90, "texture": "#6"},
				"south": {"uv": [5, 6, 10, 7], "texture": "#6"},
				"west": {"uv": [10, 0, 11, 3], "rotation": 90, "texture": "#6"},
				"up": {"uv": [5, 3, 10, 6], "rotation": 180, "texture": "#6"},
				"down": {"uv": [5, 0, 10, 3], "texture": "#6"}
			}
		},
		{
			"from": [0.5, 7, 14.75],
			"to": [5.5, 7.5, 17.75],
			"rotation": {"angle": 22.5, "axis": "x", "origin": [3, 3.75, 16.5]},
			"faces": {
				"north": {"uv": [5, 6, 10, 7], "rotation": 180, "texture": "#6"},
				"east": {"uv": [10, 0, 11, 3], "rotation": 270, "texture": "#6"},
				"south": {"uv": [10, 6, 5, 7], "texture": "#6"},
				"west": {"uv": [10, 0, 11, 3], "rotation": 270, "texture": "#6"},
				"up": {"uv": [5, 0, 10, 3], "texture": "#6"},
				"down": {"uv": [5, 3, 10, 6], "rotation": 180, "texture": "#6"}
			}
		},
		{
			"from": [0.5, 0, 15.25],
			"to": [5.5, 0.5, 18.25],
			"rotation": {"angle": 22.5, "axis": "x", "origin": [3, 3.75, 16.5]},
			"faces": {
				"north": {"uv": [10, 6, 5, 7], "rotation": 180, "texture": "#6"},
				"east": {"uv": [10, 0, 11, 3], "rotation": 90, "texture": "#6"},
				"south": {"uv": [5, 6, 10, 7], "texture": "#6"},
				"west": {"uv": [10, 0, 11, 3], "rotation": 90, "texture": "#6"},
				"up": {"uv": [5, 3, 10, 6], "rotation": 180, "texture": "#6"},
				"down": {"uv": [5, 0, 10, 3], "texture": "#6"}
			}
		},
		{
			"from": [0.5, 2, 12.75],
			"to": [5.5, 5, 13.25],
			"rotation": {"angle": 22.5, "axis": "x", "origin": [3, 3.75, 16.5]},
			"faces": {
				"north": {"uv": [5, 0, 10, 3], "rotation": 180, "texture": "#6"},
				"east": {"uv": [10, 0, 11, 3], "texture": "#6"},
				"south": {"uv": [5, 3, 10, 6], "rotation": 180, "texture": "#6"},
				"west": {"uv": [10, 0, 11, 3], "rotation": 180, "texture": "#6"},
				"up": {"uv": [10, 6, 5, 7], "texture": "#6"},
				"down": {"uv": [5, 6, 10, 7], "texture": "#6"}
			}
		},
		{
			"from": [0.5, 2.5, 19.75],
			"to": [5.5, 5.5, 20.25],
			"rotation": {"angle": 22.5, "axis": "x", "origin": [3, 3.75, 16.5]},
			"faces": {
				"north": {"uv": [5, 3, 10, 6], "texture": "#6"},
				"east": {"uv": [10, 0, 11, 3], "rotation": 180, "texture": "#6"},
				"south": {"uv": [5, 0, 10, 3], "texture": "#6"},
				"west": {"uv": [10, 0, 11, 3], "texture": "#6"},
				"up": {"uv": [5, 6, 10, 7], "texture": "#6"},
				"down": {"uv": [10, 6, 5, 7], "texture": "#6"}
			}
		},
		{
			"from": [1, 3.5, 17.25],
			"to": [1.5, 4, 20.25],
			"rotation": {"angle": 0, "axis": "y", "origin": [1.25, 3.75, 16.5]},
			"faces": {
				"east": {"uv": [8, 12, 11, 13], "texture": "#6"},
				"west": {"uv": [8, 12, 11, 13], "texture": "#6"},
				"up": {"uv": [8, 13, 9, 16], "texture": "#6"},
				"down": {"uv": [8, 13, 9, 16], "texture": "#6"}
			}
		},
		{
			"from": [1, 3.5, 12.75],
			"to": [1.5, 4, 15.75],
			"rotation": {"angle": 0, "axis": "y", "origin": [1.25, 3.75, 16.5]},
			"faces": {
				"east": {"uv": [8, 12, 11, 13], "rotation": 180, "texture": "#6"},
				"west": {"uv": [8, 12, 11, 13], "rotation": 180, "texture": "#6"},
				"up": {"uv": [8, 13, 9, 16], "texture": "#6"},
				"down": {"uv": [8, 13, 9, 16], "texture": "#6"}
			}
		},
		{
			"from": [1, 4.5, 16.25],
			"to": [1.5, 7.5, 16.75],
			"rotation": {"angle": 0, "axis": "y", "origin": [1.25, 3.75, 16.5]},
			"faces": {
				"north": {"uv": [8, 13, 9, 16], "rotation": 180, "texture": "#6"},
				"east": {"uv": [8, 12, 11, 13], "rotation": 90, "texture": "#6"},
				"south": {"uv": [8, 13, 9, 16], "texture": "#6"},
				"west": {"uv": [8, 12, 11, 13], "rotation": 270, "texture": "#6"}
			}
		},
		{
			"from": [1, 0, 16.25],
			"to": [1.5, 3, 16.75],
			"rotation": {"angle": 0, "axis": "y", "origin": [1.25, 3.75, 16.5]},
			"faces": {
				"north": {"uv": [8, 13, 9, 16], "rotation": 180, "texture": "#6"},
				"east": {"uv": [8, 12, 11, 13], "rotation": 270, "texture": "#6"},
				"south": {"uv": [8, 13, 9, 16], "texture": "#6"},
				"west": {"uv": [8, 12, 11, 13], "rotation": 90, "texture": "#6"}
			}
		},
		{
			"name": "axe",
			"from": [0.5, 3, 15.75],
			"to": [6, 4.5, 17.25],
			"rotation": {"angle": 45, "axis": "x", "origin": [3.25, 3.75, 16.5]},
			"faces": {
				"north": {"uv": [2, 8, 8, 10], "texture": "#6"},
				"east": {"uv": [0, 8, 2, 10], "texture": "#6"},
				"south": {"uv": [2, 8, 8, 10], "texture": "#6"},
				"west": {"uv": [0, 8, 2, 10], "texture": "#6"},
				"up": {"uv": [2, 8, 8, 10], "texture": "#6"},
				"down": {"uv": [2, 10, 8, 12], "texture": "#6"}
			}
		},
		{
			"from": [0.5, 2.5, 19.75],
			"to": [5.5, 5.5, 20.25],
			"rotation": {"angle": -45, "axis": "x", "origin": [2.48077, 3.75, 16.5]},
			"faces": {
				"north": {"uv": [0, 3, 5, 6], "texture": "#6"},
				"east": {"uv": [10, 3, 11, 6], "rotation": 180, "texture": "#6"},
				"south": {"uv": [0, 0, 5, 3], "texture": "#6"},
				"west": {"uv": [10, 3, 11, 6], "texture": "#6"},
				"up": {"uv": [0, 6, 5, 7], "texture": "#6"},
				"down": {"uv": [5, 6, 0, 7], "texture": "#6"}
			}
		},
		{
			"from": [0.5, 2, 12.75],
			"to": [5.5, 5, 13.25],
			"rotation": {"angle": -45, "axis": "x", "origin": [2.48077, 3.75, 16.5]},
			"faces": {
				"north": {"uv": [0, 0, 5, 3], "rotation": 180, "texture": "#6"},
				"east": {"uv": [10, 3, 11, 6], "texture": "#6"},
				"south": {"uv": [0, 3, 5, 6], "rotation": 180, "texture": "#6"},
				"west": {"uv": [10, 3, 11, 6], "rotation": 180, "texture": "#6"},
				"up": {"uv": [5, 6, 0, 7], "texture": "#6"},
				"down": {"uv": [0, 6, 5, 7], "texture": "#6"}
			}
		},
		{
			"from": [0.5, 7, 14.75],
			"to": [5.5, 7.5, 17.75],
			"rotation": {"angle": -45, "axis": "x", "origin": [2.48077, 3.75, 16.5]},
			"faces": {
				"north": {"uv": [0, 6, 5, 7], "rotation": 180, "texture": "#6"},
				"east": {"uv": [10, 3, 11, 6], "rotation": 270, "texture": "#6"},
				"south": {"uv": [5, 6, 0, 7], "texture": "#6"},
				"west": {"uv": [10, 3, 11, 6], "rotation": 270, "texture": "#6"},
				"up": {"uv": [0, 0, 5, 3], "texture": "#6"},
				"down": {"uv": [0, 3, 5, 6], "rotation": 180, "texture": "#6"}
			}
		},
		{
			"from": [0.5, 0, 15.25],
			"to": [5.5, 0.5, 18.25],
			"rotation": {"angle": -45, "axis": "x", "origin": [2.48077, 3.75, 16.5]},
			"faces": {
				"north": {"uv": [5, 6, 0, 7], "rotation": 180, "texture": "#6"},
				"east": {"uv": [10, 3, 11, 6], "rotation": 90, "texture": "#6"},
				"south": {"uv": [0, 6, 5, 7], "texture": "#6"},
				"west": {"uv": [10, 3, 11, 6], "rotation": 90, "texture": "#6"},
				"up": {"uv": [0, 3, 5, 6], "rotation": 180, "texture": "#6"},
				"down": {"uv": [0, 0, 5, 3], "texture": "#6"}
			}
		},
		{
			"from": [0.5, 7, 14.75],
			"to": [5.5, 7.5, 17.75],
			"rotation": {"angle": 0, "axis": "y", "origin": [2.48077, 3.75, 16.5]},
			"faces": {
				"north": {"uv": [0, 6, 5, 7], "rotation": 180, "texture": "#6"},
				"east": {"uv": [10, 3, 11, 6], "rotation": 270, "texture": "#6"},
				"south": {"uv": [5, 6, 0, 7], "texture": "#6"},
				"west": {"uv": [10, 3, 11, 6], "rotation": 270, "texture": "#6"},
				"up": {"uv": [0, 0, 5, 3], "texture": "#6"},
				"down": {"uv": [0, 3, 5, 6], "rotation": 180, "texture": "#6"}
			}
		},
		{
			"from": [0.5, 0, 15.25],
			"to": [5.5, 0.5, 18.25],
			"rotation": {"angle": 0, "axis": "y", "origin": [2.48077, 3.75, 16.5]},
			"faces": {
				"north": {"uv": [5, 6, 0, 7], "rotation": 180, "texture": "#6"},
				"east": {"uv": [10, 3, 11, 6], "rotation": 90, "texture": "#6"},
				"south": {"uv": [0, 6, 5, 7], "texture": "#6"},
				"west": {"uv": [10, 3, 11, 6], "rotation": 90, "texture": "#6"},
				"up": {"uv": [0, 3, 5, 6], "rotation": 180, "texture": "#6"},
				"down": {"uv": [0, 0, 5, 3], "texture": "#6"}
			}
		},
		{
			"from": [0.5, 2, 12.75],
			"to": [5.5, 5, 13.25],
			"rotation": {"angle": 0, "axis": "y", "origin": [2.48077, 3.75, 16.5]},
			"faces": {
				"north": {"uv": [0, 0, 5, 3], "rotation": 180, "texture": "#6"},
				"east": {"uv": [10, 3, 11, 6], "texture": "#6"},
				"south": {"uv": [0, 3, 5, 6], "rotation": 180, "texture": "#6"},
				"west": {"uv": [10, 3, 11, 6], "rotation": 180, "texture": "#6"},
				"up": {"uv": [5, 6, 0, 7], "texture": "#6"},
				"down": {"uv": [0, 6, 5, 7], "texture": "#6"}
			}
		},
		{
			"from": [0.5, 2.5, 19.75],
			"to": [5.5, 5.5, 20.25],
			"rotation": {"angle": 0, "axis": "y", "origin": [2.48077, 3.75, 16.5]},
			"faces": {
				"north": {"uv": [0, 3, 5, 6], "texture": "#6"},
				"east": {"uv": [10, 3, 11, 6], "rotation": 180, "texture": "#6"},
				"south": {"uv": [0, 0, 5, 3], "texture": "#6"},
				"west": {"uv": [10, 3, 11, 6], "texture": "#6"},
				"up": {"uv": [0, 6, 5, 7], "texture": "#6"},
				"down": {"uv": [5, 6, 0, 7], "texture": "#6"}
			}
		},
		{
			"from": [1, 3.5, 17.25],
			"to": [1.5, 4, 20.25],
			"rotation": {"angle": -22.5, "axis": "x", "origin": [2.48077, 3.75, 16.5]},
			"faces": {
				"east": {"uv": [8, 11, 11, 12], "texture": "#6"},
				"west": {"uv": [8, 11, 11, 12], "texture": "#6"},
				"up": {"uv": [9, 13, 10, 16], "texture": "#6"},
				"down": {"uv": [9, 13, 10, 16], "texture": "#6"}
			}
		},
		{
			"from": [1, 3.5, 12.75],
			"to": [1.5, 4, 15.75],
			"rotation": {"angle": -22.5, "axis": "x", "origin": [2.48077, 3.75, 16.5]},
			"faces": {
				"east": {"uv": [8, 11, 11, 12], "rotation": 180, "texture": "#6"},
				"west": {"uv": [8, 11, 11, 12], "rotation": 180, "texture": "#6"},
				"up": {"uv": [9, 13, 10, 16], "texture": "#6"},
				"down": {"uv": [9, 13, 10, 16], "texture": "#6"}
			}
		},
		{
			"from": [1, 4.5, 16.25],
			"to": [1.5, 7.5, 16.75],
			"rotation": {"angle": -22.5, "axis": "x", "origin": [2.48077, 3.75, 16.5]},
			"faces": {
				"north": {"uv": [9, 13, 10, 16], "rotation": 180, "texture": "#6"},
				"east": {"uv": [8, 11, 11, 12], "rotation": 90, "texture": "#6"},
				"south": {"uv": [9, 13, 10, 16], "texture": "#6"},
				"west": {"uv": [8, 11, 11, 12], "rotation": 270, "texture": "#6"}
			}
		},
		{
			"from": [1, 0, 16.25],
			"to": [1.5, 3, 16.75],
			"rotation": {"angle": -22.5, "axis": "x", "origin": [2.48077, 3.75, 16.5]},
			"faces": {
				"north": {"uv": [9, 13, 10, 16], "rotation": 180, "texture": "#6"},
				"east": {"uv": [8, 11, 11, 12], "rotation": 270, "texture": "#6"},
				"south": {"uv": [9, 13, 10, 16], "texture": "#6"},
				"west": {"uv": [8, 11, 11, 12], "rotation": 90, "texture": "#6"}
			}
		},
		{
			"name": "axe",
			"from": [0.5, 3, 15.75],
			"to": [6, 4.5, 17.25],
			"rotation": {"angle": 22.5, "axis": "x", "origin": [2.48077, 3.75, 16.5]},
			"faces": {
				"north": {"uv": [2, 10, 8, 12], "texture": "#6"},
				"east": {"uv": [0, 10, 2, 12], "texture": "#6"},
				"south": {"uv": [2, 10, 8, 12], "texture": "#6"},
				"west": {"uv": [0, 10, 2, 12], "texture": "#6"},
				"up": {"uv": [2, 10, 8, 12], "texture": "#6"},
				"down": {"uv": [2, 10, 8, 12], "texture": "#6"}
			}
		},
		{
			"from": [0.5, 7, 14.75],
			"to": [5.5, 7.5, 17.75],
			"rotation": {"angle": 22.5, "axis": "x", "origin": [3, 3.75, 16.5]},
			"faces": {
				"north": {"uv": [5, 6, 10, 7], "rotation": 180, "texture": "#6"},
				"east": {"uv": [10, 0, 11, 3], "rotation": 270, "texture": "#6"},
				"south": {"uv": [10, 6, 5, 7], "texture": "#6"},
				"west": {"uv": [10, 0, 11, 3], "rotation": 270, "texture": "#6"},
				"up": {"uv": [5, 0, 10, 3], "texture": "#6"},
				"down": {"uv": [5, 3, 10, 6], "rotation": 180, "texture": "#6"}
			}
		},
		{
			"from": [0.5, 0, 15.25],
			"to": [5.5, 0.5, 18.25],
			"rotation": {"angle": 22.5, "axis": "x", "origin": [3, 3.75, 16.5]},
			"faces": {
				"north": {"uv": [10, 6, 5, 7], "rotation": 180, "texture": "#6"},
				"east": {"uv": [10, 0, 11, 3], "rotation": 90, "texture": "#6"},
				"south": {"uv": [5, 6, 10, 7], "texture": "#6"},
				"west": {"uv": [10, 0, 11, 3], "rotation": 90, "texture": "#6"},
				"up": {"uv": [5, 3, 10, 6], "rotation": 180, "texture": "#6"},
				"down": {"uv": [5, 0, 10, 3], "texture": "#6"}
			}
		},
		{
			"from": [0.5, 2, 12.75],
			"to": [5.5, 5, 13.25],
			"rotation": {"angle": 22.5, "axis": "x", "origin": [3, 3.75, 16.5]},
			"faces": {
				"north": {"uv": [5, 0, 10, 3], "rotation": 180, "texture": "#6"},
				"east": {"uv": [10, 0, 11, 3], "texture": "#6"},
				"south": {"uv": [5, 3, 10, 6], "rotation": 180, "texture": "#6"},
				"west": {"uv": [10, 0, 11, 3], "rotation": 180, "texture": "#6"},
				"up": {"uv": [10, 6, 5, 7], "texture": "#6"},
				"down": {"uv": [5, 6, 10, 7], "texture": "#6"}
			}
		},
		{
			"from": [0.5, 2.5, 19.75],
			"to": [5.5, 5.5, 20.25],
			"rotation": {"angle": 22.5, "axis": "x", "origin": [3, 3.75, 16.5]},
			"faces": {
				"north": {"uv": [5, 3, 10, 6], "texture": "#6"},
				"east": {"uv": [10, 0, 11, 3], "rotation": 180, "texture": "#6"},
				"south": {"uv": [5, 0, 10, 3], "texture": "#6"},
				"west": {"uv": [10, 0, 11, 3], "texture": "#6"},
				"up": {"uv": [5, 6, 10, 7], "texture": "#6"},
				"down": {"uv": [10, 6, 5, 7], "texture": "#6"}
			}
		},
		{
			"from": [0.5, 7, 14.75],
			"to": [5.5, 7.5, 17.75],
			"rotation": {"angle": -22.5, "axis": "x", "origin": [3, 3.75, 16.5]},
			"faces": {
				"north": {"uv": [5, 6, 10, 7], "rotation": 180, "texture": "#6"},
				"east": {"uv": [10, 0, 11, 3], "rotation": 270, "texture": "#6"},
				"south": {"uv": [10, 6, 5, 7], "texture": "#6"},
				"west": {"uv": [10, 0, 11, 3], "rotation": 270, "texture": "#6"},
				"up": {"uv": [5, 0, 10, 3], "texture": "#6"},
				"down": {"uv": [5, 3, 10, 6], "rotation": 180, "texture": "#6"}
			}
		},
		{
			"from": [0.5, 0, 15.25],
			"to": [5.5, 0.5, 18.25],
			"rotation": {"angle": -22.5, "axis": "x", "origin": [3, 3.75, 16.5]},
			"faces": {
				"north": {"uv": [10, 6, 5, 7], "rotation": 180, "texture": "#6"},
				"east": {"uv": [10, 0, 11, 3], "rotation": 90, "texture": "#6"},
				"south": {"uv": [5, 6, 10, 7], "texture": "#6"},
				"west": {"uv": [10, 0, 11, 3], "rotation": 90, "texture": "#6"},
				"up": {"uv": [5, 3, 10, 6], "rotation": 180, "texture": "#6"},
				"down": {"uv": [5, 0, 10, 3], "texture": "#6"}
			}
		},
		{
			"from": [0.5, 2, 12.75],
			"to": [5.5, 5, 13.25],
			"rotation": {"angle": -22.5, "axis": "x", "origin": [3, 3.75, 16.5]},
			"faces": {
				"north": {"uv": [5, 0, 10, 3], "rotation": 180, "texture": "#6"},
				"east": {"uv": [10, 0, 11, 3], "texture": "#6"},
				"south": {"uv": [5, 3, 10, 6], "rotation": 180, "texture": "#6"},
				"west": {"uv": [10, 0, 11, 3], "rotation": 180, "texture": "#6"},
				"up": {"uv": [10, 6, 5, 7], "texture": "#6"},
				"down": {"uv": [5, 6, 10, 7], "texture": "#6"}
			}
		},
		{
			"from": [0.5, 2.5, 19.75],
			"to": [5.5, 5.5, 20.25],
			"rotation": {"angle": -22.5, "axis": "x", "origin": [3, 3.75, 16.5]},
			"faces": {
				"north": {"uv": [5, 3, 10, 6], "texture": "#6"},
				"east": {"uv": [10, 0, 11, 3], "rotation": 180, "texture": "#6"},
				"south": {"uv": [5, 0, 10, 3], "texture": "#6"},
				"west": {"uv": [10, 0, 11, 3], "texture": "#6"},
				"up": {"uv": [5, 6, 10, 7], "texture": "#6"},
				"down": {"uv": [10, 6, 5, 7], "texture": "#6"}
			}
		},
		{
			"from": [1, 3.5, 17.25],
			"to": [1.5, 4, 20.25],
			"rotation": {"angle": -45, "axis": "x", "origin": [1.25, 3.75, 16.5]},
			"faces": {
				"east": {"uv": [8, 10, 11, 11], "texture": "#6"},
				"west": {"uv": [8, 10, 11, 11], "texture": "#6"},
				"up": {"uv": [10, 13, 11, 16], "texture": "#6"},
				"down": {"uv": [10, 13, 11, 16], "texture": "#6"}
			}
		},
		{
			"from": [1, 3.5, 12.75],
			"to": [1.5, 4, 15.75],
			"rotation": {"angle": -45, "axis": "x", "origin": [1.25, 3.75, 16.5]},
			"faces": {
				"east": {"uv": [8, 10, 11, 11], "rotation": 180, "texture": "#6"},
				"west": {"uv": [8, 10, 11, 11], "rotation": 180, "texture": "#6"},
				"up": {"uv": [10, 13, 11, 16], "texture": "#6"},
				"down": {"uv": [10, 13, 11, 16], "texture": "#6"}
			}
		},
		{
			"from": [1, 3.5, 12.75],
			"to": [1.5, 4, 15.75],
			"rotation": {"angle": 45, "axis": "x", "origin": [1.25, 3.75, 16.5]},
			"faces": {
				"east": {"uv": [8, 10, 11, 11], "rotation": 180, "texture": "#6"},
				"west": {"uv": [8, 10, 11, 11], "rotation": 180, "texture": "#6"},
				"up": {"uv": [10, 13, 11, 16], "texture": "#6"},
				"down": {"uv": [10, 13, 11, 16], "texture": "#6"}
			}
		},
		{
			"from": [1, 0, 16.25],
			"to": [1.5, 3, 16.75],
			"rotation": {"angle": -45, "axis": "x", "origin": [1.25, 3.75, 16.5]},
			"faces": {
				"north": {"uv": [10, 13, 11, 16], "rotation": 180, "texture": "#6"},
				"east": {"uv": [8, 10, 11, 11], "rotation": 270, "texture": "#6"},
				"south": {"uv": [10, 13, 11, 16], "texture": "#6"},
				"west": {"uv": [8, 10, 11, 11], "rotation": 90, "texture": "#6"}
			}
		},
		{
			"name": "axe",
			"from": [0.5, 3, 15.75],
			"to": [6, 4.5, 17.25],
			"rotation": {"angle": 0, "axis": "y", "origin": [3.25, 3.75, 16.5]},
			"faces": {
				"north": {"uv": [2, 12, 8, 14], "texture": "#6"},
				"east": {"uv": [0, 12, 2, 14], "texture": "#6"},
				"south": {"uv": [2, 12, 8, 14], "texture": "#6"},
				"west": {"uv": [0, 12, 2, 14], "texture": "#6"},
				"up": {"uv": [2, 12, 8, 14], "texture": "#6"},
				"down": {"uv": [2, 12, 8, 14], "texture": "#6"}
			}
		},
		{
			"from": [0.5, 7, 14.75],
			"to": [5.5, 7.5, 17.75],
			"rotation": {"angle": 0, "axis": "y", "origin": [2.48077, 3.75, 16.5]},
			"faces": {
				"north": {"uv": [0, 6, 5, 7], "rotation": 180, "texture": "#6"},
				"east": {"uv": [10, 3, 11, 6], "rotation": 270, "texture": "#6"},
				"south": {"uv": [5, 6, 0, 7], "texture": "#6"},
				"west": {"uv": [10, 3, 11, 6], "rotation": 270, "texture": "#6"},
				"up": {"uv": [0, 0, 5, 3], "texture": "#6"},
				"down": {"uv": [0, 3, 5, 6], "rotation": 180, "texture": "#6"}
			}
		},
		{
			"from": [0.5, 0, 15.25],
			"to": [5.5, 0.5, 18.25],
			"rotation": {"angle": 0, "axis": "y", "origin": [2.48077, 3.75, 16.5]},
			"faces": {
				"north": {"uv": [5, 6, 0, 7], "rotation": 180, "texture": "#6"},
				"east": {"uv": [10, 3, 11, 6], "rotation": 90, "texture": "#6"},
				"south": {"uv": [0, 6, 5, 7], "texture": "#6"},
				"west": {"uv": [10, 3, 11, 6], "rotation": 90, "texture": "#6"},
				"up": {"uv": [0, 3, 5, 6], "rotation": 180, "texture": "#6"},
				"down": {"uv": [0, 0, 5, 3], "texture": "#6"}
			}
		},
		{
			"from": [0.5, 2, 12.75],
			"to": [5.5, 5, 13.25],
			"rotation": {"angle": 0, "axis": "y", "origin": [2.48077, 3.75, 16.5]},
			"faces": {
				"north": {"uv": [0, 0, 5, 3], "rotation": 180, "texture": "#6"},
				"east": {"uv": [10, 3, 11, 6], "texture": "#6"},
				"south": {"uv": [0, 3, 5, 6], "rotation": 180, "texture": "#6"},
				"west": {"uv": [10, 3, 11, 6], "rotation": 180, "texture": "#6"},
				"up": {"uv": [5, 6, 0, 7], "texture": "#6"},
				"down": {"uv": [0, 6, 5, 7], "texture": "#6"}
			}
		},
		{
			"from": [0.5, 2.5, 19.75],
			"to": [5.5, 5.5, 20.25],
			"rotation": {"angle": 0, "axis": "y", "origin": [2.48077, 3.75, 16.5]},
			"faces": {
				"north": {"uv": [0, 3, 5, 6], "texture": "#6"},
				"east": {"uv": [10, 3, 11, 6], "rotation": 180, "texture": "#6"},
				"south": {"uv": [0, 0, 5, 3], "texture": "#6"},
				"west": {"uv": [10, 3, 11, 6], "texture": "#6"},
				"up": {"uv": [0, 6, 5, 7], "texture": "#6"},
				"down": {"uv": [5, 6, 0, 7], "texture": "#6"}
			}
		},
		{
			"from": [0.5, 7, 14.75],
			"to": [5.5, 7.5, 17.75],
			"rotation": {"angle": -45, "axis": "x", "origin": [2.48077, 3.75, 16.5]},
			"faces": {
				"north": {"uv": [0, 6, 5, 7], "rotation": 180, "texture": "#6"},
				"east": {"uv": [10, 3, 11, 6], "rotation": 270, "texture": "#6"},
				"south": {"uv": [5, 6, 0, 7], "texture": "#6"},
				"west": {"uv": [10, 3, 11, 6], "rotation": 270, "texture": "#6"},
				"up": {"uv": [0, 0, 5, 3], "texture": "#6"},
				"down": {"uv": [0, 3, 5, 6], "rotation": 180, "texture": "#6"}
			}
		},
		{
			"from": [0.5, 0, 15.25],
			"to": [5.5, 0.5, 18.25],
			"rotation": {"angle": -45, "axis": "x", "origin": [2.48077, 3.75, 16.5]},
			"faces": {
				"north": {"uv": [5, 6, 0, 7], "rotation": 180, "texture": "#6"},
				"east": {"uv": [10, 3, 11, 6], "rotation": 90, "texture": "#6"},
				"south": {"uv": [0, 6, 5, 7], "texture": "#6"},
				"west": {"uv": [10, 3, 11, 6], "rotation": 90, "texture": "#6"},
				"up": {"uv": [0, 3, 5, 6], "rotation": 180, "texture": "#6"},
				"down": {"uv": [0, 0, 5, 3], "texture": "#6"}
			}
		},
		{
			"from": [0.5, 2, 12.75],
			"to": [5.5, 5, 13.25],
			"rotation": {"angle": -45, "axis": "x", "origin": [2.48077, 3.75, 16.5]},
			"faces": {
				"north": {"uv": [0, 0, 5, 3], "rotation": 180, "texture": "#6"},
				"east": {"uv": [10, 3, 11, 6], "texture": "#6"},
				"south": {"uv": [0, 3, 5, 6], "rotation": 180, "texture": "#6"},
				"west": {"uv": [10, 3, 11, 6], "rotation": 180, "texture": "#6"},
				"up": {"uv": [5, 6, 0, 7], "texture": "#6"},
				"down": {"uv": [0, 6, 5, 7], "texture": "#6"}
			}
		},
		{
			"from": [0.5, 2.5, 19.75],
			"to": [5.5, 5.5, 20.25],
			"rotation": {"angle": -45, "axis": "x", "origin": [2.48077, 3.75, 16.5]},
			"faces": {
				"north": {"uv": [0, 3, 5, 6], "texture": "#6"},
				"east": {"uv": [10, 3, 11, 6], "rotation": 180, "texture": "#6"},
				"south": {"uv": [0, 0, 5, 3], "texture": "#6"},
				"west": {"uv": [10, 3, 11, 6], "texture": "#6"},
				"up": {"uv": [0, 6, 5, 7], "texture": "#6"},
				"down": {"uv": [5, 6, 0, 7], "texture": "#6"}
			}
		},
		{
			"from": [1, 3.5, 17.25],
			"to": [1.5, 4, 20.25],
			"rotation": {"angle": 22.5, "axis": "x", "origin": [2.48077, 3.75, 16.5]},
			"faces": {
				"east": {"uv": [8, 9, 11, 10], "texture": "#6"},
				"west": {"uv": [8, 9, 11, 10], "texture": "#6"},
				"up": {"uv": [11, 13, 12, 16], "texture": "#6"},
				"down": {"uv": [11, 13, 12, 16], "texture": "#6"}
			}
		},
		{
			"from": [1, 3.5, 12.75],
			"to": [1.5, 4, 15.75],
			"rotation": {"angle": 22.5, "axis": "x", "origin": [2.48077, 3.75, 16.5]},
			"faces": {
				"east": {"uv": [8, 9, 11, 10], "rotation": 180, "texture": "#6"},
				"west": {"uv": [8, 9, 11, 10], "rotation": 180, "texture": "#6"},
				"up": {"uv": [11, 13, 12, 16], "texture": "#6"},
				"down": {"uv": [11, 13, 12, 16], "texture": "#6"}
			}
		},
		{
			"from": [1, 4.5, 16.25],
			"to": [1.5, 7.5, 16.75],
			"rotation": {"angle": 22.5, "axis": "x", "origin": [2.48077, 3.75, 16.5]},
			"faces": {
				"north": {"uv": [11, 13, 12, 16], "rotation": 180, "texture": "#6"},
				"east": {"uv": [8, 9, 11, 10], "rotation": 90, "texture": "#6"},
				"south": {"uv": [11, 13, 12, 16], "texture": "#6"},
				"west": {"uv": [8, 9, 11, 10], "rotation": 270, "texture": "#6"}
			}
		},
		{
			"from": [1, 0, 16.25],
			"to": [1.5, 3, 16.75],
			"rotation": {"angle": 22.5, "axis": "x", "origin": [2.48077, 3.75, 16.5]},
			"faces": {
				"north": {"uv": [11, 13, 12, 16], "rotation": 180, "texture": "#6"},
				"east": {"uv": [8, 9, 11, 10], "rotation": 270, "texture": "#6"},
				"south": {"uv": [11, 13, 12, 16], "texture": "#6"},
				"west": {"uv": [8, 9, 11, 10], "rotation": 90, "texture": "#6"}
			}
		},
		{
			"name": "axe",
			"from": [0.5, 3, 15.75],
			"to": [6, 4.5, 17.25],
			"rotation": {"angle": -22.5, "axis": "x", "origin": [2.48077, 3.75, 16.5]},
			"faces": {
				"north": {"uv": [2, 14, 8, 16], "texture": "#6"},
				"east": {"uv": [0, 14, 2, 16], "texture": "#6"},
				"south": {"uv": [2, 14, 8, 16], "texture": "#6"},
				"west": {"uv": [0, 14, 2, 16], "texture": "#6"},
				"up": {"uv": [2, 14, 8, 16], "texture": "#6"},
				"down": {"uv": [2, 14, 8, 16], "texture": "#6"}
			}
		}
	],
	"display": {
		"thirdperson_lefthand": {
			"translation": [3.5, -16, 18]
		},
		"head": {
			"translation": [0, -28, 0],
			"scale": [1.8, 1.8, 1.8]
		}
	}
}