{
	"credit": "Made by Daminator4113, with Blockbench",
	"texture_size": [64, 64],
	"textures": {
		"6": "custom/rover/curiosity_roue",
		"2_2": "custom/rover/curiosity_amortisseur"
	},
	"elements": [
		{
			"from": [3.4, 12.5, 7.5],
			"to": [4.4, 18.5, 9.5],
			"shade": false,
			"rotation": {"angle": 45, "axis": "z", "origin": [12, 21.5, 24.5]},
			"faces": {
				"north": {"uv": [1, 8, 0, 14], "texture": "#2_2"},
				"east": {"uv": [4, 2, 2, 8], "texture": "#2_2"},
				"south": {"uv": [1, 8, 0, 14], "texture": "#2_2"},
				"west": {"uv": [2, 0, 0, 6], "texture": "#2_2"},
				"up": {"uv": [5, 2, 4, 4], "texture": "#2_2"},
				"down": {"uv": [10, 12, 9, 14], "texture": "#2_2"}
			}
		},
		{
			"from": [7.9, 10, 7.5],
			"to": [8.9, 13.5, 9.5],
			"shade": false,
			"rotation": {"angle": 0, "axis": "y", "origin": [16.5, 19.5, 24.5]},
			"faces": {
				"north": {"uv": [1, 8, 0, 12], "texture": "#2_2"},
				"east": {"uv": [4, 2, 2, 6], "texture": "#2_2"},
				"south": {"uv": [2, 8, 1, 12], "texture": "#2_2"},
				"west": {"uv": [2, 0, 0, 4], "texture": "#2_2"},
				"up": {"uv": [5, 2, 4, 4], "texture": "#2_2"},
				"down": {"uv": [10, 12, 9, 14], "texture": "#2_2"}
			}
		},
		{
			"name": "axe",
			"from": [12, 9, 7.5],
			"to": [13, 10, 17.5],
			"rotation": {"angle": 0, "axis": "y", "origin": [5, 17, 15.5]},
			"faces": {
				"north": {"uv": [10, 8, 9, 9], "texture": "#2_2"},
				"east": {"uv": [12, 1, 2, 2], "texture": "#2_2"},
				"west": {"uv": [12, 0, 2, 1], "texture": "#2_2"},
				"up": {"uv": [4, 14, 5, 4], "texture": "#2_2"},
				"down": {"uv": [5, 5, 6, 14.75], "texture": "#2_2"}
			}
		},
		{
			"from": [8, 9, 16],
			"to": [11, 10, 17],
			"rotation": {"angle": 22.5, "axis": "z", "origin": [11, 10, 16.5]},
			"faces": {
				"north": {"uv": [9, 5, 6, 6], "texture": "#2_2"},
				"south": {"uv": [13, 4, 10, 5], "texture": "#2_2"},
				"west": {"uv": [13, 13, 12, 14], "texture": "#2_2"},
				"up": {"uv": [11, 6, 14, 5], "texture": "#2_2"},
				"down": {"uv": [11, 6, 14, 7], "texture": "#2_2"}
			}
		},
		{
			"from": [7.55, 2.7, 16],
			"to": [8.55, 7.7, 17],
			"rotation": {"angle": 22.5, "axis": "z", "origin": [7.5, 10.5, 16.5]},
			"faces": {
				"north": {"uv": [3, 10, 2, 15], "texture": "#2_2"},
				"east": {"uv": [12, 11, 11, 16], "texture": "#2_2"},
				"south": {"uv": [11, 10, 10, 15], "texture": "#2_2"},
				"west": {"uv": [4, 10, 3, 15], "texture": "#2_2"}
			}
		},
		{
			"from": [11.5, 8.5, 15.5],
			"to": [13.5, 11, 17.5],
			"rotation": {"angle": 0, "axis": "y", "origin": [5.5, 16.5, 23.5]},
			"faces": {
				"north": {"uv": [10, 2, 8, 5], "texture": "#2_2"},
				"east": {"uv": [11, 5, 9, 8], "texture": "#2_2"},
				"south": {"uv": [10, 9, 8, 12], "texture": "#2_2"},
				"west": {"uv": [8, 9, 6, 12], "texture": "#2_2"},
				"up": {"uv": [12, 2, 10, 4], "texture": "#2_2"},
				"down": {"uv": [12, 8, 10, 10], "texture": "#2_2"}
			}
		},
		{
			"from": [11, 9, 15],
			"to": [14, 10, 18],
			"rotation": {"angle": 0, "axis": "y", "origin": [6, 17, 23]},
			"faces": {
				"north": {"uv": [14, 7, 11, 8], "texture": "#2_2"},
				"east": {"uv": [15, 12, 12, 13], "texture": "#2_2"},
				"south": {"uv": [9, 12, 6, 13], "texture": "#2_2"},
				"west": {"uv": [14, 10, 11, 11], "texture": "#2_2"},
				"up": {"uv": [8, 2, 5, 5], "texture": "#2_2"},
				"down": {"uv": [6, 6, 9, 9], "texture": "#2_2"}
			}
		},
		{
			"from": [12, 11, 16],
			"to": [13, 13, 17],
			"rotation": {"angle": 0, "axis": "y", "origin": [5, 19, 24]},
			"faces": {
				"north": {"uv": [13, 0, 12, 2], "texture": "#2_2"},
				"east": {"uv": [7, 13, 6, 15], "texture": "#2_2"},
				"south": {"uv": [13, 8, 12, 10], "texture": "#2_2"},
				"west": {"uv": [13, 2, 12, 4], "texture": "#2_2"},
				"up": {"uv": [14, 0, 13, 1], "texture": "#2_2"}
			}
		},
		{
			"from": [10.5, 2.5, 19.75],
			"to": [15.5, 5.5, 20.25],
			"rotation": {"angle": -22.5, "axis": "x", "origin": [13, 3.75, 16.5]},
			"faces": {
				"north": {"uv": [10, 3, 5, 6], "texture": "#6"},
				"east": {"uv": [11, 0, 10, 3], "texture": "#6"},
				"south": {"uv": [10, 0, 5, 3], "texture": "#6"},
				"west": {"uv": [11, 0, 10, 3], "rotation": 180, "texture": "#6"},
				"up": {"uv": [10, 6, 5, 7], "texture": "#6"},
				"down": {"uv": [5, 6, 10, 7], "texture": "#6"}
			}
		},
		{
			"from": [10.5, 2, 12.75],
			"to": [15.5, 5, 13.25],
			"rotation": {"angle": -22.5, "axis": "x", "origin": [13, 3.75, 16.5]},
			"faces": {
				"north": {"uv": [10, 0, 5, 3], "rotation": 180, "texture": "#6"},
				"east": {"uv": [11, 0, 10, 3], "rotation": 180, "texture": "#6"},
				"south": {"uv": [10, 3, 5, 6], "rotation": 180, "texture": "#6"},
				"west": {"uv": [11, 0, 10, 3], "texture": "#6"},
				"up": {"uv": [5, 6, 10, 7], "texture": "#6"},
				"down": {"uv": [10, 6, 5, 7], "texture": "#6"}
			}
		},
		{
			"from": [10.5, 7, 14.75],
			"to": [15.5, 7.5, 17.75],
			"rotation": {"angle": -22.5, "axis": "x", "origin": [13, 3.75, 16.5]},
			"faces": {
				"north": {"uv": [10, 6, 5, 7], "rotation": 180, "texture": "#6"},
				"east": {"uv": [10, 3, 11, 0], "rotation": 270, "texture": "#6"},
				"south": {"uv": [5, 6, 10, 7], "texture": "#6"},
				"west": {"uv": [10, 3, 11, 0], "rotation": 270, "texture": "#6"},
				"up": {"uv": [10, 0, 5, 3], "texture": "#6"},
				"down": {"uv": [10, 3, 5, 6], "rotation": 180, "texture": "#6"}
			}
		},
		{
			"from": [10.5, 0, 15.25],
			"to": [15.5, 0.5, 18.25],
			"rotation": {"angle": -22.5, "axis": "x", "origin": [13, 3.75, 16.5]},
			"faces": {
				"north": {"uv": [5, 6, 10, 7], "rotation": 180, "texture": "#6"},
				"east": {"uv": [10, 3, 11, 0], "rotation": 90, "texture": "#6"},
				"south": {"uv": [10, 6, 5, 7], "texture": "#6"},
				"west": {"uv": [10, 3, 11, 0], "rotation": 90, "texture": "#6"},
				"up": {"uv": [10, 3, 5, 6], "rotation": 180, "texture": "#6"},
				"down": {"uv": [10, 0, 5, 3], "texture": "#6"}
			}
		},
		{
			"from": [10.5, 7, 14.75],
			"to": [15.5, 7.5, 17.75],
			"rotation": {"angle": 22.5, "axis": "x", "origin": [13, 3.75, 16.5]},
			"faces": {
				"north": {"uv": [10, 6, 5, 7], "rotation": 180, "texture": "#6"},
				"east": {"uv": [10, 3, 11, 0], "rotation": 270, "texture": "#6"},
				"south": {"uv": [5, 6, 10, 7], "texture": "#6"},
				"west": {"uv": [10, 3, 11, 0], "rotation": 270, "texture": "#6"},
				"up": {"uv": [10, 0, 5, 3], "texture": "#6"},
				"down": {"uv": [10, 3, 5, 6], "rotation": 180, "texture": "#6"}
			}
		},
		{
			"from": [10.5, 0, 15.25],
			"to": [15.5, 0.5, 18.25],
			"rotation": {"angle": 22.5, "axis": "x", "origin": [13, 3.75, 16.5]},
			"faces": {
				"north": {"uv": [5, 6, 10, 7], "rotation": 180, "texture": "#6"},
				"east": {"uv": [10, 3, 11, 0], "rotation": 90, "texture": "#6"},
				"south": {"uv": [10, 6, 5, 7], "texture": "#6"},
				"west": {"uv": [10, 3, 11, 0], "rotation": 90, "texture": "#6"},
				"up": {"uv": [10, 3, 5, 6], "rotation": 180, "texture": "#6"},
				"down": {"uv": [10, 0, 5, 3], "texture": "#6"}
			}
		},
		{
			"from": [10.5, 2, 12.75],
			"to": [15.5, 5, 13.25],
			"rotation": {"angle": 22.5, "axis": "x", "origin": [13, 3.75, 16.5]},
			"faces": {
				"north": {"uv": [10, 0, 5, 3], "rotation": 180, "texture": "#6"},
				"east": {"uv": [11, 0, 10, 3], "rotation": 180, "texture": "#6"},
				"south": {"uv": [10, 3, 5, 6], "rotation": 180, "texture": "#6"},
				"west": {"uv": [11, 0, 10, 3], "texture": "#6"},
				"up": {"uv": [5, 6, 10, 7], "texture": "#6"},
				"down": {"uv": [10, 6, 5, 7], "texture": "#6"}
			}
		},
		{
			"from": [10.5, 2.5, 19.75],
			"to": [15.5, 5.5, 20.25],
			"rotation": {"angle": 22.5, "axis": "x", "origin": [13, 3.75, 16.5]},
			"faces": {
				"north": {"uv": [10, 3, 5, 6], "texture": "#6"},
				"east": {"uv": [11, 0, 10, 3], "texture": "#6"},
				"south": {"uv": [10, 0, 5, 3], "texture": "#6"},
				"west": {"uv": [11, 0, 10, 3], "rotation": 180, "texture": "#6"},
				"up": {"uv": [10, 6, 5, 7], "texture": "#6"},
				"down": {"uv": [5, 6, 10, 7], "texture": "#6"}
			}
		},
		{
			"from": [14.5, 3.5, 17.25],
			"to": [15, 4, 20.25],
			"rotation": {"angle": 0, "axis": "y", "origin": [14.75, 3.75, 16.5]},
			"faces": {
				"east": {"uv": [11, 12, 8, 13], "texture": "#6"},
				"west": {"uv": [11, 12, 8, 13], "texture": "#6"},
				"up": {"uv": [9, 13, 8, 16], "texture": "#6"},
				"down": {"uv": [9, 13, 8, 16], "texture": "#6"}
			}
		},
		{
			"from": [14.5, 3.5, 12.75],
			"to": [15, 4, 15.75],
			"rotation": {"angle": 0, "axis": "y", "origin": [14.75, 3.75, 16.5]},
			"faces": {
				"east": {"uv": [11, 12, 8, 13], "rotation": 180, "texture": "#6"},
				"west": {"uv": [11, 12, 8, 13], "rotation": 180, "texture": "#6"},
				"up": {"uv": [9, 13, 8, 16], "texture": "#6"},
				"down": {"uv": [9, 13, 8, 16], "texture": "#6"}
			}
		},
		{
			"from": [14.5, 4.5, 16.25],
			"to": [15, 7.5, 16.75],
			"rotation": {"angle": 0, "axis": "y", "origin": [14.75, 3.75, 16.5]},
			"faces": {
				"north": {"uv": [9, 13, 8, 16], "rotation": 180, "texture": "#6"},
				"east": {"uv": [8, 13, 11, 12], "rotation": 270, "texture": "#6"},
				"south": {"uv": [9, 13, 8, 16], "texture": "#6"},
				"west": {"uv": [8, 13, 11, 12], "rotation": 90, "texture": "#6"}
			}
		},
		{
			"from": [14.5, 0, 16.25],
			"to": [15, 3, 16.75],
			"rotation": {"angle": 0, "axis": "y", "origin": [14.75, 3.75, 16.5]},
			"faces": {
				"north": {"uv": [9, 13, 8, 16], "rotation": 180, "texture": "#6"},
				"east": {"uv": [8, 13, 11, 12], "rotation": 90, "texture": "#6"},
				"south": {"uv": [9, 13, 8, 16], "texture": "#6"},
				"west": {"uv": [8, 13, 11, 12], "rotation": 270, "texture": "#6"}
			}
		},
		{
			"name": "axe",
			"from": [10, 3, 15.75],
			"to": [15.5, 4.5, 17.25],
			"rotation": {"angle": 45, "axis": "x", "origin": [12.75, 3.75, 16.5]},
			"faces": {
				"north": {"uv": [8, 8, 2, 10], "texture": "#6"},
				"east": {"uv": [2, 8, 0, 10], "texture": "#6"},
				"south": {"uv": [8, 8, 2, 10], "texture": "#6"},
				"west": {"uv": [2, 8, 0, 10], "texture": "#6"},
				"up": {"uv": [8, 8, 2, 10], "texture": "#6"},
				"down": {"uv": [8, 10, 2, 12], "texture": "#6"}
			}
		},
		{
			"from": [10.5, 2.5, 19.75],
			"to": [15.5, 5.5, 20.25],
			"rotation": {"angle": -45, "axis": "x", "origin": [13.51923, 3.75, 16.5]},
			"faces": {
				"north": {"uv": [5, 3, 0, 6], "texture": "#6"},
				"east": {"uv": [11, 3, 10, 6], "texture": "#6"},
				"south": {"uv": [5, 0, 0, 3], "texture": "#6"},
				"west": {"uv": [11, 3, 10, 6], "rotation": 180, "texture": "#6"},
				"up": {"uv": [5, 6, 0, 7], "texture": "#6"},
				"down": {"uv": [0, 6, 5, 7], "texture": "#6"}
			}
		},
		{
			"from": [10.5, 2, 12.75],
			"to": [15.5, 5, 13.25],
			"rotation": {"angle": -45, "axis": "x", "origin": [13.51923, 3.75, 16.5]},
			"faces": {
				"north": {"uv": [5, 0, 0, 3], "rotation": 180, "texture": "#6"},
				"east": {"uv": [11, 3, 10, 6], "rotation": 180, "texture": "#6"},
				"south": {"uv": [5, 3, 0, 6], "rotation": 180, "texture": "#6"},
				"west": {"uv": [11, 3, 10, 6], "texture": "#6"},
				"up": {"uv": [0, 6, 5, 7], "texture": "#6"},
				"down": {"uv": [5, 6, 0, 7], "texture": "#6"}
			}
		},
		{
			"from": [10.5, 7, 14.75],
			"to": [15.5, 7.5, 17.75],
			"rotation": {"angle": -45, "axis": "x", "origin": [13.51923, 3.75, 16.5]},
			"faces": {
				"north": {"uv": [5, 6, 0, 7], "rotation": 180, "texture": "#6"},
				"east": {"uv": [10, 6, 11, 3], "rotation": 270, "texture": "#6"},
				"south": {"uv": [0, 6, 5, 7], "texture": "#6"},
				"west": {"uv": [10, 6, 11, 3], "rotation": 270, "texture": "#6"},
				"up": {"uv": [5, 0, 0, 3], "texture": "#6"},
				"down": {"uv": [5, 3, 0, 6], "rotation": 180, "texture": "#6"}
			}
		},
		{
			"from": [10.5, 0, 15.25],
			"to": [15.5, 0.5, 18.25],
			"rotation": {"angle": -45, "axis": "x", "origin": [13.51923, 3.75, 16.5]},
			"faces": {
				"north": {"uv": [0, 6, 5, 7], "rotation": 180, "texture": "#6"},
				"east": {"uv": [10, 6, 11, 3], "rotation": 90, "texture": "#6"},
				"south": {"uv": [5, 6, 0, 7], "texture": "#6"},
				"west": {"uv": [10, 6, 11, 3], "rotation": 90, "texture": "#6"},
				"up": {"uv": [5, 3, 0, 6], "rotation": 180, "texture": "#6"},
				"down": {"uv": [5, 0, 0, 3], "texture": "#6"}
			}
		},
		{
			"from": [10.5, 7, 14.75],
			"to": [15.5, 7.5, 17.75],
			"rotation": {"angle": 0, "axis": "y", "origin": [13.51923, 3.75, 16.5]},
			"faces": {
				"north": {"uv": [5, 6, 0, 7], "rotation": 180, "texture": "#6"},
				"east": {"uv": [10, 6, 11, 3], "rotation": 270, "texture": "#6"},
				"south": {"uv": [0, 6, 5, 7], "texture": "#6"},
				"west": {"uv": [10, 6, 11, 3], "rotation": 270, "texture": "#6"},
				"up": {"uv": [5, 0, 0, 3], "texture": "#6"},
				"down": {"uv": [5, 3, 0, 6], "rotation": 180, "texture": "#6"}
			}
		},
		{
			"from": [10.5, 0, 15.25],
			"to": [15.5, 0.5, 18.25],
			"rotation": {"angle": 0, "axis": "y", "origin": [13.51923, 3.75, 16.5]},
			"faces": {
				"north": {"uv": [0, 6, 5, 7], "rotation": 180, "texture": "#6"},
				"east": {"uv": [10, 6, 11, 3], "rotation": 90, "texture": "#6"},
				"south": {"uv": [5, 6, 0, 7], "texture": "#6"},
				"west": {"uv": [10, 6, 11, 3], "rotation": 90, "texture": "#6"},
				"up": {"uv": [5, 3, 0, 6], "rotation": 180, "texture": "#6"},
				"down": {"uv": [5, 0, 0, 3], "texture": "#6"}
			}
		},
		{
			"from": [10.5, 2, 12.75],
			"to": [15.5, 5, 13.25],
			"rotation": {"angle": 0, "axis": "y", "origin": [13.51923, 3.75, 16.5]},
			"faces": {
				"north": {"uv": [5, 0, 0, 3], "rotation": 180, "texture": "#6"},
				"east": {"uv": [11, 3, 10, 6], "rotation": 180, "texture": "#6"},
				"south": {"uv": [5, 3, 0, 6], "rotation": 180, "texture": "#6"},
				"west": {"uv": [11, 3, 10, 6], "texture": "#6"},
				"up": {"uv": [0, 6, 5, 7], "texture": "#6"},
				"down": {"uv": [5, 6, 0, 7], "texture": "#6"}
			}
		},
		{
			"from": [10.5, 2.5, 19.75],
			"to": [15.5, 5.5, 20.25],
			"rotation": {"angle": 0, "axis": "y", "origin": [13.51923, 3.75, 16.5]},
			"faces": {
				"north": {"uv": [5, 3, 0, 6], "texture": "#6"},
				"east": {"uv": [11, 3, 10, 6], "texture": "#6"},
				"south": {"uv": [5, 0, 0, 3], "texture": "#6"},
				"west": {"uv": [11, 3, 10, 6], "rotation": 180, "texture": "#6"},
				"up": {"uv": [5, 6, 0, 7], "texture": "#6"},
				"down": {"uv": [0, 6, 5, 7], "texture": "#6"}
			}
		},
		{
			"from": [14.5, 3.5, 17.25],
			"to": [15, 4, 20.25],
			"rotation": {"angle": -22.5, "axis": "x", "origin": [13.51923, 3.75, 16.5]},
			"faces": {
				"east": {"uv": [11, 11, 8, 12], "texture": "#6"},
				"west": {"uv": [11, 11, 8, 12], "texture": "#6"},
				"up": {"uv": [10, 13, 9, 16], "texture": "#6"},
				"down": {"uv": [10, 13, 9, 16], "texture": "#6"}
			}
		},
		{
			"from": [14.5, 3.5, 12.75],
			"to": [15, 4, 15.75],
			"rotation": {"angle": -22.5, "axis": "x", "origin": [13.51923, 3.75, 16.5]},
			"faces": {
				"east": {"uv": [11, 11, 8, 12], "rotation": 180, "texture": "#6"},
				"west": {"uv": [11, 11, 8, 12], "rotation": 180, "texture": "#6"},
				"up": {"uv": [10, 13, 9, 16], "texture": "#6"},
				"down": {"uv": [10, 13, 9, 16], "texture": "#6"}
			}
		},
		{
			"from": [14.5, 4.5, 16.25],
			"to": [15, 7.5, 16.75],
			"rotation": {"angle": -22.5, "axis": "x", "origin": [13.51923, 3.75, 16.5]},
			"faces": {
				"north": {"uv": [10, 13, 9, 16], "rotation": 180, "texture": "#6"},
				"east": {"uv": [8, 12, 11, 11], "rotation": 270, "texture": "#6"},
				"south": {"uv": [10, 13, 9, 16], "texture": "#6"},
				"west": {"uv": [8, 12, 11, 11], "rotation": 90, "texture": "#6"}
			}
		},
		{
			"from": [14.5, 0, 16.25],
			"to": [15, 3, 16.75],
			"rotation": {"angle": -22.5, "axis": "x", "origin": [13.51923, 3.75, 16.5]},
			"faces": {
				"north": {"uv": [10, 13, 9, 16], "rotation": 180, "texture": "#6"},
				"east": {"uv": [8, 12, 11, 11], "rotation": 90, "texture": "#6"},
				"south": {"uv": [10, 13, 9, 16], "texture": "#6"},
				"west": {"uv": [8, 12, 11, 11], "rotation": 270, "texture": "#6"}
			}
		},
		{
			"name": "axe",
			"from": [10, 3, 15.75],
			"to": [15.5, 4.5, 17.25],
			"rotation": {"angle": 22.5, "axis": "x", "origin": [13.51923, 3.75, 16.5]},
			"faces": {
				"north": {"uv": [8, 10, 2, 12], "texture": "#6"},
				"east": {"uv": [2, 10, 0, 12], "texture": "#6"},
				"south": {"uv": [8, 10, 2, 12], "texture": "#6"},
				"west": {"uv": [2, 10, 0, 12], "texture": "#6"},
				"up": {"uv": [8, 10, 2, 12], "texture": "#6"},
				"down": {"uv": [8, 10, 2, 12], "texture": "#6"}
			}
		},
		{
			"from": [10.5, 7, 14.75],
			"to": [15.5, 7.5, 17.75],
			"rotation": {"angle": 22.5, "axis": "x", "origin": [13, 3.75, 16.5]},
			"faces": {
				"north": {"uv": [10, 6, 5, 7], "rotation": 180, "texture": "#6"},
				"east": {"uv": [10, 3, 11, 0], "rotation": 270, "texture": "#6"},
				"south": {"uv": [5, 6, 10, 7], "texture": "#6"},
				"west": {"uv": [10, 3, 11, 0], "rotation": 270, "texture": "#6"},
				"up": {"uv": [10, 0, 5, 3], "texture": "#6"},
				"down": {"uv": [10, 3, 5, 6], "rotation": 180, "texture": "#6"}
			}
		},
		{
			"from": [10.5, 0, 15.25],
			"to": [15.5, 0.5, 18.25],
			"rotation": {"angle": 22.5, "axis": "x", "origin": [13, 3.75, 16.5]},
			"faces": {
				"north": {"uv": [5, 6, 10, 7], "rotation": 180, "texture": "#6"},
				"east": {"uv": [10, 3, 11, 0], "rotation": 90, "texture": "#6"},
				"south": {"uv": [10, 6, 5, 7], "texture": "#6"},
				"west": {"uv": [10, 3, 11, 0], "rotation": 90, "texture": "#6"},
				"up": {"uv": [10, 3, 5, 6], "rotation": 180, "texture": "#6"},
				"down": {"uv": [10, 0, 5, 3], "texture": "#6"}
			}
		},
		{
			"from": [10.5, 2, 12.75],
			"to": [15.5, 5, 13.25],
			"rotation": {"angle": 22.5, "axis": "x", "origin": [13, 3.75, 16.5]},
			"faces": {
				"north": {"uv": [10, 0, 5, 3], "rotation": 180, "texture": "#6"},
				"east": {"uv": [11, 0, 10, 3], "rotation": 180, "texture": "#6"},
				"south": {"uv": [10, 3, 5, 6], "rotation": 180, "texture": "#6"},
				"west": {"uv": [11, 0, 10, 3], "texture": "#6"},
				"up": {"uv": [5, 6, 10, 7], "texture": "#6"},
				"down": {"uv": [10, 6, 5, 7], "texture": "#6"}
			}
		},
		{
			"from": [10.5, 2.5, 19.75],
			"to": [15.5, 5.5, 20.25],
			"rotation": {"angle": 22.5, "axis": "x", "origin": [13, 3.75, 16.5]},
			"faces": {
				"north": {"uv": [10, 3, 5, 6], "texture": "#6"},
				"east": {"uv": [11, 0, 10, 3], "texture": "#6"},
				"south": {"uv": [10, 0, 5, 3], "texture": "#6"},
				"west": {"uv": [11, 0, 10, 3], "rotation": 180, "texture": "#6"},
				"up": {"uv": [10, 6, 5, 7], "texture": "#6"},
				"down": {"uv": [5, 6, 10, 7], "texture": "#6"}
			}
		},
		{
			"from": [10.5, 7, 14.75],
			"to": [15.5, 7.5, 17.75],
			"rotation": {"angle": -22.5, "axis": "x", "origin": [13, 3.75, 16.5]},
			"faces": {
				"north": {"uv": [10, 6, 5, 7], "rotation": 180, "texture": "#6"},
				"east": {"uv": [10, 3, 11, 0], "rotation": 270, "texture": "#6"},
				"south": {"uv": [5, 6, 10, 7], "texture": "#6"},
				"west": {"uv": [10, 3, 11, 0], "rotation": 270, "texture": "#6"},
				"up": {"uv": [10, 0, 5, 3], "texture": "#6"},
				"down": {"uv": [10, 3, 5, 6], "rotation": 180, "texture": "#6"}
			}
		},
		{
			"from": [10.5, 0, 15.25],
			"to": [15.5, 0.5, 18.25],
			"rotation": {"angle": -22.5, "axis": "x", "origin": [13, 3.75, 16.5]},
			"faces": {
				"north": {"uv": [5, 6, 10, 7], "rotation": 180, "texture": "#6"},
				"east": {"uv": [10, 3, 11, 0], "rotation": 90, "texture": "#6"},
				"south": {"uv": [10, 6, 5, 7], "texture": "#6"},
				"west": {"uv": [10, 3, 11, 0], "rotation": 90, "texture": "#6"},
				"up": {"uv": [10, 3, 5, 6], "rotation": 180, "texture": "#6"},
				"down": {"uv": [10, 0, 5, 3], "texture": "#6"}
			}
		},
		{
			"from": [10.5, 2, 12.75],
			"to": [15.5, 5, 13.25],
			"rotation": {"angle": -22.5, "axis": "x", "origin": [13, 3.75, 16.5]},
			"faces": {
				"north": {"uv": [10, 0, 5, 3], "rotation": 180, "texture": "#6"},
				"east": {"uv": [11, 0, 10, 3], "rotation": 180, "texture": "#6"},
				"south": {"uv": [10, 3, 5, 6], "rotation": 180, "texture": "#6"},
				"west": {"uv": [11, 0, 10, 3], "texture": "#6"},
				"up": {"uv": [5, 6, 10, 7], "texture": "#6"},
				"down": {"uv": [10, 6, 5, 7], "texture": "#6"}
			}
		},
		{
			"from": [10.5, 2.5, 19.75],
			"to": [15.5, 5.5, 20.25],
			"rotation": {"angle": -22.5, "axis": "x", "origin": [13, 3.75, 16.5]},
			"faces": {
				"north": {"uv": [10, 3, 5, 6], "texture": "#6"},
				"east": {"uv": [11, 0, 10, 3], "texture": "#6"},
				"south": {"uv": [10, 0, 5, 3], "texture": "#6"},
				"west": {"uv": [11, 0, 10, 3], "rotation": 180, "texture": "#6"},
				"up": {"uv": [10, 6, 5, 7], "texture": "#6"},
				"down": {"uv": [5, 6, 10, 7], "texture": "#6"}
			}
		},
		{
			"from": [14.5, 3.5, 17.25],
			"to": [15, 4, 20.25],
			"rotation": {"angle": -45, "axis": "x", "origin": [14.75, 3.75, 16.5]},
			"faces": {
				"east": {"uv": [11, 10, 8, 11], "texture": "#6"},
				"west": {"uv": [11, 10, 8, 11], "texture": "#6"},
				"up": {"uv": [11, 13, 10, 16], "texture": "#6"},
				"down": {"uv": [11, 13, 10, 16], "texture": "#6"}
			}
		},
		{
			"from": [14.5, 3.5, 12.75],
			"to": [15, 4, 15.75],
			"rotation": {"angle": -45, "axis": "x", "origin": [14.75, 3.75, 16.5]},
			"faces": {
				"east": {"uv": [11, 10, 8, 11], "rotation": 180, "texture": "#6"},
				"west": {"uv": [11, 10, 8, 11], "rotation": 180, "texture": "#6"},
				"up": {"uv": [11, 13, 10, 16], "texture": "#6"},
				"down": {"uv": [11, 13, 10, 16], "texture": "#6"}
			}
		},
		{
			"from": [14.5, 3.5, 12.75],
			"to": [15, 4, 15.75],
			"rotation": {"angle": 45, "axis": "x", "origin": [14.75, 3.75, 16.5]},
			"faces": {
				"east": {"uv": [11, 10, 8, 11], "rotation": 180, "texture": "#6"},
				"west": {"uv": [11, 10, 8, 11], "rotation": 180, "texture": "#6"},
				"up": {"uv": [11, 13, 10, 16], "texture": "#6"},
				"down": {"uv": [11, 13, 10, 16], "texture": "#6"}
			}
		},
		{
			"from": [14.5, 0, 16.25],
			"to": [15, 3, 16.75],
			"rotation": {"angle": -45, "axis": "x", "origin": [14.75, 3.75, 16.5]},
			"faces": {
				"north": {"uv": [11, 13, 10, 16], "rotation": 180, "texture": "#6"},
				"east": {"uv": [8, 11, 11, 10], "rotation": 90, "texture": "#6"},
				"south": {"uv": [11, 13, 10, 16], "texture": "#6"},
				"west": {"uv": [8, 11, 11, 10], "rotation": 270, "texture": "#6"}
			}
		},
		{
			"name": "axe",
			"from": [10, 3, 15.75],
			"to": [15.5, 4.5, 17.25],
			"rotation": {"angle": 0, "axis": "y", "origin": [12.75, 3.75, 16.5]},
			"faces": {
				"north": {"uv": [8, 12, 2, 14], "texture": "#6"},
				"east": {"uv": [2, 12, 0, 14], "texture": "#6"},
				"south": {"uv": [8, 12, 2, 14], "texture": "#6"},
				"west": {"uv": [2, 12, 0, 14], "texture": "#6"},
				"up": {"uv": [8, 12, 2, 14], "texture": "#6"},
				"down": {"uv": [8, 12, 2, 14], "texture": "#6"}
			}
		},
		{
			"from": [10.5, 7, 14.75],
			"to": [15.5, 7.5, 17.75],
			"rotation": {"angle": 0, "axis": "y", "origin": [13.51923, 3.75, 16.5]},
			"faces": {
				"north": {"uv": [5, 6, 0, 7], "rotation": 180, "texture": "#6"},
				"east": {"uv": [10, 6, 11, 3], "rotation": 270, "texture": "#6"},
				"south": {"uv": [0, 6, 5, 7], "texture": "#6"},
				"west": {"uv": [10, 6, 11, 3], "rotation": 270, "texture": "#6"},
				"up": {"uv": [5, 0, 0, 3], "texture": "#6"},
				"down": {"uv": [5, 3, 0, 6], "rotation": 180, "texture": "#6"}
			}
		},
		{
			"from": [10.5, 0, 15.25],
			"to": [15.5, 0.5, 18.25],
			"rotation": {"angle": 0, "axis": "y", "origin": [13.51923, 3.75, 16.5]},
			"faces": {
				"north": {"uv": [0, 6, 5, 7], "rotation": 180, "texture": "#6"},
				"east": {"uv": [10, 6, 11, 3], "rotation": 90, "texture": "#6"},
				"south": {"uv": [5, 6, 0, 7], "texture": "#6"},
				"west": {"uv": [10, 6, 11, 3], "rotation": 90, "texture": "#6"},
				"up": {"uv": [5, 3, 0, 6], "rotation": 180, "texture": "#6"},
				"down": {"uv": [5, 0, 0, 3], "texture": "#6"}
			}
		},
		{
			"from": [10.5, 2, 12.75],
			"to": [15.5, 5, 13.25],
			"rotation": {"angle": 0, "axis": "y", "origin": [13.51923, 3.75, 16.5]},
			"faces": {
				"north": {"uv": [5, 0, 0, 3], "rotation": 180, "texture": "#6"},
				"east": {"uv": [11, 3, 10, 6], "rotation": 180, "texture": "#6"},
				"south": {"uv": [5, 3, 0, 6], "rotation": 180, "texture": "#6"},
				"west": {"uv": [11, 3, 10, 6], "texture": "#6"},
				"up": {"uv": [0, 6, 5, 7], "texture": "#6"},
				"down": {"uv": [5, 6, 0, 7], "texture": "#6"}
			}
		},
		{
			"from": [10.5, 2.5, 19.75],
			"to": [15.5, 5.5, 20.25],
			"rotation": {"angle": 0, "axis": "y", "origin": [13.51923, 3.75, 16.5]},
			"faces": {
				"north": {"uv": [5, 3, 0, 6], "texture": "#6"},
				"east": {"uv": [11, 3, 10, 6], "texture": "#6"},
				"south": {"uv": [5, 0, 0, 3], "texture": "#6"},
				"west": {"uv": [11, 3, 10, 6], "rotation": 180, "texture": "#6"},
				"up": {"uv": [5, 6, 0, 7], "texture": "#6"},
				"down": {"uv": [0, 6, 5, 7], "texture": "#6"}
			}
		},
		{
			"from": [10.5, 7, 14.75],
			"to": [15.5, 7.5, 17.75],
			"rotation": {"angle": -45, "axis": "x", "origin": [13.51923, 3.75, 16.5]},
			"faces": {
				"north": {"uv": [5, 6, 0, 7], "rotation": 180, "texture": "#6"},
				"east": {"uv": [10, 6, 11, 3], "rotation": 270, "texture": "#6"},
				"south": {"uv": [0, 6, 5, 7], "texture": "#6"},
				"west": {"uv": [10, 6, 11, 3], "rotation": 270, "texture": "#6"},
				"up": {"uv": [5, 0, 0, 3], "texture": "#6"},
				"down": {"uv": [5, 3, 0, 6], "rotation": 180, "texture": "#6"}
			}
		},
		{
			"from": [10.5, 0, 15.25],
			"to": [15.5, 0.5, 18.25],
			"rotation": {"angle": -45, "axis": "x", "origin": [13.51923, 3.75, 16.5]},
			"faces": {
				"north": {"uv": [0, 6, 5, 7], "rotation": 180, "texture": "#6"},
				"east": {"uv": [10, 6, 11, 3], "rotation": 90, "texture": "#6"},
				"south": {"uv": [5, 6, 0, 7], "texture": "#6"},
				"west": {"uv": [10, 6, 11, 3], "rotation": 90, "texture": "#6"},
				"up": {"uv": [5, 3, 0, 6], "rotation": 180, "texture": "#6"},
				"down": {"uv": [5, 0, 0, 3], "texture": "#6"}
			}
		},
		{
			"from": [10.5, 2, 12.75],
			"to": [15.5, 5, 13.25],
			"rotation": {"angle": -45, "axis": "x", "origin": [13.51923, 3.75, 16.5]},
			"faces": {
				"north": {"uv": [5, 0, 0, 3], "rotation": 180, "texture": "#6"},
				"east": {"uv": [11, 3, 10, 6], "rotation": 180, "texture": "#6"},
				"south": {"uv": [5, 3, 0, 6], "rotation": 180, "texture": "#6"},
				"west": {"uv": [11, 3, 10, 6], "texture": "#6"},
				"up": {"uv": [0, 6, 5, 7], "texture": "#6"},
				"down": {"uv": [5, 6, 0, 7], "texture": "#6"}
			}
		},
		{
			"from": [10.5, 2.5, 19.75],
			"to": [15.5, 5.5, 20.25],
			"rotation": {"angle": -45, "axis": "x", "origin": [13.51923, 3.75, 16.5]},
			"faces": {
				"north": {"uv": [5, 3, 0, 6], "texture": "#6"},
				"east": {"uv": [11, 3, 10, 6], "texture": "#6"},
				"south": {"uv": [5, 0, 0, 3], "texture": "#6"},
				"west": {"uv": [11, 3, 10, 6], "rotation": 180, "texture": "#6"},
				"up": {"uv": [5, 6, 0, 7], "texture": "#6"},
				"down": {"uv": [0, 6, 5, 7], "texture": "#6"}
			}
		},
		{
			"from": [14.5, 3.5, 17.25],
			"to": [15, 4, 20.25],
			"rotation": {"angle": 22.5, "axis": "x", "origin": [13.51923, 3.75, 16.5]},
			"faces": {
				"east": {"uv": [11, 9, 8, 10], "texture": "#6"},
				"west": {"uv": [11, 9, 8, 10], "texture": "#6"},
				"up": {"uv": [12, 13, 11, 16], "texture": "#6"},
				"down": {"uv": [12, 13, 11, 16], "texture": "#6"}
			}
		},
		{
			"from": [14.5, 3.5, 12.75],
			"to": [15, 4, 15.75],
			"rotation": {"angle": 22.5, "axis": "x", "origin": [13.51923, 3.75, 16.5]},
			"faces": {
				"east": {"uv": [11, 9, 8, 10], "rotation": 180, "texture": "#6"},
				"west": {"uv": [11, 9, 8, 10], "rotation": 180, "texture": "#6"},
				"up": {"uv": [12, 13, 11, 16], "texture": "#6"},
				"down": {"uv": [12, 13, 11, 16], "texture": "#6"}
			}
		},
		{
			"from": [14.5, 4.5, 16.25],
			"to": [15, 7.5, 16.75],
			"rotation": {"angle": 22.5, "axis": "x", "origin": [13.51923, 3.75, 16.5]},
			"faces": {
				"north": {"uv": [12, 13, 11, 16], "rotation": 180, "texture": "#6"},
				"east": {"uv": [8, 10, 11, 9], "rotation": 270, "texture": "#6"},
				"south": {"uv": [12, 13, 11, 16], "texture": "#6"},
				"west": {"uv": [8, 10, 11, 9], "rotation": 90, "texture": "#6"}
			}
		},
		{
			"from": [14.5, 0, 16.25],
			"to": [15, 3, 16.75],
			"rotation": {"angle": 22.5, "axis": "x", "origin": [13.51923, 3.75, 16.5]},
			"faces": {
				"north": {"uv": [12, 13, 11, 16], "rotation": 180, "texture": "#6"},
				"east": {"uv": [8, 10, 11, 9], "rotation": 90, "texture": "#6"},
				"south": {"uv": [12, 13, 11, 16], "texture": "#6"},
				"west": {"uv": [8, 10, 11, 9], "rotation": 270, "texture": "#6"}
			}
		},
		{
			"name": "axe",
			"from": [10, 3, 15.75],
			"to": [15.5, 4.5, 17.25],
			"rotation": {"angle": -22.5, "axis": "x", "origin": [13.51923, 3.75, 16.5]},
			"faces": {
				"north": {"uv": [8, 14, 2, 16], "texture": "#6"},
				"east": {"uv": [2, 14, 0, 16], "texture": "#6"},
				"south": {"uv": [8, 14, 2, 16], "texture": "#6"},
				"west": {"uv": [2, 14, 0, 16], "texture": "#6"},
				"up": {"uv": [8, 14, 2, 16], "texture": "#6"},
				"down": {"uv": [8, 14, 2, 16], "texture": "#6"}
			}
		}
	],
	"display": {
		"thirdperson_righthand": {
			"translation": [3.5, -16, 18]
		},
		"head": {
			"translation": [0, -28, 0],
			"scale": [1.8, 1.8, 1.8]
		}
	}
}