{
	"credit": "Made by Daminator4113, with Blockbench",
	"textures": {
		"0": "block/red_concrete",
		"particle": "block/red_concrete"
	},
	"elements": [
		{
			"from": [7, 5, 7],
			"to": [9, 14, 9],
			"rotation": {"angle": 0, "axis": "y", "origin": [8, 13.5, 8]},
			"faces": {
				"north": {"uv": [0, 0, 2, 9], "texture": "#0"},
				"east": {"uv": [0, 0, 2, 9], "texture": "#0"},
				"south": {"uv": [0, 0, 2, 9], "texture": "#0"},
				"west": {"uv": [0, 0, 2, 9], "texture": "#0"},
				"up": {"uv": [0, 0, 2, 2], "texture": "#0"}
			}
		},
		{
			"from": [6.29289, 2.62132, 7],
			"to": [8.29289, 7.62132, 9],
			"rotation": {"angle": 45, "axis": "z", "origin": [7.29289, 4.62132, 8]},
			"faces": {
				"north": {"uv": [0, 0, 2, 5], "texture": "#0"},
				"east": {"uv": [0, 0, 2, 5], "texture": "#0"},
				"south": {"uv": [0, 0, 2, 5], "texture": "#0"},
				"west": {"uv": [0, 0, 2, 5], "texture": "#0"},
				"up": {"uv": [0, 0, 2, 2], "texture": "#0"}
			}
		},
		{
			"from": [7.70711, 2.62132, 7],
			"to": [9.70711, 7.62132, 9],
			"rotation": {"angle": -45, "axis": "z", "origin": [8.70711, 4.62132, 8]},
			"faces": {
				"north": {"uv": [2, 0, 4, 5], "texture": "#0"},
				"east": {"uv": [2, 0, 4, 5], "texture": "#0"},
				"south": {"uv": [2, 0, 4, 5], "texture": "#0"},
				"west": {"uv": [2, 0, 4, 5], "texture": "#0"},
				"up": {"uv": [2, 0, 4, 2], "texture": "#0"}
			}
		}
	],
	"display": {
		"thirdperson_righthand": {
			"rotation": [-180, 90, 0],
			"translation": [0, 3.5, 1.75],
			"scale": [0.85, 0.85, 0.85]
		},
		"thirdperson_lefthand": {
			"rotation": [-180, 90, 0],
			"translation": [0, 3.5, 1.75],
			"scale": [0.85, 0.85, 0.85]
		},
		"firstperson_righthand": {
			"rotation": [0, 90, 150],
			"translation": [1.13, 4.95, 1.13],
			"scale": [0.68, 0.68, 0.68]
		},
		"firstperson_lefthand": {
			"rotation": [-180, 90, 0],
			"translation": [0, 3.5, 1.75],
			"scale": [0.85, 0.85, 0.85]
		},
		"ground": {
			"translation": [0, 3, 0]
		},
		"gui": {
			"rotation": [30, 225, 0],
			"translation": [0, -0.5, 0],
			"scale": [1.5, 1.5, 1.5]
		},
		"head": {
			"translation": [0, 15, 0]
		},
		"fixed": {
			"translation": [0, -0.25, -1.25],
			"scale": [1.5, 1.5, 1.5]
		}
	}
}