{
	"credit": "Made by Daminator4113, with Blockbench",
	"textures": {
		"0": "block/black_concrete",
		"1": "block/yellow_concrete",
		"2": "block/red_concrete",
		"3": "block/light_gray_concrete",
		"4": "custom/au_button/text",
		"5": "custom/au_button/arrow",
		"particle": "block/black_concrete"
	},
	"elements": [
		{
			"name": "octagon",
			"from": [5.962, 3.375, 6.13071],
			"to": [6.538, 3.4375, 6.36929],
			"rotation": {"angle": -22.5, "axis": "y", "origin": [6.25, 2.625, 6.25]},
			"faces": {
				"north": {"uv": [0, 0, 1, 1], "texture": "#3"},
				"east": {"uv": [0, 0, 1, 1], "texture": "#3"},
				"south": {"uv": [0, 0, 1, 1], "texture": "#3"},
				"west": {"uv": [0, 0, 1, 1], "texture": "#3"},
				"up": {"uv": [0, 0, 1, 1], "rotation": 270, "texture": "#3"},
				"down": {"uv": [0, 0, 1, 1], "rotation": 90, "texture": "#3"}
			}
		},
		{
			"name": "octagon",
			"from": [6.13071, 3.375, 5.962],
			"to": [6.36929, 3.4375, 6.538],
			"rotation": {"angle": 22.5, "axis": "y", "origin": [6.25, 2.625, 6.25]},
			"faces": {
				"north": {"uv": [0, 0, 1, 1], "texture": "#3"},
				"east": {"uv": [0, 0, 1, 1], "texture": "#3"},
				"south": {"uv": [0, 0, 1, 1], "texture": "#3"},
				"west": {"uv": [0, 0, 1, 1], "texture": "#3"},
				"up": {"uv": [0, 0, 1, 1], "texture": "#3"},
				"down": {"uv": [0, 0, 1, 1], "texture": "#3"}
			}
		},
		{
			"name": "octagon",
			"from": [6.13071, 3.375, 5.962],
			"to": [6.36929, 3.4375, 6.538],
			"rotation": {"angle": -22.5, "axis": "y", "origin": [6.25, 2.625, 6.25]},
			"faces": {
				"north": {"uv": [0, 0, 1, 1], "texture": "#3"},
				"east": {"uv": [0, 0, 1, 1], "texture": "#3"},
				"south": {"uv": [0, 0, 1, 1], "texture": "#3"},
				"west": {"uv": [0, 0, 1, 1], "texture": "#3"},
				"up": {"uv": [0, 0, 1, 1], "rotation": 270, "texture": "#3"},
				"down": {"uv": [0, 0, 1, 1], "rotation": 90, "texture": "#3"}
			}
		},
		{
			"name": "octagon",
			"from": [5.962, 3.375, 6.13071],
			"to": [6.538, 3.4375, 6.36929],
			"rotation": {"angle": 22.5, "axis": "y", "origin": [6.25, 2.625, 6.25]},
			"faces": {
				"north": {"uv": [0, 0, 1, 1], "texture": "#3"},
				"east": {"uv": [0, 0, 1, 1], "texture": "#3"},
				"south": {"uv": [0, 0, 1, 1], "texture": "#3"},
				"west": {"uv": [0, 0, 1, 1], "texture": "#3"},
				"up": {"uv": [0, 0, 1, 1], "texture": "#3"},
				"down": {"uv": [0, 0, 1, 1], "texture": "#3"}
			}
		},
		{
			"name": "octagon",
			"from": [9.462, 3.375, 6.13071],
			"to": [10.038, 3.4375, 6.36929],
			"rotation": {"angle": 22.5, "axis": "y", "origin": [9.75, 2.625, 6.25]},
			"faces": {
				"north": {"uv": [1, 0, 0, 1], "texture": "#3"},
				"east": {"uv": [1, 0, 0, 1], "texture": "#3"},
				"south": {"uv": [1, 0, 0, 1], "texture": "#3"},
				"west": {"uv": [1, 0, 0, 1], "texture": "#3"},
				"up": {"uv": [0, 1, 1, 0], "rotation": 270, "texture": "#3"},
				"down": {"uv": [0, 1, 1, 0], "rotation": 90, "texture": "#3"}
			}
		},
		{
			"name": "octagon",
			"from": [9.63071, 3.375, 5.962],
			"to": [9.86929, 3.4375, 6.538],
			"rotation": {"angle": -22.5, "axis": "y", "origin": [9.75, 2.625, 6.25]},
			"faces": {
				"north": {"uv": [1, 0, 0, 1], "texture": "#3"},
				"east": {"uv": [1, 0, 0, 1], "texture": "#3"},
				"south": {"uv": [1, 0, 0, 1], "texture": "#3"},
				"west": {"uv": [1, 0, 0, 1], "texture": "#3"},
				"up": {"uv": [1, 0, 0, 1], "texture": "#3"},
				"down": {"uv": [1, 0, 0, 1], "texture": "#3"}
			}
		},
		{
			"name": "octagon",
			"from": [9.63071, 3.375, 5.962],
			"to": [9.86929, 3.4375, 6.538],
			"rotation": {"angle": 22.5, "axis": "y", "origin": [9.75, 2.625, 6.25]},
			"faces": {
				"north": {"uv": [1, 0, 0, 1], "texture": "#3"},
				"east": {"uv": [1, 0, 0, 1], "texture": "#3"},
				"south": {"uv": [1, 0, 0, 1], "texture": "#3"},
				"west": {"uv": [1, 0, 0, 1], "texture": "#3"},
				"up": {"uv": [0, 1, 1, 0], "rotation": 270, "texture": "#3"},
				"down": {"uv": [0, 1, 1, 0], "rotation": 90, "texture": "#3"}
			}
		},
		{
			"name": "octagon",
			"from": [9.462, 3.375, 6.13071],
			"to": [10.038, 3.4375, 6.36929],
			"rotation": {"angle": -22.5, "axis": "y", "origin": [9.75, 2.625, 6.25]},
			"faces": {
				"north": {"uv": [1, 0, 0, 1], "texture": "#3"},
				"east": {"uv": [1, 0, 0, 1], "texture": "#3"},
				"south": {"uv": [1, 0, 0, 1], "texture": "#3"},
				"west": {"uv": [1, 0, 0, 1], "texture": "#3"},
				"up": {"uv": [1, 0, 0, 1], "texture": "#3"},
				"down": {"uv": [1, 0, 0, 1], "texture": "#3"}
			}
		},
		{
			"name": "octagon",
			"from": [5.962, 3.25, 9.63071],
			"to": [6.538, 3.3125, 9.86929],
			"rotation": {"angle": -22.5, "axis": "y", "origin": [6.25, 2.5, 9.75]},
			"faces": {
				"north": {"uv": [0, 0, 1, 1], "texture": "#3"},
				"east": {"uv": [0, 0, 1, 1], "texture": "#3"},
				"south": {"uv": [0, 0, 1, 1], "texture": "#3"},
				"west": {"uv": [0, 0, 1, 1], "texture": "#3"},
				"up": {"uv": [0, 0, 1, 1], "rotation": 270, "texture": "#3"},
				"down": {"uv": [0, 0, 1, 1], "rotation": 90, "texture": "#3"}
			}
		},
		{
			"name": "octagon",
			"from": [6.13071, 3.25, 9.462],
			"to": [6.36929, 3.3125, 10.038],
			"rotation": {"angle": 22.5, "axis": "y", "origin": [6.25, 2.5, 9.75]},
			"faces": {
				"north": {"uv": [0, 0, 1, 1], "texture": "#3"},
				"east": {"uv": [0, 0, 1, 1], "texture": "#3"},
				"south": {"uv": [0, 0, 1, 1], "texture": "#3"},
				"west": {"uv": [0, 0, 1, 1], "texture": "#3"},
				"up": {"uv": [0, 0, 1, 1], "texture": "#3"},
				"down": {"uv": [0, 0, 1, 1], "texture": "#3"}
			}
		},
		{
			"name": "octagon",
			"from": [6.13071, 3.25, 9.462],
			"to": [6.36929, 3.3125, 10.038],
			"rotation": {"angle": -22.5, "axis": "y", "origin": [6.25, 2.5, 9.75]},
			"faces": {
				"north": {"uv": [0, 0, 1, 1], "texture": "#3"},
				"east": {"uv": [0, 0, 1, 1], "texture": "#3"},
				"south": {"uv": [0, 0, 1, 1], "texture": "#3"},
				"west": {"uv": [0, 0, 1, 1], "texture": "#3"},
				"up": {"uv": [0, 0, 1, 1], "rotation": 270, "texture": "#3"},
				"down": {"uv": [0, 0, 1, 1], "rotation": 90, "texture": "#3"}
			}
		},
		{
			"name": "octagon",
			"from": [5.962, 3.25, 9.63071],
			"to": [6.538, 3.3125, 9.86929],
			"rotation": {"angle": 22.5, "axis": "y", "origin": [6.25, 2.5, 9.75]},
			"faces": {
				"north": {"uv": [0, 0, 1, 1], "texture": "#3"},
				"east": {"uv": [0, 0, 1, 1], "texture": "#3"},
				"south": {"uv": [0, 0, 1, 1], "texture": "#3"},
				"west": {"uv": [0, 0, 1, 1], "texture": "#3"},
				"up": {"uv": [0, 0, 1, 1], "texture": "#3"},
				"down": {"uv": [0, 0, 1, 1], "texture": "#3"}
			}
		},
		{
			"name": "octagon",
			"from": [9.462, 3.25, 9.63071],
			"to": [10.038, 3.3125, 9.86929],
			"rotation": {"angle": 22.5, "axis": "y", "origin": [9.75, 2.5, 9.75]},
			"faces": {
				"north": {"uv": [1, 0, 0, 1], "texture": "#3"},
				"east": {"uv": [1, 0, 0, 1], "texture": "#3"},
				"south": {"uv": [1, 0, 0, 1], "texture": "#3"},
				"west": {"uv": [1, 0, 0, 1], "texture": "#3"},
				"up": {"uv": [0, 1, 1, 0], "rotation": 270, "texture": "#3"},
				"down": {"uv": [0, 1, 1, 0], "rotation": 90, "texture": "#3"}
			}
		},
		{
			"name": "octagon",
			"from": [9.63071, 3.25, 9.462],
			"to": [9.86929, 3.3125, 10.038],
			"rotation": {"angle": -22.5, "axis": "y", "origin": [9.75, 2.5, 9.75]},
			"faces": {
				"north": {"uv": [1, 0, 0, 1], "texture": "#3"},
				"east": {"uv": [1, 0, 0, 1], "texture": "#3"},
				"south": {"uv": [1, 0, 0, 1], "texture": "#3"},
				"west": {"uv": [1, 0, 0, 1], "texture": "#3"},
				"up": {"uv": [1, 0, 0, 1], "texture": "#3"},
				"down": {"uv": [1, 0, 0, 1], "texture": "#3"}
			}
		},
		{
			"name": "octagon",
			"from": [9.63071, 3.25, 9.462],
			"to": [9.86929, 3.3125, 10.038],
			"rotation": {"angle": 22.5, "axis": "y", "origin": [9.75, 2.5, 9.75]},
			"faces": {
				"north": {"uv": [1, 0, 0, 1], "texture": "#3"},
				"east": {"uv": [1, 0, 0, 1], "texture": "#3"},
				"south": {"uv": [1, 0, 0, 1], "texture": "#3"},
				"west": {"uv": [1, 0, 0, 1], "texture": "#3"},
				"up": {"uv": [0, 1, 1, 0], "rotation": 270, "texture": "#3"},
				"down": {"uv": [0, 1, 1, 0], "rotation": 90, "texture": "#3"}
			}
		},
		{
			"name": "octagon",
			"from": [9.462, 3.25, 9.63071],
			"to": [10.038, 3.3125, 9.86929],
			"rotation": {"angle": -22.5, "axis": "y", "origin": [9.75, 2.5, 9.75]},
			"faces": {
				"north": {"uv": [1, 0, 0, 1], "texture": "#3"},
				"east": {"uv": [1, 0, 0, 1], "texture": "#3"},
				"south": {"uv": [1, 0, 0, 1], "texture": "#3"},
				"west": {"uv": [1, 0, 0, 1], "texture": "#3"},
				"up": {"uv": [1, 0, 0, 1], "texture": "#3"},
				"down": {"uv": [1, 0, 0, 1], "texture": "#3"}
			}
		},
		{
			"from": [5.97009, 0, 5.50711],
			"to": [10.03259, 2.25, 10.49148],
			"rotation": {"angle": 0, "axis": "y", "origin": [15.50134, 10.6, 13.49148]},
			"faces": {
				"north": {"uv": [6, 0, 16, 5], "texture": "#0"},
				"east": {"uv": [5.50852, 13.75, 10.49289, 16], "texture": "#0"},
				"south": {"uv": [6, 11, 16, 16], "texture": "#0"},
				"west": {"uv": [5.50711, 13.75, 10.49148, 16], "texture": "#0"},
				"down": {"uv": [3, 2, 13, 14], "texture": "#0"}
			}
		},
		{
			"from": [5.50915, 0, 5.96804],
			"to": [10.49353, 2.25, 10.03054],
			"rotation": {"angle": 0, "axis": "y", "origin": [8.00134, 4.1, 7.99929]},
			"faces": {
				"north": {"uv": [5.50647, 13.75, 10.49085, 16], "texture": "#0"},
				"east": {"uv": [0, 0, 10, 5], "texture": "#0"},
				"south": {"uv": [5.50915, 13.75, 10.49353, 16], "texture": "#0"},
				"west": {"uv": [0, 11, 10, 16], "texture": "#0"},
				"down": {"uv": [2, 3, 14, 13], "texture": "#0"}
			}
		},
		{
			"from": [7.67452, 0, 4.8],
			"to": [8.32548, 2.25, 11.2],
			"rotation": {"angle": 45, "axis": "y", "origin": [8, 3.75, 8]},
			"faces": {
				"north": {"uv": [14, 0, 16, 5], "texture": "#0"},
				"east": {"uv": [4.8, 13.75, 11.2, 16], "texture": "#0"},
				"south": {"uv": [14, 11, 16, 16], "texture": "#0"},
				"west": {"uv": [4.8, 13.75, 11.2, 16], "texture": "#0"},
				"down": {"uv": [0, 0, 2, 16], "texture": "#0"}
			}
		},
		{
			"from": [4.8, 0, 7.67452],
			"to": [11.2, 2.25, 8.32548],
			"rotation": {"angle": 45, "axis": "y", "origin": [8, 3.75, 8]},
			"faces": {
				"north": {"uv": [4.8, 13.75, 11.2, 16], "texture": "#0"},
				"east": {"uv": [0, 0, 2, 5], "texture": "#0"},
				"south": {"uv": [4.8, 13.75, 11.2, 16], "texture": "#0"},
				"west": {"uv": [0, 11, 2, 16], "texture": "#0"},
				"down": {"uv": [0, 0, 16, 2], "texture": "#0"}
			}
		},
		{
			"from": [5.50915, 2.25, 5.96804],
			"to": [10.49353, 3.25, 10.03054],
			"rotation": {"angle": 0, "axis": "y", "origin": [8.00134, 4.35, 7.99929]},
			"faces": {
				"north": {"uv": [5.50647, 12.75, 10.49085, 13.75], "texture": "#1"},
				"east": {"uv": [5.96946, 12.75, 10.03196, 13.75], "texture": "#1"},
				"south": {"uv": [5.50915, 12.75, 10.49353, 13.75], "texture": "#1"},
				"west": {"uv": [5.96804, 12.75, 10.03054, 13.75], "texture": "#1"},
				"up": {"uv": [5.50915, 5.96804, 10.49353, 10.03054], "rotation": 90, "texture": "#1"}
			}
		},
		{
			"from": [4.8, 2.25, 7.67452],
			"to": [11.2, 3.25, 8.32548],
			"rotation": {"angle": 45, "axis": "y", "origin": [8, 4, 8]},
			"faces": {
				"north": {"uv": [4.8, 12.75, 11.2, 13.75], "texture": "#1"},
				"east": {"uv": [7.67452, 12.75, 8.32548, 13.75], "texture": "#1"},
				"south": {"uv": [4.8, 12.75, 11.2, 13.75], "texture": "#1"},
				"west": {"uv": [7.67452, 12.75, 8.32548, 13.75], "texture": "#1"},
				"up": {"uv": [4.8, 7.67452, 11.2, 8.32548], "texture": "#1"}
			}
		},
		{
			"from": [5.97009, 2.25, 5.50711],
			"to": [10.03259, 3.25, 10.49148],
			"rotation": {"angle": 0, "axis": "y", "origin": [15.50134, 10.85, 13.49148]},
			"faces": {
				"north": {"uv": [5.96741, 12.75, 10.02991, 13.75], "texture": "#1"},
				"east": {"uv": [5.50852, 12.75, 10.49289, 13.75], "texture": "#1"},
				"south": {"uv": [5.97009, 12.75, 10.03259, 13.75], "texture": "#1"},
				"west": {"uv": [5.50711, 12.75, 10.49148, 13.75], "texture": "#1"},
				"up": {"uv": [5.97009, 5.50711, 10.03259, 10.49148], "texture": "#1"}
			}
		},
		{
			"from": [7.67452, 2.25, 4.8],
			"to": [8.32548, 3.25, 11.2],
			"rotation": {"angle": 45, "axis": "y", "origin": [8, 4, 8]},
			"faces": {
				"north": {"uv": [7.67452, 12.75, 8.32548, 13.75], "texture": "#1"},
				"east": {"uv": [4.8, 12.75, 11.2, 13.75], "texture": "#1"},
				"south": {"uv": [7.67452, 12.75, 8.32548, 13.75], "texture": "#1"},
				"west": {"uv": [4.8, 12.75, 11.2, 13.75], "texture": "#1"},
				"up": {"uv": [7.67452, 4.8, 8.32548, 11.2], "texture": "#1"}
			}
		},
		{
			"from": [5.50915, 3.25, 5.96804],
			"to": [10.49353, 3.375, 6.78054],
			"rotation": {"angle": 0, "axis": "y", "origin": [8.00134, 4.475, 7.99929]},
			"faces": {
				"north": {"uv": [5.50647, 12.625, 10.49085, 12.75], "texture": "#1"},
				"east": {"uv": [9.21946, 12.625, 10.03196, 12.75], "texture": "#1"},
				"south": {"uv": [5.50915, 12.625, 10.49353, 12.75], "texture": "#1"},
				"west": {"uv": [5.96804, 12.625, 6.78054, 12.75], "texture": "#1"},
				"up": {"uv": [5.50915, 5.96804, 10.49353, 6.78054], "rotation": 90, "texture": "#1"}
			}
		},
		{
			"from": [10.8, 3.25, 7.67452],
			"to": [11.2, 3.375, 8.32548],
			"rotation": {"angle": 45, "axis": "y", "origin": [8, 4.125, 8]},
			"faces": {
				"north": {"uv": [4.8, 12.625, 5.2, 12.75], "texture": "#1"},
				"east": {"uv": [7.67452, 12.625, 8.32548, 12.75], "texture": "#1"},
				"south": {"uv": [10.8, 12.625, 11.2, 12.75], "texture": "#1"},
				"west": {"uv": [7.67452, 12.625, 8.32548, 12.75], "texture": "#1"},
				"up": {"uv": [10.8, 7.67452, 11.2, 8.32548], "texture": "#1"}
			}
		},
		{
			"from": [5.97009, 3.25, 5.50711],
			"to": [10.03259, 3.375, 5.97211],
			"rotation": {"angle": 0, "axis": "y", "origin": [15.50134, 10.975, 13.49148]},
			"faces": {
				"north": {"uv": [5.96741, 12.625, 10.02991, 12.75], "texture": "#1"},
				"east": {"uv": [10.02789, 12.625, 10.49289, 12.75], "texture": "#1"},
				"south": {"uv": [5.97009, 12.625, 10.03259, 12.75], "texture": "#1"},
				"west": {"uv": [5.50711, 12.625, 5.97211, 12.75], "texture": "#1"},
				"up": {"uv": [5.97009, 5.50711, 10.03259, 5.97211], "texture": "#1"}
			}
		},
		{
			"from": [7.67452, 3.25, 4.8],
			"to": [8.32548, 3.375, 5.2],
			"rotation": {"angle": 45, "axis": "y", "origin": [8, 4.125, 8]},
			"faces": {
				"north": {"uv": [7.67452, 12.625, 8.32548, 12.75], "texture": "#1"},
				"east": {"uv": [10.8, 12.625, 11.2, 12.75], "texture": "#1"},
				"south": {"uv": [7.67452, 12.625, 8.32548, 12.75], "texture": "#1"},
				"west": {"uv": [4.8, 12.625, 5.2, 12.75], "texture": "#1"},
				"up": {"uv": [7.67452, 4.8, 8.32548, 5.2], "texture": "#1"}
			}
		},
		{
			"name": "text",
			"from": [6.71875, 3.25, 6.75711],
			"to": [9.28125, 3.3125, 10.24148],
			"rotation": {"angle": 0, "axis": "y", "origin": [16.5, 11.1, 13.74148]},
			"faces": {
				"north": {"uv": [0, 0, 1, 1], "texture": "#3"},
				"east": {"uv": [0, 0, 1, 1], "texture": "#3"},
				"south": {"uv": [0, 0, 1, 1], "texture": "#3"},
				"west": {"uv": [0, 0, 1, 1], "texture": "#3"},
				"up": {"uv": [0, 0, 16, 16], "rotation": 180, "texture": "#4"}
			}
		},
		{
			"name": "hexadecagon",
			"from": [7.78517, 3.3125, 6.92],
			"to": [8.21483, 3.5625, 9.08],
			"rotation": {"angle": -45, "axis": "y", "origin": [8, 4.3125, 8]},
			"faces": {
				"north": {"uv": [0, 0, 1, 1], "texture": "#0"},
				"east": {"uv": [0, 0, 1, 1], "texture": "#0"},
				"south": {"uv": [0, 0, 1, 1], "texture": "#0"},
				"west": {"uv": [0, 0, 1, 1], "texture": "#0"},
				"up": {"uv": [0, 0, 1, 1], "texture": "#0"},
				"down": {"uv": [0, 0, 1, 1], "texture": "#0"}
			}
		},
		{
			"name": "hexadecagon",
			"from": [7.78517, 3.3125, 6.92],
			"to": [8.21483, 3.5625, 9.08],
			"rotation": {"angle": -22.5, "axis": "y", "origin": [8, 4.3125, 8]},
			"faces": {
				"north": {"uv": [0, 0, 1, 1], "texture": "#0"},
				"east": {"uv": [0, 0, 1, 1], "texture": "#0"},
				"south": {"uv": [0, 0, 1, 1], "texture": "#0"},
				"west": {"uv": [0, 0, 1, 1], "texture": "#0"},
				"up": {"uv": [0, 0, 1, 1], "texture": "#0"},
				"down": {"uv": [0, 0, 1, 1], "texture": "#0"}
			}
		},
		{
			"name": "hexadecagon",
			"from": [7.78517, 3.3125, 6.92],
			"to": [8.21483, 3.5625, 9.08],
			"rotation": {"angle": 0, "axis": "y", "origin": [8, 4.3125, 8]},
			"faces": {
				"north": {"uv": [0, 0, 1, 1], "texture": "#0"},
				"east": {"uv": [0, 0, 1, 1], "texture": "#0"},
				"south": {"uv": [0, 0, 1, 1], "texture": "#0"},
				"west": {"uv": [0, 0, 1, 1], "texture": "#0"},
				"up": {"uv": [0, 0, 1, 1], "texture": "#0"},
				"down": {"uv": [0, 0, 1, 1], "texture": "#0"}
			}
		},
		{
			"name": "hexadecagon",
			"from": [7.78517, 3.3125, 6.92],
			"to": [8.21483, 3.5625, 9.08],
			"rotation": {"angle": 22.5, "axis": "y", "origin": [8, 4.3125, 8]},
			"faces": {
				"north": {"uv": [0, 0, 1, 1], "texture": "#0"},
				"east": {"uv": [0, 0, 1, 1], "texture": "#0"},
				"south": {"uv": [0, 0, 1, 1], "texture": "#0"},
				"west": {"uv": [0, 0, 1, 1], "texture": "#0"},
				"up": {"uv": [0, 0, 1, 1], "texture": "#0"},
				"down": {"uv": [0, 0, 1, 1], "texture": "#0"}
			}
		},
		{
			"name": "hexadecagon",
			"from": [7.78517, 3.3125, 6.92],
			"to": [8.21483, 3.5625, 9.08],
			"rotation": {"angle": 45, "axis": "y", "origin": [8, 4.3125, 8]},
			"faces": {
				"north": {"uv": [0, 0, 1, 1], "texture": "#0"},
				"east": {"uv": [0, 0, 1, 1], "texture": "#0"},
				"south": {"uv": [0, 0, 1, 1], "texture": "#0"},
				"west": {"uv": [0, 0, 1, 1], "texture": "#0"},
				"up": {"uv": [0, 0, 1, 1], "texture": "#0"},
				"down": {"uv": [0, 0, 1, 1], "texture": "#0"}
			}
		},
		{
			"name": "hexadecagon",
			"from": [6.92, 3.3125, 7.78517],
			"to": [9.08, 3.5625, 8.21483],
			"rotation": {"angle": -22.5, "axis": "y", "origin": [8, 4.3125, 8]},
			"faces": {
				"north": {"uv": [0, 0, 1, 1], "texture": "#0"},
				"east": {"uv": [0, 0, 1, 1], "texture": "#0"},
				"south": {"uv": [0, 0, 1, 1], "texture": "#0"},
				"west": {"uv": [0, 0, 1, 1], "texture": "#0"},
				"up": {"uv": [0, 0, 1, 1], "texture": "#0"},
				"down": {"uv": [0, 0, 1, 1], "texture": "#0"}
			}
		},
		{
			"name": "hexadecagon",
			"from": [6.92, 3.3125, 7.78517],
			"to": [9.08, 3.5625, 8.21483],
			"rotation": {"angle": 0, "axis": "y", "origin": [8, 4.3125, 8]},
			"faces": {
				"north": {"uv": [0, 0, 1, 1], "texture": "#0"},
				"east": {"uv": [0, 0, 1, 1], "texture": "#0"},
				"south": {"uv": [0, 0, 1, 1], "texture": "#0"},
				"west": {"uv": [0, 0, 1, 1], "texture": "#0"},
				"up": {"uv": [0, 0, 1, 1], "texture": "#0"},
				"down": {"uv": [0, 0, 1, 1], "texture": "#0"}
			}
		},
		{
			"name": "hexadecagon",
			"from": [6.92, 3.3125, 7.78517],
			"to": [9.08, 3.5625, 8.21483],
			"rotation": {"angle": 22.5, "axis": "y", "origin": [8, 4.3125, 8]},
			"faces": {
				"north": {"uv": [0, 0, 1, 1], "texture": "#0"},
				"east": {"uv": [0, 0, 1, 1], "texture": "#0"},
				"south": {"uv": [0, 0, 1, 1], "texture": "#0"},
				"west": {"uv": [0, 0, 1, 1], "texture": "#0"},
				"up": {"uv": [0, 0, 1, 1], "texture": "#0"},
				"down": {"uv": [0, 0, 1, 1], "texture": "#0"}
			}
		},
		{
			"name": "hexadecagon",
			"from": [7.78517, 3.5625, 6.92],
			"to": [8.21483, 4.3125, 9.08],
			"rotation": {"angle": -45, "axis": "y", "origin": [8, 4.5625, 8]},
			"faces": {
				"north": {"uv": [0, 0, 1, 1], "texture": "#2"},
				"east": {"uv": [0, 0, 1, 1], "texture": "#2"},
				"south": {"uv": [0, 0, 1, 1], "texture": "#2"},
				"west": {"uv": [0, 0, 1, 1], "texture": "#2"},
				"up": {"uv": [1, 0, 2, 1], "texture": "#2"},
				"down": {"uv": [0, 0, 1, 1], "texture": "#2"}
			}
		},
		{
			"name": "hexadecagon",
			"from": [7.78517, 3.5625, 6.92],
			"to": [8.21483, 4.3125, 9.08],
			"rotation": {"angle": -22.5, "axis": "y", "origin": [8, 4.5625, 8]},
			"faces": {
				"north": {"uv": [0, 0, 1, 1], "texture": "#2"},
				"east": {"uv": [0, 0, 1, 1], "texture": "#2"},
				"south": {"uv": [0, 0, 1, 1], "texture": "#2"},
				"west": {"uv": [0, 0, 1, 1], "texture": "#2"},
				"up": {"uv": [1, 0, 2, 1], "texture": "#2"},
				"down": {"uv": [0, 0, 1, 1], "texture": "#2"}
			}
		},
		{
			"name": "hexadecagon",
			"from": [7.78517, 3.5625, 6.92],
			"to": [8.21483, 4.3125, 9.08],
			"rotation": {"angle": 0, "axis": "y", "origin": [8, 4.5625, 8]},
			"faces": {
				"north": {"uv": [0, 0, 1, 1], "texture": "#2"},
				"east": {"uv": [0, 0, 1, 1], "texture": "#2"},
				"south": {"uv": [0, 0, 1, 1], "texture": "#2"},
				"west": {"uv": [0, 0, 1, 1], "texture": "#2"},
				"up": {"uv": [1, 0, 2, 1], "texture": "#2"},
				"down": {"uv": [0, 0, 1, 1], "texture": "#2"}
			}
		},
		{
			"name": "hexadecagon",
			"from": [7.78517, 3.5625, 6.92],
			"to": [8.21483, 4.3125, 9.08],
			"rotation": {"angle": 22.5, "axis": "y", "origin": [8, 4.5625, 8]},
			"faces": {
				"north": {"uv": [0, 0, 1, 1], "texture": "#2"},
				"east": {"uv": [0, 0, 1, 1], "texture": "#2"},
				"south": {"uv": [0, 0, 1, 1], "texture": "#2"},
				"west": {"uv": [0, 0, 1, 1], "texture": "#2"},
				"up": {"uv": [1, 0, 2, 1], "texture": "#2"},
				"down": {"uv": [0, 0, 1, 1], "texture": "#2"}
			}
		},
		{
			"name": "hexadecagon",
			"from": [7.78517, 3.5625, 6.92],
			"to": [8.21483, 4.3125, 9.08],
			"rotation": {"angle": 45, "axis": "y", "origin": [8, 4.5625, 8]},
			"faces": {
				"north": {"uv": [0, 0, 1, 1], "texture": "#2"},
				"east": {"uv": [0, 0, 1, 1], "texture": "#2"},
				"south": {"uv": [0, 0, 1, 1], "texture": "#2"},
				"west": {"uv": [0, 0, 1, 1], "texture": "#2"},
				"up": {"uv": [1, 0, 2, 1], "texture": "#2"},
				"down": {"uv": [0, 0, 1, 1], "texture": "#2"}
			}
		},
		{
			"name": "hexadecagon",
			"from": [6.92, 3.5625, 7.78517],
			"to": [9.08, 4.3125, 8.21483],
			"rotation": {"angle": -22.5, "axis": "y", "origin": [8, 4.5625, 8]},
			"faces": {
				"north": {"uv": [0, 0, 1, 1], "texture": "#2"},
				"east": {"uv": [0, 0, 1, 1], "texture": "#2"},
				"south": {"uv": [0, 0, 1, 1], "texture": "#2"},
				"west": {"uv": [0, 0, 1, 1], "texture": "#2"},
				"up": {"uv": [1, 0, 2, 1], "texture": "#2"},
				"down": {"uv": [0, 0, 1, 1], "texture": "#2"}
			}
		},
		{
			"name": "hexadecagon",
			"from": [6.92, 3.5625, 7.78517],
			"to": [9.08, 4.3125, 8.21483],
			"rotation": {"angle": 0, "axis": "y", "origin": [8, 4.5625, 8]},
			"faces": {
				"north": {"uv": [0, 0, 1, 1], "texture": "#2"},
				"east": {"uv": [0, 0, 1, 1], "texture": "#2"},
				"south": {"uv": [0, 0, 1, 1], "texture": "#2"},
				"west": {"uv": [0, 0, 1, 1], "texture": "#2"},
				"up": {"uv": [1, 0, 2, 1], "texture": "#2"},
				"down": {"uv": [0, 0, 1, 1], "texture": "#2"}
			}
		},
		{
			"name": "hexadecagon",
			"from": [6.92, 3.5625, 7.78517],
			"to": [9.08, 4.3125, 8.21483],
			"rotation": {"angle": 22.5, "axis": "y", "origin": [8, 4.5625, 8]},
			"faces": {
				"north": {"uv": [0, 0, 1, 1], "texture": "#2"},
				"east": {"uv": [0, 0, 1, 1], "texture": "#2"},
				"south": {"uv": [0, 0, 1, 1], "texture": "#2"},
				"west": {"uv": [0, 0, 1, 1], "texture": "#2"},
				"up": {"uv": [1, 0, 2, 1], "texture": "#2"},
				"down": {"uv": [0, 0, 1, 1], "texture": "#2"}
			}
		},
		{
			"name": "hexadecagon",
			"from": [7.77229, 4.3125, 6.8552],
			"to": [8.22771, 4.4125, 9.1448],
			"rotation": {"angle": -45, "axis": "y", "origin": [8, 4.8125, 8]},
			"faces": {
				"north": {"uv": [0, 0, 1, 1], "texture": "#2"},
				"east": {"uv": [0, 0, 1, 1], "texture": "#2"},
				"south": {"uv": [0, 0, 1, 1], "texture": "#2"},
				"west": {"uv": [0, 0, 1, 1], "texture": "#2"},
				"up": {"uv": [1, 0, 2, 1], "texture": "#2"},
				"down": {"uv": [0, 0, 1, 1], "texture": "#2"}
			}
		},
		{
			"name": "hexadecagon",
			"from": [7.77229, 4.3125, 6.8552],
			"to": [8.22771, 4.4125, 9.1448],
			"rotation": {"angle": -22.5, "axis": "y", "origin": [8, 4.8125, 8]},
			"faces": {
				"north": {"uv": [0, 0, 1, 1], "texture": "#2"},
				"east": {"uv": [0, 0, 1, 1], "texture": "#2"},
				"south": {"uv": [0, 0, 1, 1], "texture": "#2"},
				"west": {"uv": [0, 0, 1, 1], "texture": "#2"},
				"up": {"uv": [1, 0, 2, 1], "texture": "#2"},
				"down": {"uv": [0, 0, 1, 1], "texture": "#2"}
			}
		},
		{
			"name": "hexadecagon",
			"from": [7.77229, 4.3125, 6.8552],
			"to": [8.22771, 4.4125, 9.1448],
			"rotation": {"angle": 0, "axis": "y", "origin": [8, 4.8125, 8]},
			"faces": {
				"north": {"uv": [0, 0, 1, 1], "texture": "#2"},
				"east": {"uv": [0, 0, 1, 1], "texture": "#2"},
				"south": {"uv": [0, 0, 1, 1], "texture": "#2"},
				"west": {"uv": [0, 0, 1, 1], "texture": "#2"},
				"up": {"uv": [1, 0, 2, 1], "texture": "#2"},
				"down": {"uv": [0, 0, 1, 1], "texture": "#2"}
			}
		},
		{
			"name": "hexadecagon",
			"from": [7.77229, 4.3125, 6.8552],
			"to": [8.22771, 4.4125, 9.1448],
			"rotation": {"angle": 22.5, "axis": "y", "origin": [8, 4.8125, 8]},
			"faces": {
				"north": {"uv": [0, 0, 1, 1], "texture": "#2"},
				"east": {"uv": [0, 0, 1, 1], "texture": "#2"},
				"south": {"uv": [0, 0, 1, 1], "texture": "#2"},
				"west": {"uv": [0, 0, 1, 1], "texture": "#2"},
				"up": {"uv": [1, 0, 2, 1], "texture": "#2"},
				"down": {"uv": [0, 0, 1, 1], "texture": "#2"}
			}
		},
		{
			"name": "hexadecagon",
			"from": [7.77229, 4.3125, 6.8552],
			"to": [8.22771, 4.4125, 9.1448],
			"rotation": {"angle": 45, "axis": "y", "origin": [8, 4.8125, 8]},
			"faces": {
				"north": {"uv": [0, 0, 1, 1], "texture": "#2"},
				"east": {"uv": [0, 0, 1, 1], "texture": "#2"},
				"south": {"uv": [0, 0, 1, 1], "texture": "#2"},
				"west": {"uv": [0, 0, 1, 1], "texture": "#2"},
				"up": {"uv": [1, 0, 2, 1], "texture": "#2"},
				"down": {"uv": [0, 0, 1, 1], "texture": "#2"}
			}
		},
		{
			"name": "hexadecagon",
			"from": [6.8552, 4.3125, 7.77229],
			"to": [9.1448, 4.4125, 8.22771],
			"rotation": {"angle": -22.5, "axis": "y", "origin": [8, 4.8125, 8]},
			"faces": {
				"north": {"uv": [0, 0, 1, 1], "texture": "#2"},
				"east": {"uv": [0, 0, 1, 1], "texture": "#2"},
				"south": {"uv": [0, 0, 1, 1], "texture": "#2"},
				"west": {"uv": [0, 0, 1, 1], "texture": "#2"},
				"up": {"uv": [1, 0, 2, 1], "texture": "#2"},
				"down": {"uv": [0, 0, 1, 1], "texture": "#2"}
			}
		},
		{
			"name": "hexadecagon",
			"from": [6.8552, 4.3125, 7.77229],
			"to": [9.1448, 4.4125, 8.22771],
			"rotation": {"angle": 0, "axis": "y", "origin": [8, 4.8125, 8]},
			"faces": {
				"north": {"uv": [0, 0, 1, 1], "texture": "#2"},
				"east": {"uv": [0, 0, 1, 1], "texture": "#2"},
				"south": {"uv": [0, 0, 1, 1], "texture": "#2"},
				"west": {"uv": [0, 0, 1, 1], "texture": "#2"},
				"up": {"uv": [1, 0, 2, 1], "texture": "#2"},
				"down": {"uv": [0, 0, 1, 1], "texture": "#2"}
			}
		},
		{
			"name": "hexadecagon",
			"from": [6.8552, 4.3125, 7.77229],
			"to": [9.1448, 4.4125, 8.22771],
			"rotation": {"angle": 22.5, "axis": "y", "origin": [8, 4.8125, 8]},
			"faces": {
				"north": {"uv": [0, 0, 1, 1], "texture": "#2"},
				"east": {"uv": [0, 0, 1, 1], "texture": "#2"},
				"south": {"uv": [0, 0, 1, 1], "texture": "#2"},
				"west": {"uv": [0, 0, 1, 1], "texture": "#2"},
				"up": {"uv": [1, 0, 2, 1], "texture": "#2"},
				"down": {"uv": [0, 0, 1, 1], "texture": "#2"}
			}
		},
		{
			"name": "hexadecagon",
			"from": [7.73584, 4.4125, 6.67196],
			"to": [8.26416, 4.95, 9.32804],
			"rotation": {"angle": -45, "axis": "y", "origin": [8, 4.9125, 8]},
			"faces": {
				"north": {"uv": [0, 0, 1, 1], "texture": "#2"},
				"east": {"uv": [0, 0, 1, 1], "texture": "#2"},
				"south": {"uv": [0, 0, 1, 1], "texture": "#2"},
				"west": {"uv": [0, 0, 1, 1], "texture": "#2"},
				"up": {"uv": [1, 0, 2, 1], "texture": "#2"},
				"down": {"uv": [0, 0, 1, 1], "texture": "#2"}
			}
		},
		{
			"name": "hexadecagon",
			"from": [7.73584, 4.4125, 6.67196],
			"to": [8.26416, 4.95, 9.32804],
			"rotation": {"angle": -22.5, "axis": "y", "origin": [8, 4.9125, 8]},
			"faces": {
				"north": {"uv": [0, 0, 1, 1], "texture": "#2"},
				"east": {"uv": [0, 0, 1, 1], "texture": "#2"},
				"south": {"uv": [0, 0, 1, 1], "texture": "#2"},
				"west": {"uv": [0, 0, 1, 1], "texture": "#2"},
				"up": {"uv": [1, 0, 2, 1], "texture": "#2"},
				"down": {"uv": [0, 0, 1, 1], "texture": "#2"}
			}
		},
		{
			"name": "hexadecagon",
			"from": [7.73584, 4.4125, 6.67196],
			"to": [8.26416, 4.95, 9.32804],
			"rotation": {"angle": 0, "axis": "y", "origin": [8, 4.9125, 8]},
			"faces": {
				"north": {"uv": [0, 0, 1, 1], "texture": "#2"},
				"east": {"uv": [0, 0, 1, 1], "texture": "#2"},
				"south": {"uv": [0, 0, 1, 1], "texture": "#2"},
				"west": {"uv": [0, 0, 1, 1], "texture": "#2"},
				"up": {"uv": [1, 0, 2, 1], "texture": "#2"},
				"down": {"uv": [0, 0, 1, 1], "texture": "#2"}
			}
		},
		{
			"name": "hexadecagon",
			"from": [7.73584, 4.4125, 6.67196],
			"to": [8.26416, 4.95, 9.32804],
			"rotation": {"angle": 22.5, "axis": "y", "origin": [8, 4.9125, 8]},
			"faces": {
				"north": {"uv": [0, 0, 1, 1], "texture": "#2"},
				"east": {"uv": [0, 0, 1, 1], "texture": "#2"},
				"south": {"uv": [0, 0, 1, 1], "texture": "#2"},
				"west": {"uv": [0, 0, 1, 1], "texture": "#2"},
				"up": {"uv": [1, 0, 2, 1], "texture": "#2"},
				"down": {"uv": [0, 0, 1, 1], "texture": "#2"}
			}
		},
		{
			"name": "hexadecagon",
			"from": [7.73584, 4.4125, 6.67196],
			"to": [8.26416, 4.95, 9.32804],
			"rotation": {"angle": 45, "axis": "y", "origin": [8, 4.9125, 8]},
			"faces": {
				"north": {"uv": [0, 0, 1, 1], "texture": "#2"},
				"east": {"uv": [0, 0, 1, 1], "texture": "#2"},
				"south": {"uv": [0, 0, 1, 1], "texture": "#2"},
				"west": {"uv": [0, 0, 1, 1], "texture": "#2"},
				"up": {"uv": [1, 0, 2, 1], "texture": "#2"},
				"down": {"uv": [0, 0, 1, 1], "texture": "#2"}
			}
		},
		{
			"name": "hexadecagon",
			"from": [6.67196, 4.4125, 7.73584],
			"to": [9.32804, 4.95, 8.26416],
			"rotation": {"angle": -22.5, "axis": "y", "origin": [8, 4.9125, 8]},
			"faces": {
				"north": {"uv": [0, 0, 1, 1], "texture": "#2"},
				"east": {"uv": [0, 0, 1, 1], "texture": "#2"},
				"south": {"uv": [0, 0, 1, 1], "texture": "#2"},
				"west": {"uv": [0, 0, 1, 1], "texture": "#2"},
				"up": {"uv": [1, 0, 2, 1], "texture": "#2"},
				"down": {"uv": [0, 0, 1, 1], "texture": "#2"}
			}
		},
		{
			"name": "hexadecagon",
			"from": [6.67196, 4.4125, 7.73584],
			"to": [9.32804, 4.95, 8.26416],
			"rotation": {"angle": 0, "axis": "y", "origin": [8, 4.9125, 8]},
			"faces": {
				"north": {"uv": [0, 0, 1, 1], "texture": "#2"},
				"east": {"uv": [0, 0, 1, 1], "texture": "#2"},
				"south": {"uv": [0, 0, 1, 1], "texture": "#2"},
				"west": {"uv": [0, 0, 1, 1], "texture": "#2"},
				"up": {"uv": [1, 0, 2, 1], "texture": "#2"},
				"down": {"uv": [0, 0, 1, 1], "texture": "#2"}
			}
		},
		{
			"name": "hexadecagon",
			"from": [6.67196, 4.4125, 7.73584],
			"to": [9.32804, 4.95, 8.26416],
			"rotation": {"angle": 22.5, "axis": "y", "origin": [8, 4.9125, 8]},
			"faces": {
				"north": {"uv": [0, 0, 1, 1], "texture": "#2"},
				"east": {"uv": [0, 0, 1, 1], "texture": "#2"},
				"south": {"uv": [0, 0, 1, 1], "texture": "#2"},
				"west": {"uv": [0, 0, 1, 1], "texture": "#2"},
				"up": {"uv": [1, 0, 2, 1], "texture": "#2"},
				"down": {"uv": [0, 0, 1, 1], "texture": "#2"}
			}
		},
		{
			"name": "hexadecagon",
			"from": [7.68201, 4.5125, 6.40134],
			"to": [8.31799, 4.8625, 9.59866],
			"rotation": {"angle": -45, "axis": "y", "origin": [8, 5.0125, 8]},
			"faces": {
				"north": {"uv": [0, 0, 1, 1], "texture": "#2"},
				"east": {"uv": [0, 0, 1, 1], "texture": "#2"},
				"south": {"uv": [0, 0, 1, 1], "texture": "#2"},
				"west": {"uv": [0, 0, 1, 1], "texture": "#2"},
				"up": {"uv": [1, 0, 2, 1], "texture": "#2"},
				"down": {"uv": [0, 0, 1, 1], "texture": "#2"}
			}
		},
		{
			"name": "hexadecagon",
			"from": [7.68201, 4.5125, 6.40134],
			"to": [8.31799, 4.8625, 9.59866],
			"rotation": {"angle": -22.5, "axis": "y", "origin": [8, 5.0125, 8]},
			"faces": {
				"north": {"uv": [0, 0, 1, 1], "texture": "#2"},
				"east": {"uv": [0, 0, 1, 1], "texture": "#2"},
				"south": {"uv": [0, 0, 1, 1], "texture": "#2"},
				"west": {"uv": [0, 0, 1, 1], "texture": "#2"},
				"up": {"uv": [1, 0, 2, 1], "texture": "#2"},
				"down": {"uv": [0, 0, 1, 1], "texture": "#2"}
			}
		},
		{
			"name": "hexadecagon",
			"from": [7.68201, 4.5125, 6.40134],
			"to": [8.31799, 4.8625, 9.59866],
			"rotation": {"angle": 0, "axis": "y", "origin": [8, 5.0125, 8]},
			"faces": {
				"north": {"uv": [0, 0, 1, 1], "texture": "#2"},
				"east": {"uv": [0, 0, 1, 1], "texture": "#2"},
				"south": {"uv": [0, 0, 1, 1], "texture": "#2"},
				"west": {"uv": [0, 0, 1, 1], "texture": "#2"},
				"up": {"uv": [1, 0, 2, 1], "texture": "#2"},
				"down": {"uv": [0, 0, 1, 1], "texture": "#2"}
			}
		},
		{
			"name": "hexadecagon",
			"from": [7.68201, 4.5125, 6.40134],
			"to": [8.31799, 4.8625, 9.59866],
			"rotation": {"angle": 22.5, "axis": "y", "origin": [8, 5.0125, 8]},
			"faces": {
				"north": {"uv": [0, 0, 1, 1], "texture": "#2"},
				"east": {"uv": [0, 0, 1, 1], "texture": "#2"},
				"south": {"uv": [0, 0, 1, 1], "texture": "#2"},
				"west": {"uv": [0, 0, 1, 1], "texture": "#2"},
				"up": {"uv": [1, 0, 2, 1], "texture": "#2"},
				"down": {"uv": [0, 0, 1, 1], "texture": "#2"}
			}
		},
		{
			"name": "hexadecagon",
			"from": [7.68201, 4.5125, 6.40134],
			"to": [8.31799, 4.8625, 9.59866],
			"rotation": {"angle": 45, "axis": "y", "origin": [8, 5.0125, 8]},
			"faces": {
				"north": {"uv": [0, 0, 1, 1], "texture": "#2"},
				"east": {"uv": [0, 0, 1, 1], "texture": "#2"},
				"south": {"uv": [0, 0, 1, 1], "texture": "#2"},
				"west": {"uv": [0, 0, 1, 1], "texture": "#2"},
				"up": {"uv": [1, 0, 2, 1], "texture": "#2"},
				"down": {"uv": [0, 0, 1, 1], "texture": "#2"}
			}
		},
		{
			"name": "hexadecagon",
			"from": [6.40134, 4.5125, 7.68201],
			"to": [9.59866, 4.8625, 8.31799],
			"rotation": {"angle": -22.5, "axis": "y", "origin": [8, 5.0125, 8]},
			"faces": {
				"north": {"uv": [0, 0, 1, 1], "texture": "#2"},
				"east": {"uv": [0, 0, 1, 1], "texture": "#2"},
				"south": {"uv": [0, 0, 1, 1], "texture": "#2"},
				"west": {"uv": [0, 0, 1, 1], "texture": "#2"},
				"up": {"uv": [1, 0, 2, 1], "texture": "#2"},
				"down": {"uv": [0, 0, 1, 1], "texture": "#2"}
			}
		},
		{
			"name": "hexadecagon",
			"from": [6.40134, 4.5125, 7.68201],
			"to": [9.59866, 4.8625, 8.31799],
			"rotation": {"angle": 0, "axis": "y", "origin": [8, 5.0125, 8]},
			"faces": {
				"north": {"uv": [0, 0, 1, 1], "texture": "#2"},
				"east": {"uv": [0, 0, 1, 1], "texture": "#2"},
				"south": {"uv": [0, 0, 1, 1], "texture": "#2"},
				"west": {"uv": [0, 0, 1, 1], "texture": "#2"},
				"up": {"uv": [1, 0, 2, 1], "texture": "#2"},
				"down": {"uv": [0, 0, 1, 1], "texture": "#2"}
			}
		},
		{
			"name": "hexadecagon",
			"from": [6.40134, 4.5125, 7.68201],
			"to": [9.59866, 4.8625, 8.31799],
			"rotation": {"angle": 22.5, "axis": "y", "origin": [8, 5.0125, 8]},
			"faces": {
				"north": {"uv": [0, 0, 1, 1], "texture": "#2"},
				"east": {"uv": [0, 0, 1, 1], "texture": "#2"},
				"south": {"uv": [0, 0, 1, 1], "texture": "#2"},
				"west": {"uv": [0, 0, 1, 1], "texture": "#2"},
				"up": {"uv": [1, 0, 2, 1], "texture": "#2"},
				"down": {"uv": [0, 0, 1, 1], "texture": "#2"}
			}
		},
		{
			"name": "arrow",
			"from": [8.5625, 4.9625, 7.125],
			"to": [8.96875, 4.9625, 8.875],
			"rotation": {"angle": 0, "axis": "y", "origin": [8.8125, 4.9625, 8]},
			"faces": {
				"up": {"uv": [12.312, 2.25, 15, 13.688], "texture": "#5"}
			}
		},
		{
			"name": "arrow",
			"from": [8.5625, 4.9625, 6.96875],
			"to": [8.71875, 4.9625, 7.125],
			"rotation": {"angle": 0, "axis": "y", "origin": [8.8125, 4.9625, 7.875]},
			"faces": {
				"up": {"uv": [11.937, 1.25, 13.437, 2.563], "texture": "#5"}
			}
		},
		{
			"name": "arrow",
			"from": [7.03125, 4.9625, 7.125],
			"to": [7.4375, 4.9625, 8.875],
			"rotation": {"angle": 0, "axis": "y", "origin": [7.28125, 4.9625, 8]},
			"faces": {
				"up": {"uv": [1.75, 2.25, 4.438, 13.688], "texture": "#5"}
			}
		},
		{
			"name": "arrow",
			"from": [6.84375, 4.9625, 7.375],
			"to": [7.03125, 4.9625, 8.625],
			"rotation": {"angle": 0, "axis": "y", "origin": [6.875, 4.9625, 8]},
			"faces": {
				"up": {"uv": [0, 3.438, 1.938, 12.937], "texture": "#5"}
			}
		},
		{
			"name": "arrow",
			"from": [7.4375, 4.9625, 6.78125],
			"to": [8.5625, 4.9625, 9.21875],
			"rotation": {"angle": 0, "axis": "y", "origin": [16.90625, 12.81875, 13.60938]},
			"faces": {
				"up": {"uv": [4.5, 0, 12.25, 16], "texture": "#5"}
			}
		}
	],
	"display": {
		"thirdperson_righthand": {
			"rotation": [23, -180, 0],
			"translation": [0, 6, 1.5]
		},
		"thirdperson_lefthand": {
			"rotation": [23, -180, 0],
			"translation": [0, 6, 1.5]
		},
		"firstperson_righthand": {
			"rotation": [34, -180, 0],
			"translation": [2, 7, 2.75]
		},
		"firstperson_lefthand": {
			"rotation": [34, -180, 0],
			"translation": [2, 7, 2.75]
		},
		"ground": {
			"translation": [0, 4.25, 0]
		},
		"gui": {
			"rotation": [30, 225, 0],
			"translation": [0, 9.75, 0],
			"scale": [2, 2, 2]
		},
		"head": {
			"translation": [0, 14.25, 0]
		},
		"fixed": {
			"rotation": [-90, 0, 0],
			"translation": [0, 0, -16],
			"scale": [2, 2, 2]
		}
	},
	"groups": [
		{
			"name": "visses",
			"origin": [8, 8, 8],
			"children": [
				{
					"name": "octagon",
					"origin": [8, 8, 8],
					"children": [0, 1, 2, 3]
				},
				{
					"name": "octagon",
					"origin": [8, 8, 8],
					"children": [4, 5, 6, 7]
				},
				{
					"name": "octagon",
					"origin": [8, 8, 8],
					"children": [8, 9, 10, 11]
				},
				{
					"name": "octagon",
					"origin": [8, 8, 8],
					"children": [12, 13, 14, 15]
				}
			]
		},
		{
			"name": "boitier",
			"origin": [8, 8, 8],
			"children": [
				{
					"name": "noir",
					"origin": [8, 3.75, 8],
					"children": [16, 17, 18, 19]
				},
				{
					"name": "jaune",
					"origin": [8, 3.75, 8],
					"children": [
						{
							"name": "group",
							"origin": [8, 4, 8],
							"children": [20, 21, 22, 23]
						},
						{
							"name": "group",
							"origin": [8, 4, 8],
							"children": [24, 25, 26, 27]
						}
					]
				}, 28]
		},
		{
			"name": "bouton",
			"origin": [8, 8, 8],
			"children": [
				{
					"name": "hexadecagon",
					"origin": [8, 8, 8],
					"children": [29, 30, 31, 32, 33, 34, 35, 36]
				},
				{
					"name": "hexadecagon",
					"origin": [8, 8, 8],
					"children": [37, 38, 39, 40, 41, 42, 43, 44]
				},
				{
					"name": "hexadecagon",
					"origin": [8, 8, 8],
					"children": [45, 46, 47, 48, 49, 50, 51, 52]
				},
				{
					"name": "hexadecagon",
					"origin": [8, 8, 8],
					"children": [53, 54, 55, 56, 57, 58, 59, 60]
				},
				{
					"name": "hexadecagon",
					"origin": [8, 8, 8],
					"children": [61, 62, 63, 64, 65, 66, 67, 68]
				},
				{
					"name": "group",
					"origin": [16.90625, 12.81875, 13.60938],
					"children": [69, 70, 71, 72, 73]
				}
			]
		}
	]
}