{
	"__comment": "Designed by Kikipunk with Cubik Studio - https://cubik.studio",
	"textures": {
		"particle": "custom/button_sas"
	},
	"elements": [ 	 
		{
			"__comment": "Box1",
			"from": [ 5.9375, 3.625, 13.875 ],
			"to": [ 10.1375, 10.625, 15.975 ],
			"faces": {
				"down": { "uv": [ 5, 0, 11, 3 ], "texture": "#particle" },
				"up": { "uv": [ 5, 13, 11, 16 ], "texture": "#particle" },
				"north": { "uv": [ 5, 3, 11, 13 ], "texture": "#particle" },
				"south": { "uv": [ 5, 3, 11, 13 ], "texture": "#particle" },
				"west": { "uv": [ 8, 3, 11, 13 ], "texture": "#particle" },
				"east": { "uv": [ 5, 3, 8, 13 ], "texture": "#particle" }
			}
		},
		{
			"__comment": "Box2",
			"from": [ 7.3125, 5, 13.625 ],
			"to": [ 8.7125, 6.4, 14.325 ],
			"faces": {
				"down": { "uv": [ 1, 4, 3, 5 ], "texture": "#particle" },
				"up": { "uv": [ 1, 4, 3, 5 ], "texture": "#particle" },
				"north": { "uv": [ 1, 5, 3, 7 ], "texture": "#particle" },
				"south": { "uv": [ 1, 5, 3, 7 ], "texture": "#particle" },
				"west": { "uv": [ 1, 5, 2, 7 ], "texture": "#particle" },
				"east": { "uv": [ 1, 5, 2, 7 ], "texture": "#particle" }
			}
		},
		{
			"__comment": "Box2",
			"from": [ 7.3375, 7.825, 13.175 ],
			"to": [ 8.737499, 9.224999, 13.875 ],
			"faces": {
				"down": { "uv": [ 1, 1, 3, 2 ], "texture": "#particle" },
				"up": { "uv": [ 1, 1, 3, 2 ], "texture": "#particle" },
				"north": { "uv": [ 1, 1, 3, 3 ], "texture": "#particle" },
				"south": { "uv": [ 1, 1, 3, 3 ], "texture": "#particle" },
				"west": { "uv": [ 2, 1, 3, 3 ], "texture": "#particle" },
				"east": { "uv": [ 2, 1, 3, 3 ], "texture": "#particle" }
			}
		},
		{
			"__comment": "Box4",
			"from": [ 6.9875, 4.675, 13.175 ],
			"to": [ 9.0875, 5.025, 13.875 ],
			"faces": {
				"down": { "uv": [ 1, 8, 4, 9 ], "texture": "#particle" },
				"up": { "uv": [ 1, 11, 4, 12 ], "texture": "#particle" },
				"north": { "uv": [ 1, 10.5, 4, 11 ], "texture": "#particle" },
				"south": { "uv": [ 1, 11, 4, 11.5 ], "texture": "#particle" },
				"west": { "uv": [ 3, 11, 4, 11.5 ], "texture": "#particle" },
				"east": { "uv": [ 3, 11, 4, 11.5 ], "texture": "#particle" }
			}
		},
		{
			"__comment": "Box4",
			"from": [ 6.9875, 6.425, 13.175 ],
			"to": [ 9.0875, 6.775, 13.875 ],
			"faces": {
				"down": { "uv": [ 1, 8, 4, 9 ], "texture": "#particle" },
				"up": { "uv": [ 1, 10, 4, 11 ], "texture": "#particle" },
				"north": { "uv": [ 1, 9, 4, 9.5 ], "texture": "#particle" },
				"south": { "uv": [ 1, 9.5, 4, 10 ], "texture": "#particle" },
				"west": { "uv": [ 2, 9.5, 3, 10 ], "texture": "#particle" },
				"east": { "uv": [ 2, 8.5, 3, 9 ], "texture": "#particle" }
			}
		},
		{
			"__comment": "Box4",
			"from": [ 6.9875, 7.475, 13.175 ],
			"to": [ 9.0875, 7.825, 13.875 ],
			"faces": {
				"down": { "uv": [ 1, 11, 4, 12 ], "texture": "#particle" },
				"up": { "uv": [ 1, 11, 4, 12 ], "texture": "#particle" },
				"north": { "uv": [ 1, 8.5, 4, 9 ], "texture": "#particle" },
				"south": { "uv": [ 1, 8.5, 4, 9 ], "texture": "#particle" },
				"west": { "uv": [ 2, 9, 3, 9.5 ], "texture": "#particle" },
				"east": { "uv": [ 2, 8.5, 3, 9 ], "texture": "#particle" }
			}
		},
		{
			"__comment": "Box4",
			"from": [ 6.9875, 9.224999, 13.175 ],
			"to": [ 9.0875, 9.575, 13.875 ],
			"faces": {
				"down": { "uv": [ 1, 11, 4, 12 ], "texture": "#particle" },
				"up": { "uv": [ 1, 11, 4, 12 ], "texture": "#particle" },
				"north": { "uv": [ 1, 11.5, 4, 12 ], "texture": "#particle" },
				"south": { "uv": [ 1, 11.5, 4, 12 ], "texture": "#particle" },
				"west": { "uv": [ 3, 11.5, 4, 12 ], "texture": "#particle" },
				"east": { "uv": [ 3, 11.5, 4, 12 ], "texture": "#particle" }
			}
		},
		{
			"__comment": "Box4",
			"from": [ 6.9875, 7.825, 13.175 ],
			"to": [ 7.3375, 9.224999, 13.875 ],
			"faces": {
				"down": { "uv": [ 2.5, 10, 3, 11 ], "texture": "#particle" },
				"up": { "uv": [ 2.5, 11, 3, 12 ], "texture": "#particle" },
				"north": { "uv": [ 2.5, 10, 3, 12 ], "texture": "#particle" },
				"south": { "uv": [ 2.5, 10, 3, 12 ], "texture": "#particle" },
				"west": { "uv": [ 3, 10, 4, 12 ], "texture": "#particle" },
				"east": { "uv": [ 2, 10, 3, 12 ], "texture": "#particle" }
			}
		},
		{
			"__comment": "Box4",
			"from": [ 8.7375, 7.825, 13.175 ],
			"to": [ 9.087501, 9.224999, 13.875 ],
			"faces": {
				"down": { "uv": [ 3.5, 9, 4, 10 ], "texture": "#particle" },
				"up": { "uv": [ 3.5, 10, 4, 11 ], "texture": "#particle" },
				"north": { "uv": [ 2.5, 10, 3, 12 ], "texture": "#particle" },
				"south": { "uv": [ 2.5, 10, 3, 12 ], "texture": "#particle" },
				"west": { "uv": [ 2, 9, 3, 11 ], "texture": "#particle" },
				"east": { "uv": [ 2, 9, 3, 11 ], "texture": "#particle" }
			}
		},
		{
			"__comment": "Box4",
			"from": [ 8.7375, 5.025, 13.175 ],
			"to": [ 9.087501, 6.425, 13.875 ],
			"faces": {
				"down": { "uv": [ 2.5, 10, 3, 11 ], "texture": "#particle" },
				"up": { "uv": [ 2.5, 10, 3, 11 ], "texture": "#particle" },
				"north": { "uv": [ 2.5, 9, 3, 11 ], "texture": "#particle" },
				"south": { "uv": [ 3.5, 9, 4, 11 ], "texture": "#particle" },
				"west": { "uv": [ 2, 9, 3, 11 ], "texture": "#particle" },
				"east": { "uv": [ 2, 9, 3, 11 ], "texture": "#particle" }
			}
		},
		{
			"__comment": "Box4",
			"from": [ 6.9875, 5.025, 13.175 ],
			"to": [ 7.3375, 6.425, 13.875 ],
			"faces": {
				"down": { "uv": [ 2.5, 9, 3, 10 ], "texture": "#particle" },
				"up": { "uv": [ 2.5, 10, 3, 11 ], "texture": "#particle" },
				"north": { "uv": [ 2.5, 9, 3, 11 ], "texture": "#particle" },
				"south": { "uv": [ 2.5, 9, 3, 11 ], "texture": "#particle" },
				"west": { "uv": [ 2, 9, 3, 11 ], "texture": "#particle" },
				"east": { "uv": [ 2, 9, 3, 11 ], "texture": "#particle" }
			}
		}
	]
}