{
	"credit": "Made by Daminator4113, with Blockbench",
	"textures": {
		"0": "block/quartz_block_side",
		"1": "block/iron_block",
		"2": "block/black_stained_glass",
		"particle": "block/quartz_block_side"
	},
	"elements": [
		{
			"name": "hexadecagon",
			"from": [7.55067, -2.16317, 5.74107],
			"to": [8.44933, -1.97642, 10.25893],
			"rotation": {"angle": -45, "axis": "y", "origin": [8, -3.47042, 8]},
			"faces": {
				"north": {"uv": [7.09773, 15.16667, 8.90227, 15.54167], "texture": "#0"},
				"east": {"uv": [3.464, 15.16667, 12.536, 15.54167], "texture": "#0"},
				"south": {"uv": [7.09773, 15.16667, 8.90227, 15.54167], "texture": "#0"},
				"west": {"uv": [3.464, 15.16667, 12.536, 15.54167], "texture": "#0"},
				"up": {"uv": [0, 0, 1, 1], "texture": "#0"},
				"down": {"uv": [7.09773, 3.464, 8.90227, 12.536], "texture": "#0"}
			}
		},
		{
			"name": "hexadecagon",
			"from": [7.55067, -2.16317, 5.74107],
			"to": [8.44933, -1.97642, 10.25893],
			"rotation": {"angle": -22.5, "axis": "y", "origin": [8, -3.47042, 8]},
			"faces": {
				"north": {"uv": [7.09773, 15.16667, 8.90227, 15.54167], "texture": "#0"},
				"east": {"uv": [3.464, 15.16667, 12.536, 15.54167], "texture": "#0"},
				"south": {"uv": [7.09773, 15.16667, 8.90227, 15.54167], "texture": "#0"},
				"west": {"uv": [3.464, 15.16667, 12.536, 15.54167], "texture": "#0"},
				"up": {"uv": [0, 0, 1, 1], "texture": "#0"},
				"down": {"uv": [7.09773, 3.464, 8.90227, 12.536], "texture": "#0"}
			}
		},
		{
			"name": "hexadecagon",
			"from": [7.55067, -2.16317, 5.74107],
			"to": [8.44933, -1.97642, 10.25893],
			"rotation": {"angle": 0, "axis": "y", "origin": [8, -3.47042, 8]},
			"faces": {
				"north": {"uv": [7.09773, 15.16667, 8.90227, 15.54167], "texture": "#0"},
				"east": {"uv": [3.464, 15.16667, 12.536, 15.54167], "texture": "#0"},
				"south": {"uv": [7.09773, 15.16667, 8.90227, 15.54167], "texture": "#0"},
				"west": {"uv": [3.464, 15.16667, 12.536, 15.54167], "texture": "#0"},
				"up": {"uv": [0, 0, 1, 1], "texture": "#0"},
				"down": {"uv": [7.09773, 3.464, 8.90227, 12.536], "texture": "#0"}
			}
		},
		{
			"name": "hexadecagon",
			"from": [7.55067, -2.16317, 5.74107],
			"to": [8.44933, -1.97642, 10.25893],
			"rotation": {"angle": 22.5, "axis": "y", "origin": [8, -3.47042, 8]},
			"faces": {
				"north": {"uv": [7.09773, 15.16667, 8.90227, 15.54167], "texture": "#0"},
				"east": {"uv": [3.464, 15.16667, 12.536, 15.54167], "texture": "#0"},
				"south": {"uv": [7.09773, 15.16667, 8.90227, 15.54167], "texture": "#0"},
				"west": {"uv": [3.464, 15.16667, 12.536, 15.54167], "texture": "#0"},
				"up": {"uv": [0, 0, 1, 1], "texture": "#0"},
				"down": {"uv": [7.09773, 3.464, 8.90227, 12.536], "texture": "#0"}
			}
		},
		{
			"name": "hexadecagon",
			"from": [7.55067, -2.16317, 5.74107],
			"to": [8.44933, -1.97642, 10.25893],
			"rotation": {"angle": 45, "axis": "y", "origin": [8, -3.47042, 8]},
			"faces": {
				"north": {"uv": [7.09773, 15.16667, 8.90227, 15.54167], "texture": "#0"},
				"east": {"uv": [3.464, 15.16667, 12.536, 15.54167], "texture": "#0"},
				"south": {"uv": [7.09773, 15.16667, 8.90227, 15.54167], "texture": "#0"},
				"west": {"uv": [3.464, 15.16667, 12.536, 15.54167], "texture": "#0"},
				"up": {"uv": [0, 0, 1, 1], "texture": "#0"},
				"down": {"uv": [7.09773, 3.464, 8.90227, 12.536], "texture": "#0"}
			}
		},
		{
			"name": "hexadecagon",
			"from": [5.74107, -2.16317, 7.55067],
			"to": [10.25893, -1.97642, 8.44933],
			"rotation": {"angle": -22.5, "axis": "y", "origin": [8, -3.47042, 8]},
			"faces": {
				"north": {"uv": [3.464, 15.16667, 12.536, 15.54167], "texture": "#0"},
				"east": {"uv": [7.09773, 15.16667, 8.90227, 15.54167], "texture": "#0"},
				"south": {"uv": [3.464, 15.16667, 12.536, 15.54167], "texture": "#0"},
				"west": {"uv": [7.09773, 15.16667, 8.90227, 15.54167], "texture": "#0"},
				"up": {"uv": [0, 0, 1, 1], "texture": "#0"},
				"down": {"uv": [3.464, 7.09773, 12.536, 8.90227], "texture": "#0"}
			}
		},
		{
			"name": "hexadecagon",
			"from": [5.74107, -2.16317, 7.55067],
			"to": [10.25893, -1.97642, 8.44933],
			"rotation": {"angle": 0, "axis": "y", "origin": [8, -3.47042, 8]},
			"faces": {
				"north": {"uv": [3.464, 15.16667, 12.536, 15.54167], "texture": "#0"},
				"east": {"uv": [7.09773, 15.16667, 8.90227, 15.54167], "texture": "#0"},
				"south": {"uv": [3.464, 15.16667, 12.536, 15.54167], "texture": "#0"},
				"west": {"uv": [7.09773, 15.16667, 8.90227, 15.54167], "texture": "#0"},
				"up": {"uv": [0, 0, 1, 1], "texture": "#0"},
				"down": {"uv": [3.464, 7.09773, 12.536, 8.90227], "texture": "#0"}
			}
		},
		{
			"name": "hexadecagon",
			"from": [5.74107, -2.16317, 7.55067],
			"to": [10.25893, -1.97642, 8.44933],
			"rotation": {"angle": 22.5, "axis": "y", "origin": [8, -3.47042, 8]},
			"faces": {
				"north": {"uv": [3.464, 15.16667, 12.536, 15.54167], "texture": "#0"},
				"east": {"uv": [7.09773, 15.16667, 8.90227, 15.54167], "texture": "#0"},
				"south": {"uv": [3.464, 15.16667, 12.536, 15.54167], "texture": "#0"},
				"west": {"uv": [7.09773, 15.16667, 8.90227, 15.54167], "texture": "#0"},
				"up": {"uv": [0, 0, 1, 1], "texture": "#0"},
				"down": {"uv": [3.464, 7.09773, 12.536, 8.90227], "texture": "#0"}
			}
		},
		{
			"name": "hexadecagon",
			"from": [7.46508, -1.97642, 5.3108],
			"to": [8.53492, 0.07783, 10.6892],
			"rotation": {"angle": -45, "axis": "y", "origin": [8, -3.09692, 8]},
			"faces": {
				"north": {"uv": [6.92587, 11.04167, 9.07413, 15.16667], "texture": "#0"},
				"east": {"uv": [2.6, 11.04167, 13.4, 15.16667], "texture": "#0"},
				"south": {"uv": [6.92587, 11.04167, 9.07413, 15.16667], "texture": "#0"},
				"west": {"uv": [2.6, 11.04167, 13.4, 15.16667], "texture": "#0"},
				"up": {"uv": [0, 0, 1, 1], "texture": "#0"},
				"down": {"uv": [6.92587, 2.6, 9.07413, 13.4], "texture": "#0"}
			}
		},
		{
			"name": "hexadecagon",
			"from": [7.46508, -1.97642, 5.3108],
			"to": [8.53492, 0.07783, 10.6892],
			"rotation": {"angle": -22.5, "axis": "y", "origin": [8, -3.09692, 8]},
			"faces": {
				"north": {"uv": [6.92587, 11.04167, 9.07413, 15.16667], "texture": "#0"},
				"east": {"uv": [2.6, 11.04167, 13.4, 15.16667], "texture": "#0"},
				"south": {"uv": [6.92587, 11.04167, 9.07413, 15.16667], "texture": "#0"},
				"west": {"uv": [2.6, 11.04167, 13.4, 15.16667], "texture": "#0"},
				"up": {"uv": [0, 0, 1, 1], "texture": "#0"},
				"down": {"uv": [6.92587, 2.6, 9.07413, 13.4], "texture": "#0"}
			}
		},
		{
			"name": "hexadecagon",
			"from": [7.46508, -1.97642, 5.3108],
			"to": [8.53492, 0.07783, 10.6892],
			"rotation": {"angle": 0, "axis": "y", "origin": [8, -3.09692, 8]},
			"faces": {
				"north": {"uv": [6.92587, 11.04167, 9.07413, 15.16667], "texture": "#0"},
				"east": {"uv": [2.6, 11.04167, 13.4, 15.16667], "texture": "#0"},
				"south": {"uv": [6.92587, 11.04167, 9.07413, 15.16667], "texture": "#0"},
				"west": {"uv": [2.6, 11.04167, 13.4, 15.16667], "texture": "#0"},
				"up": {"uv": [0, 0, 1, 1], "texture": "#0"},
				"down": {"uv": [6.92587, 2.6, 9.07413, 13.4], "texture": "#0"}
			}
		},
		{
			"name": "hexadecagon",
			"from": [7.46508, -1.97642, 5.3108],
			"to": [8.53492, 0.07783, 10.6892],
			"rotation": {"angle": 22.5, "axis": "y", "origin": [8, -3.09692, 8]},
			"faces": {
				"north": {"uv": [6.92587, 11.04167, 9.07413, 15.16667], "texture": "#0"},
				"east": {"uv": [2.6, 11.04167, 13.4, 15.16667], "texture": "#0"},
				"south": {"uv": [6.92587, 11.04167, 9.07413, 15.16667], "texture": "#0"},
				"west": {"uv": [2.6, 11.04167, 13.4, 15.16667], "texture": "#0"},
				"up": {"uv": [0, 0, 1, 1], "texture": "#0"},
				"down": {"uv": [6.92587, 2.6, 9.07413, 13.4], "texture": "#0"}
			}
		},
		{
			"name": "hexadecagon",
			"from": [7.46508, -1.97642, 5.3108],
			"to": [8.53492, 0.07783, 10.6892],
			"rotation": {"angle": 45, "axis": "y", "origin": [8, -3.09692, 8]},
			"faces": {
				"north": {"uv": [6.92587, 11.04167, 9.07413, 15.16667], "texture": "#0"},
				"east": {"uv": [2.6, 11.04167, 13.4, 15.16667], "texture": "#0"},
				"south": {"uv": [6.92587, 11.04167, 9.07413, 15.16667], "texture": "#0"},
				"west": {"uv": [2.6, 11.04167, 13.4, 15.16667], "texture": "#0"},
				"up": {"uv": [0, 0, 1, 1], "texture": "#0"},
				"down": {"uv": [6.92587, 2.6, 9.07413, 13.4], "texture": "#0"}
			}
		},
		{
			"name": "hexadecagon",
			"from": [5.3108, -1.97642, 7.46508],
			"to": [10.6892, 0.07783, 8.53492],
			"rotation": {"angle": -22.5, "axis": "y", "origin": [8, -3.09692, 8]},
			"faces": {
				"north": {"uv": [2.6, 11.04167, 13.4, 15.16667], "texture": "#0"},
				"east": {"uv": [6.92587, 11.04167, 9.07413, 15.16667], "texture": "#0"},
				"south": {"uv": [2.6, 11.04167, 13.4, 15.16667], "texture": "#0"},
				"west": {"uv": [6.92587, 11.04167, 9.07413, 15.16667], "texture": "#0"},
				"up": {"uv": [0, 0, 1, 1], "texture": "#0"},
				"down": {"uv": [2.6, 6.92587, 13.4, 9.07413], "texture": "#0"}
			}
		},
		{
			"name": "hexadecagon",
			"from": [5.3108, -1.97642, 7.46508],
			"to": [10.6892, 0.07783, 8.53492],
			"rotation": {"angle": 0, "axis": "y", "origin": [8, -3.09692, 8]},
			"faces": {
				"north": {"uv": [2.6, 11.04167, 13.4, 15.16667], "texture": "#0"},
				"east": {"uv": [6.92587, 11.04167, 9.07413, 15.16667], "texture": "#0"},
				"south": {"uv": [2.6, 11.04167, 13.4, 15.16667], "texture": "#0"},
				"west": {"uv": [6.92587, 11.04167, 9.07413, 15.16667], "texture": "#0"},
				"up": {"uv": [0, 0, 1, 1], "texture": "#0"},
				"down": {"uv": [2.6, 6.92587, 13.4, 9.07413], "texture": "#0"}
			}
		},
		{
			"name": "hexadecagon",
			"from": [5.3108, -1.97642, 7.46508],
			"to": [10.6892, 0.07783, 8.53492],
			"rotation": {"angle": 22.5, "axis": "y", "origin": [8, -3.09692, 8]},
			"faces": {
				"north": {"uv": [2.6, 11.04167, 13.4, 15.16667], "texture": "#0"},
				"east": {"uv": [6.92587, 11.04167, 9.07413, 15.16667], "texture": "#0"},
				"south": {"uv": [2.6, 11.04167, 13.4, 15.16667], "texture": "#0"},
				"west": {"uv": [6.92587, 11.04167, 9.07413, 15.16667], "texture": "#0"},
				"up": {"uv": [0, 0, 1, 1], "texture": "#0"},
				"down": {"uv": [2.6, 6.92587, 13.4, 9.07413], "texture": "#0"}
			}
		},
		{
			"name": "hexadecagon",
			"from": [7.40565, -1.60292, 5.012],
			"to": [8.59435, -0.10892, 10.988],
			"rotation": {"angle": -45, "axis": "y", "origin": [8, -1.60292, 8]},
			"faces": {
				"north": {"uv": [11, 7, 13.387, 10], "texture": "#0"},
				"east": {"uv": [2, 11.41667, 14, 14.41667], "texture": "#0"},
				"south": {"uv": [5, 7, 7.387, 10], "texture": "#0"},
				"west": {"uv": [2, 11.41667, 14, 14.41667], "texture": "#0"},
				"up": {"uv": [0, 0, 1, 1], "texture": "#0"},
				"down": {"uv": [6.80653, 2, 9.19347, 14], "texture": "#0"}
			}
		},
		{
			"name": "hexadecagon",
			"from": [7.40565, -1.60292, 5.012],
			"to": [8.59435, -0.10892, 10.988],
			"rotation": {"angle": -22.5, "axis": "y", "origin": [8, -1.60292, 8]},
			"faces": {
				"north": {"uv": [6.80653, 11.41667, 9.19347, 14.41667], "texture": "#0"},
				"east": {"uv": [2, 11.41667, 14, 14.41667], "texture": "#0"},
				"south": {"uv": [6.80653, 11.41667, 9.19347, 14.41667], "texture": "#0"},
				"west": {"uv": [2, 11.41667, 14, 14.41667], "texture": "#0"},
				"up": {"uv": [0, 0, 1, 1], "texture": "#0"},
				"down": {"uv": [6.80653, 2, 9.19347, 14], "texture": "#0"}
			}
		},
		{
			"name": "hexadecagon",
			"from": [7.40565, -1.60292, 5.012],
			"to": [8.59435, -0.10892, 10.988],
			"rotation": {"angle": 0, "axis": "y", "origin": [8, -1.60292, 8]},
			"faces": {
				"north": {"uv": [5, 2, 7.387, 5], "texture": "#0"},
				"east": {"uv": [2, 11.41667, 14, 14.41667], "texture": "#0"},
				"south": {"uv": [3, 6, 5.387, 9], "texture": "#0"},
				"west": {"uv": [2, 11.41667, 14, 14.41667], "texture": "#0"},
				"up": {"uv": [0, 0, 1, 1], "texture": "#0"},
				"down": {"uv": [6.80653, 2, 9.19347, 14], "texture": "#0"}
			}
		},
		{
			"name": "hexadecagon",
			"from": [7.40565, -1.60292, 5.012],
			"to": [8.59435, -0.10892, 10.988],
			"rotation": {"angle": 22.5, "axis": "y", "origin": [8, -1.60292, 8]},
			"faces": {
				"north": {"uv": [3, 7, 5.387, 10], "texture": "#0"},
				"east": {"uv": [2, 11.41667, 14, 14.41667], "texture": "#0"},
				"south": {"uv": [10, 5, 12.387, 8], "texture": "#0"},
				"west": {"uv": [2, 11.41667, 14, 14.41667], "texture": "#0"},
				"up": {"uv": [0, 0, 1, 1], "texture": "#0"},
				"down": {"uv": [6.80653, 2, 9.19347, 14], "texture": "#0"}
			}
		},
		{
			"name": "hexadecagon",
			"from": [7.40565, -1.60292, 5.012],
			"to": [8.59435, -0.10892, 10.988],
			"rotation": {"angle": 45, "axis": "y", "origin": [8, -1.60292, 8]},
			"faces": {
				"north": {"uv": [10, 3, 12.387, 6], "texture": "#0"},
				"east": {"uv": [2, 11.41667, 14, 14.41667], "texture": "#0"},
				"south": {"uv": [7, 7, 9.387, 10], "texture": "#0"},
				"west": {"uv": [2, 11.41667, 14, 14.41667], "texture": "#0"},
				"up": {"uv": [0, 0, 1, 1], "texture": "#0"},
				"down": {"uv": [6.80653, 2, 9.19347, 14], "texture": "#0"}
			}
		},
		{
			"name": "hexadecagon",
			"from": [5.012, -1.60292, 7.40565],
			"to": [10.988, -0.10892, 8.59435],
			"rotation": {"angle": -22.5, "axis": "y", "origin": [8, -1.60292, 8]},
			"faces": {
				"north": {"uv": [2, 11.41667, 14, 14.41667], "texture": "#0"},
				"east": {"uv": [4, 2, 6.387, 5], "texture": "#0"},
				"south": {"uv": [2, 11.41667, 14, 14.41667], "texture": "#0"},
				"west": {"uv": [6.80653, 11.41667, 9.19347, 14.41667], "texture": "#0"},
				"up": {"uv": [0, 0, 1, 1], "texture": "#0"},
				"down": {"uv": [2, 6.80653, 14, 9.19347], "texture": "#0"}
			}
		},
		{
			"name": "hexadecagon",
			"from": [5.012, -1.60292, 7.40565],
			"to": [10.988, -0.10892, 8.59435],
			"rotation": {"angle": 0, "axis": "y", "origin": [8, -1.60292, 8]},
			"faces": {
				"north": {"uv": [2, 11.41667, 14, 14.41667], "texture": "#0"},
				"east": {"uv": [8, 4, 10.387, 7], "texture": "#0"},
				"south": {"uv": [2, 11.41667, 14, 14.41667], "texture": "#0"},
				"west": {"uv": [3, 11, 5.387, 14], "texture": "#0"},
				"up": {"uv": [0, 0, 1, 1], "texture": "#0"},
				"down": {"uv": [2, 6.80653, 14, 9.19347], "texture": "#0"}
			}
		},
		{
			"name": "hexadecagon",
			"from": [5.012, -1.60292, 7.40565],
			"to": [10.988, -0.10892, 8.59435],
			"rotation": {"angle": 22.5, "axis": "y", "origin": [8, -1.60292, 8]},
			"faces": {
				"north": {"uv": [2, 11.41667, 14, 14.41667], "texture": "#0"},
				"east": {"uv": [6.80653, 11.41667, 9.19347, 14.41667], "texture": "#0"},
				"south": {"uv": [2, 11.41667, 14, 14.41667], "texture": "#0"},
				"west": {"uv": [11, 11, 13.387, 14], "texture": "#0"},
				"up": {"uv": [0, 0, 1, 1], "texture": "#0"},
				"down": {"uv": [2, 6.80653, 14, 9.19347], "texture": "#0"}
			}
		},
		{
			"name": "hexadecagon",
			"from": [7.58496, -2.8875, 5.91344],
			"to": [8.41504, -2.1375, 10.08656],
			"rotation": {"angle": -45, "axis": "y", "origin": [8, -2.23125, 8]},
			"faces": {
				"north": {"uv": [0, 1, 1, 0], "texture": "#2"},
				"south": {"uv": [0, 1, 1, 0], "texture": "#2"},
				"down": {"uv": [0, 1, 1, 0], "texture": "#2"}
			}
		},
		{
			"name": "hexadecagon",
			"from": [7.58496, -2.8875, 5.91344],
			"to": [8.41504, -2.1375, 10.08656],
			"rotation": {"angle": -22.5, "axis": "y", "origin": [8, -2.23125, 8]},
			"faces": {
				"north": {"uv": [0, 1, 1, 0], "texture": "#2"},
				"south": {"uv": [0, 1, 1, 0], "texture": "#2"},
				"down": {"uv": [0, 1, 1, 0], "texture": "#2"}
			}
		},
		{
			"name": "hexadecagon",
			"from": [7.58496, -2.8875, 5.91344],
			"to": [8.41504, -2.1375, 10.08656],
			"rotation": {"angle": 0, "axis": "y", "origin": [8, -2.23125, 8]},
			"faces": {
				"north": {"uv": [0, 1, 1, 0], "texture": "#2"},
				"south": {"uv": [0, 1, 1, 0], "texture": "#2"},
				"down": {"uv": [0, 1, 1, 0], "texture": "#2"}
			}
		},
		{
			"name": "hexadecagon",
			"from": [7.58496, -2.8875, 5.91344],
			"to": [8.41504, -2.1375, 10.08656],
			"rotation": {"angle": 22.5, "axis": "y", "origin": [8, -2.23125, 8]},
			"faces": {
				"north": {"uv": [0, 1, 1, 0], "texture": "#2"},
				"south": {"uv": [0, 1, 1, 0], "texture": "#2"},
				"down": {"uv": [0, 1, 1, 0], "texture": "#2"}
			}
		},
		{
			"name": "hexadecagon",
			"from": [7.58496, -2.8875, 5.91344],
			"to": [8.41504, -2.1375, 10.08656],
			"rotation": {"angle": 45, "axis": "y", "origin": [8, -2.23125, 8]},
			"faces": {
				"north": {"uv": [0, 1, 1, 0], "texture": "#2"},
				"south": {"uv": [0, 1, 1, 0], "texture": "#2"},
				"down": {"uv": [0, 1, 1, 0], "texture": "#2"}
			}
		},
		{
			"name": "hexadecagon",
			"from": [5.91344, -2.8875, 7.58496],
			"to": [10.08656, -2.1375, 8.41504],
			"rotation": {"angle": -22.5, "axis": "y", "origin": [8, -2.23125, 8]},
			"faces": {
				"east": {"uv": [0, 1, 1, 0], "texture": "#2"},
				"west": {"uv": [0, 1, 1, 0], "texture": "#2"},
				"down": {"uv": [0, 1, 1, 0], "texture": "#2"}
			}
		},
		{
			"name": "hexadecagon",
			"from": [5.91344, -2.8875, 7.58496],
			"to": [10.08656, -2.1375, 8.41504],
			"rotation": {"angle": 0, "axis": "y", "origin": [8, -2.23125, 8]},
			"faces": {
				"east": {"uv": [0, 1, 1, 0], "texture": "#2"},
				"west": {"uv": [0, 1, 1, 0], "texture": "#2"},
				"down": {"uv": [0, 1, 1, 0], "texture": "#2"}
			}
		},
		{
			"name": "hexadecagon",
			"from": [5.91344, -2.8875, 7.58496],
			"to": [10.08656, -2.1375, 8.41504],
			"rotation": {"angle": 22.5, "axis": "y", "origin": [8, -2.23125, 8]},
			"faces": {
				"east": {"uv": [0, 1, 1, 0], "texture": "#2"},
				"west": {"uv": [0, 1, 1, 0], "texture": "#2"},
				"down": {"uv": [0, 1, 1, 0], "texture": "#2"}
			}
		},
		{
			"name": "hexadecagon",
			"from": [7.60986, -3.45, 6.03863],
			"to": [8.39014, -2.8875, 9.96137],
			"rotation": {"angle": -45, "axis": "y", "origin": [8, -2.98125, 8]},
			"faces": {
				"north": {"uv": [0, 1, 1, 0], "texture": "#2"},
				"south": {"uv": [0, 1, 1, 0], "texture": "#2"},
				"down": {"uv": [0, 1, 1, 0], "texture": "#2"}
			}
		},
		{
			"name": "hexadecagon",
			"from": [7.60986, -3.45, 6.03863],
			"to": [8.39014, -2.8875, 9.96137],
			"rotation": {"angle": -22.5, "axis": "y", "origin": [8, -2.98125, 8]},
			"faces": {
				"north": {"uv": [0, 1, 1, 0], "texture": "#2"},
				"south": {"uv": [0, 1, 1, 0], "texture": "#2"},
				"down": {"uv": [0, 1, 1, 0], "texture": "#2"}
			}
		},
		{
			"name": "hexadecagon",
			"from": [7.60986, -3.45, 6.03863],
			"to": [8.39014, -2.8875, 9.96137],
			"rotation": {"angle": 0, "axis": "y", "origin": [8, -2.98125, 8]},
			"faces": {
				"north": {"uv": [0, 1, 1, 0], "texture": "#2"},
				"south": {"uv": [0, 1, 1, 0], "texture": "#2"},
				"down": {"uv": [0, 1, 1, 0], "texture": "#2"}
			}
		},
		{
			"name": "hexadecagon",
			"from": [7.60986, -3.45, 6.03863],
			"to": [8.39014, -2.8875, 9.96137],
			"rotation": {"angle": 22.5, "axis": "y", "origin": [8, -2.98125, 8]},
			"faces": {
				"north": {"uv": [0, 1, 1, 0], "texture": "#2"},
				"south": {"uv": [0, 1, 1, 0], "texture": "#2"},
				"down": {"uv": [0, 1, 1, 0], "texture": "#2"}
			}
		},
		{
			"name": "hexadecagon",
			"from": [7.60986, -3.45, 6.03863],
			"to": [8.39014, -2.8875, 9.96137],
			"rotation": {"angle": 45, "axis": "y", "origin": [8, -2.98125, 8]},
			"faces": {
				"north": {"uv": [0, 1, 1, 0], "texture": "#2"},
				"south": {"uv": [0, 1, 1, 0], "texture": "#2"},
				"down": {"uv": [0, 1, 1, 0], "texture": "#2"}
			}
		},
		{
			"name": "hexadecagon",
			"from": [6.03863, -3.45, 7.60986],
			"to": [9.96137, -2.8875, 8.39014],
			"rotation": {"angle": -22.5, "axis": "y", "origin": [8, -2.98125, 8]},
			"faces": {
				"east": {"uv": [0, 1, 1, 0], "texture": "#2"},
				"west": {"uv": [0, 1, 1, 0], "texture": "#2"},
				"down": {"uv": [0, 1, 1, 0], "texture": "#2"}
			}
		},
		{
			"name": "hexadecagon",
			"from": [6.03863, -3.45, 7.60986],
			"to": [9.96137, -2.8875, 8.39014],
			"rotation": {"angle": 0, "axis": "y", "origin": [8, -2.98125, 8]},
			"faces": {
				"east": {"uv": [0, 1, 1, 0], "texture": "#2"},
				"west": {"uv": [0, 1, 1, 0], "texture": "#2"},
				"down": {"uv": [0, 1, 1, 0], "texture": "#2"}
			}
		},
		{
			"name": "hexadecagon",
			"from": [6.03863, -3.45, 7.60986],
			"to": [9.96137, -2.8875, 8.39014],
			"rotation": {"angle": 22.5, "axis": "y", "origin": [8, -2.98125, 8]},
			"faces": {
				"east": {"uv": [0, 1, 1, 0], "texture": "#2"},
				"west": {"uv": [0, 1, 1, 0], "texture": "#2"},
				"down": {"uv": [0, 1, 1, 0], "texture": "#2"}
			}
		},
		{
			"name": "hexadecagon",
			"from": [7.64887, -3.73125, 6.23477],
			"to": [8.35113, -3.45, 9.76523],
			"rotation": {"angle": -45, "axis": "y", "origin": [8, -3.54375, 8]},
			"faces": {
				"north": {"uv": [0, 1, 1, 0], "texture": "#2"},
				"south": {"uv": [0, 1, 1, 0], "texture": "#2"},
				"down": {"uv": [0, 1, 1, 0], "texture": "#2"}
			}
		},
		{
			"name": "hexadecagon",
			"from": [7.64887, -3.73125, 6.23477],
			"to": [8.35113, -3.45, 9.76523],
			"rotation": {"angle": -22.5, "axis": "y", "origin": [8, -3.54375, 8]},
			"faces": {
				"north": {"uv": [0, 1, 1, 0], "texture": "#2"},
				"south": {"uv": [0, 1, 1, 0], "texture": "#2"},
				"down": {"uv": [0, 1, 1, 0], "texture": "#2"}
			}
		},
		{
			"name": "hexadecagon",
			"from": [7.64887, -3.73125, 6.23477],
			"to": [8.35113, -3.45, 9.76523],
			"rotation": {"angle": 0, "axis": "y", "origin": [8, -3.54375, 8]},
			"faces": {
				"north": {"uv": [0, 1, 1, 0], "texture": "#2"},
				"south": {"uv": [0, 1, 1, 0], "texture": "#2"},
				"down": {"uv": [0, 1, 1, 0], "texture": "#2"}
			}
		},
		{
			"name": "hexadecagon",
			"from": [7.64887, -3.73125, 6.23477],
			"to": [8.35113, -3.45, 9.76523],
			"rotation": {"angle": 22.5, "axis": "y", "origin": [8, -3.54375, 8]},
			"faces": {
				"north": {"uv": [0, 1, 1, 0], "texture": "#2"},
				"south": {"uv": [0, 1, 1, 0], "texture": "#2"},
				"down": {"uv": [0, 1, 1, 0], "texture": "#2"}
			}
		},
		{
			"name": "hexadecagon",
			"from": [7.64887, -3.73125, 6.23477],
			"to": [8.35113, -3.45, 9.76523],
			"rotation": {"angle": 45, "axis": "y", "origin": [8, -3.54375, 8]},
			"faces": {
				"north": {"uv": [0, 1, 1, 0], "texture": "#2"},
				"south": {"uv": [0, 1, 1, 0], "texture": "#2"},
				"down": {"uv": [0, 1, 1, 0], "texture": "#2"}
			}
		},
		{
			"name": "hexadecagon",
			"from": [6.23477, -3.73125, 7.64887],
			"to": [9.76523, -3.45, 8.35113],
			"rotation": {"angle": -22.5, "axis": "y", "origin": [8, -3.54375, 8]},
			"faces": {
				"east": {"uv": [0, 1, 1, 0], "texture": "#2"},
				"west": {"uv": [0, 1, 1, 0], "texture": "#2"},
				"down": {"uv": [0, 1, 1, 0], "texture": "#2"}
			}
		},
		{
			"name": "hexadecagon",
			"from": [6.23477, -3.73125, 7.64887],
			"to": [9.76523, -3.45, 8.35113],
			"rotation": {"angle": 0, "axis": "y", "origin": [8, -3.54375, 8]},
			"faces": {
				"east": {"uv": [0, 1, 1, 0], "texture": "#2"},
				"west": {"uv": [0, 1, 1, 0], "texture": "#2"},
				"down": {"uv": [0, 1, 1, 0], "texture": "#2"}
			}
		},
		{
			"name": "hexadecagon",
			"from": [6.23477, -3.73125, 7.64887],
			"to": [9.76523, -3.45, 8.35113],
			"rotation": {"angle": 22.5, "axis": "y", "origin": [8, -3.54375, 8]},
			"faces": {
				"east": {"uv": [0, 1, 1, 0], "texture": "#2"},
				"west": {"uv": [0, 1, 1, 0], "texture": "#2"},
				"down": {"uv": [0, 1, 1, 0], "texture": "#2"}
			}
		},
		{
			"name": "hexadecagon",
			"from": [7.70505, -3.91875, 6.51721],
			"to": [8.29495, -3.73125, 9.48279],
			"rotation": {"angle": -45, "axis": "y", "origin": [8, -3.825, 8]},
			"faces": {
				"north": {"uv": [0, 1, 1, 0], "texture": "#2"},
				"south": {"uv": [0, 1, 1, 0], "texture": "#2"},
				"down": {"uv": [0, 1, 1, 0], "texture": "#2"}
			}
		},
		{
			"name": "hexadecagon",
			"from": [7.70505, -3.91875, 6.51721],
			"to": [8.29495, -3.73125, 9.48279],
			"rotation": {"angle": -22.5, "axis": "y", "origin": [8, -3.825, 8]},
			"faces": {
				"north": {"uv": [0, 1, 1, 0], "texture": "#2"},
				"south": {"uv": [0, 1, 1, 0], "texture": "#2"},
				"down": {"uv": [0, 1, 1, 0], "texture": "#2"}
			}
		},
		{
			"name": "hexadecagon",
			"from": [7.70505, -3.91875, 6.51721],
			"to": [8.29495, -3.73125, 9.48279],
			"rotation": {"angle": 0, "axis": "y", "origin": [8, -3.825, 8]},
			"faces": {
				"north": {"uv": [0, 1, 1, 0], "texture": "#2"},
				"south": {"uv": [0, 1, 1, 0], "texture": "#2"},
				"down": {"uv": [0, 1, 1, 0], "texture": "#2"}
			}
		},
		{
			"name": "hexadecagon",
			"from": [7.70505, -3.91875, 6.51721],
			"to": [8.29495, -3.73125, 9.48279],
			"rotation": {"angle": 22.5, "axis": "y", "origin": [8, -3.825, 8]},
			"faces": {
				"north": {"uv": [0, 1, 1, 0], "texture": "#2"},
				"south": {"uv": [0, 1, 1, 0], "texture": "#2"},
				"down": {"uv": [0, 1, 1, 0], "texture": "#2"}
			}
		},
		{
			"name": "hexadecagon",
			"from": [7.70505, -3.91875, 6.51721],
			"to": [8.29495, -3.73125, 9.48279],
			"rotation": {"angle": 45, "axis": "y", "origin": [8, -3.825, 8]},
			"faces": {
				"north": {"uv": [0, 1, 1, 0], "texture": "#2"},
				"south": {"uv": [0, 1, 1, 0], "texture": "#2"},
				"down": {"uv": [0, 1, 1, 0], "texture": "#2"}
			}
		},
		{
			"name": "hexadecagon",
			"from": [6.51721, -3.91875, 7.70505],
			"to": [9.48279, -3.73125, 8.29495],
			"rotation": {"angle": -22.5, "axis": "y", "origin": [8, -3.825, 8]},
			"faces": {
				"east": {"uv": [0, 1, 1, 0], "texture": "#2"},
				"west": {"uv": [0, 1, 1, 0], "texture": "#2"},
				"down": {"uv": [0, 1, 1, 0], "texture": "#2"}
			}
		},
		{
			"name": "hexadecagon",
			"from": [6.51721, -3.91875, 7.70505],
			"to": [9.48279, -3.73125, 8.29495],
			"rotation": {"angle": 0, "axis": "y", "origin": [8, -3.825, 8]},
			"faces": {
				"east": {"uv": [0, 1, 1, 0], "texture": "#2"},
				"west": {"uv": [0, 1, 1, 0], "texture": "#2"},
				"down": {"uv": [0, 1, 1, 0], "texture": "#2"}
			}
		},
		{
			"name": "hexadecagon",
			"from": [6.51721, -3.91875, 7.70505],
			"to": [9.48279, -3.73125, 8.29495],
			"rotation": {"angle": 22.5, "axis": "y", "origin": [8, -3.825, 8]},
			"faces": {
				"east": {"uv": [0, 1, 1, 0], "texture": "#2"},
				"west": {"uv": [0, 1, 1, 0], "texture": "#2"},
				"down": {"uv": [0, 1, 1, 0], "texture": "#2"}
			}
		},
		{
			"name": "hexadecagon",
			"from": [7.76994, -4.0125, 6.84342],
			"to": [8.23006, -3.91875, 9.15658],
			"rotation": {"angle": -45, "axis": "y", "origin": [8, -4.0125, 8]},
			"faces": {
				"north": {"uv": [0, 1, 1, 0], "texture": "#2"},
				"south": {"uv": [0, 1, 1, 0], "texture": "#2"},
				"down": {"uv": [0, 1, 1, 0], "texture": "#2"}
			}
		},
		{
			"name": "hexadecagon",
			"from": [7.76994, -4.0125, 6.84342],
			"to": [8.23006, -3.91875, 9.15658],
			"rotation": {"angle": -22.5, "axis": "y", "origin": [8, -4.0125, 8]},
			"faces": {
				"north": {"uv": [0, 1, 1, 0], "texture": "#2"},
				"south": {"uv": [0, 1, 1, 0], "texture": "#2"},
				"down": {"uv": [0, 1, 1, 0], "texture": "#2"}
			}
		},
		{
			"name": "hexadecagon",
			"from": [7.76994, -4.0125, 6.84342],
			"to": [8.23006, -3.91875, 9.15658],
			"rotation": {"angle": 0, "axis": "y", "origin": [8, -4.0125, 8]},
			"faces": {
				"north": {"uv": [0, 1, 1, 0], "texture": "#2"},
				"south": {"uv": [0, 1, 1, 0], "texture": "#2"},
				"down": {"uv": [0, 1, 1, 0], "texture": "#2"}
			}
		},
		{
			"name": "hexadecagon",
			"from": [7.76994, -4.0125, 6.84342],
			"to": [8.23006, -3.91875, 9.15658],
			"rotation": {"angle": 22.5, "axis": "y", "origin": [8, -4.0125, 8]},
			"faces": {
				"north": {"uv": [0, 1, 1, 0], "texture": "#2"},
				"south": {"uv": [0, 1, 1, 0], "texture": "#2"},
				"down": {"uv": [0, 1, 1, 0], "texture": "#2"}
			}
		},
		{
			"name": "hexadecagon",
			"from": [7.76994, -4.0125, 6.84342],
			"to": [8.23006, -3.91875, 9.15658],
			"rotation": {"angle": 45, "axis": "y", "origin": [8, -4.0125, 8]},
			"faces": {
				"north": {"uv": [0, 1, 1, 0], "texture": "#2"},
				"south": {"uv": [0, 1, 1, 0], "texture": "#2"},
				"down": {"uv": [0, 1, 1, 0], "texture": "#2"}
			}
		},
		{
			"name": "hexadecagon",
			"from": [6.84342, -4.0125, 7.76994],
			"to": [9.15658, -3.91875, 8.23006],
			"rotation": {"angle": -22.5, "axis": "y", "origin": [8, -4.0125, 8]},
			"faces": {
				"east": {"uv": [0, 1, 1, 0], "texture": "#2"},
				"west": {"uv": [0, 1, 1, 0], "texture": "#2"},
				"down": {"uv": [0, 1, 1, 0], "texture": "#2"}
			}
		},
		{
			"name": "hexadecagon",
			"from": [6.84342, -4.0125, 7.76994],
			"to": [9.15658, -3.91875, 8.23006],
			"rotation": {"angle": 0, "axis": "y", "origin": [8, -4.0125, 8]},
			"faces": {
				"east": {"uv": [0, 1, 1, 0], "texture": "#2"},
				"west": {"uv": [0, 1, 1, 0], "texture": "#2"},
				"down": {"uv": [0, 1, 1, 0], "texture": "#2"}
			}
		},
		{
			"name": "hexadecagon",
			"from": [6.84342, -4.0125, 7.76994],
			"to": [9.15658, -3.91875, 8.23006],
			"rotation": {"angle": 22.5, "axis": "y", "origin": [8, -4.0125, 8]},
			"faces": {
				"east": {"uv": [0, 1, 1, 0], "texture": "#2"},
				"west": {"uv": [0, 1, 1, 0], "texture": "#2"},
				"down": {"uv": [0, 1, 1, 0], "texture": "#2"}
			}
		},
		{
			"name": "octagon",
			"from": [7.51288, -0.41667, 6.824],
			"to": [8.48712, 15.08333, 9.176],
			"rotation": {"angle": 45, "axis": "y", "origin": [8, 1.08333, 8]},
			"faces": {
				"north": {"uv": [6, 0, 7, 16], "texture": "#1"},
				"east": {"uv": [0, 0, 1, 1], "texture": "#1"},
				"south": {"uv": [2, 0, 3, 16], "texture": "#1"},
				"west": {"uv": [0, 0, 1, 1], "texture": "#1"},
				"up": {"uv": [0, 0, 1, 1], "texture": "#1"},
				"down": {"uv": [0, 0, 1, 1], "texture": "#1"}
			}
		},
		{
			"name": "octagon",
			"from": [7.51288, -0.41667, 6.824],
			"to": [8.48712, 15.08333, 9.176],
			"rotation": {"angle": 0, "axis": "y", "origin": [8, 1.08333, 8]},
			"faces": {
				"north": {"uv": [5, 0, 6, 16], "texture": "#1"},
				"east": {"uv": [0, 0, 1, 1], "texture": "#1"},
				"south": {"uv": [1, 0, 2, 16], "texture": "#1"},
				"west": {"uv": [0, 0, 1, 1], "texture": "#1"},
				"up": {"uv": [0, 0, 1, 1], "texture": "#1"},
				"down": {"uv": [0, 0, 1, 1], "texture": "#1"}
			}
		},
		{
			"name": "octagon",
			"from": [6.824, -0.41667, 7.51288],
			"to": [9.176, 15.08333, 8.48712],
			"rotation": {"angle": 45, "axis": "y", "origin": [8, 1.08333, 8]},
			"faces": {
				"north": {"uv": [0, 0, 1, 1], "texture": "#1"},
				"east": {"uv": [4, 0, 5, 16], "texture": "#1"},
				"south": {"uv": [0, 0, 1, 1], "texture": "#1"},
				"west": {"uv": [8, 0, 9, 16], "texture": "#1"},
				"up": {"uv": [0, 0, 1, 1], "texture": "#1"},
				"down": {"uv": [0, 0, 1, 1], "texture": "#1"}
			}
		},
		{
			"name": "octagon",
			"from": [6.824, -0.41667, 7.51288],
			"to": [9.176, 15.08333, 8.48712],
			"rotation": {"angle": 0, "axis": "y", "origin": [8, 1.08333, 8]},
			"faces": {
				"north": {"uv": [0, 0, 1, 1], "texture": "#1"},
				"east": {"uv": [3, 0, 4, 16], "texture": "#1"},
				"south": {"uv": [0, 0, 1, 1], "texture": "#1"},
				"west": {"uv": [7, 0, 8, 16], "texture": "#1"},
				"up": {"uv": [0, 0, 1, 1], "texture": "#1"},
				"down": {"uv": [0, 0, 1, 1], "texture": "#1"}
			}
		},
		{
			"name": "octagon",
			"from": [7.13711, 14.58333, 5.9168],
			"to": [8.86289, 15.33333, 10.0832],
			"rotation": {"angle": 45, "axis": "y", "origin": [8, -6.41667, 8]},
			"faces": {
				"north": {"uv": [0, 0, 1, 1], "texture": "#1"},
				"east": {"uv": [0, 0, 1, 1], "texture": "#1"},
				"south": {"uv": [0, 0, 1, 1], "texture": "#1"},
				"west": {"uv": [0, 0, 1, 1], "texture": "#1"},
				"up": {"uv": [0, 0, 1, 1], "texture": "#1"},
				"down": {"uv": [0, 0, 1, 1], "texture": "#1"}
			}
		},
		{
			"name": "octagon",
			"from": [7.13711, 14.58333, 5.9168],
			"to": [8.86289, 15.33333, 10.0832],
			"rotation": {"angle": 0, "axis": "y", "origin": [8, -6.41667, 8]},
			"faces": {
				"north": {"uv": [0, 0, 1, 1], "texture": "#1"},
				"east": {"uv": [0, 0, 1, 1], "texture": "#1"},
				"south": {"uv": [0, 0, 1, 1], "texture": "#1"},
				"west": {"uv": [0, 0, 1, 1], "texture": "#1"},
				"up": {"uv": [0, 0, 1, 1], "texture": "#1"},
				"down": {"uv": [0, 0, 1, 1], "texture": "#1"}
			}
		},
		{
			"name": "octagon",
			"from": [5.9168, 14.58333, 7.13711],
			"to": [10.0832, 15.33333, 8.86289],
			"rotation": {"angle": 45, "axis": "y", "origin": [8, -6.41667, 8]},
			"faces": {
				"north": {"uv": [0, 0, 1, 1], "texture": "#1"},
				"east": {"uv": [0, 0, 1, 1], "texture": "#1"},
				"south": {"uv": [0, 0, 1, 1], "texture": "#1"},
				"west": {"uv": [0, 0, 1, 1], "texture": "#1"},
				"up": {"uv": [0, 0, 1, 1], "texture": "#1"},
				"down": {"uv": [0, 0, 1, 1], "texture": "#1"}
			}
		},
		{
			"name": "octagon",
			"from": [5.9168, 14.58333, 7.13711],
			"to": [10.0832, 15.33333, 8.86289],
			"rotation": {"angle": 0, "axis": "y", "origin": [8, -6.41667, 8]},
			"faces": {
				"north": {"uv": [0, 0, 1, 1], "texture": "#1"},
				"east": {"uv": [0, 0, 1, 1], "texture": "#1"},
				"south": {"uv": [0, 0, 1, 1], "texture": "#1"},
				"west": {"uv": [0, 0, 1, 1], "texture": "#1"},
				"up": {"uv": [0, 0, 1, 1], "texture": "#1"},
				"down": {"uv": [0, 0, 1, 1], "texture": "#1"}
			}
		},
		{
			"name": "octagon",
			"from": [6.96453, 15.33333, 5.50016],
			"to": [9.03547, 16.08333, 10.49984],
			"rotation": {"angle": 45, "axis": "y", "origin": [8, -5.66667, 8]},
			"faces": {
				"north": {"uv": [0, 0, 1, 1], "texture": "#1"},
				"east": {"uv": [0, 0, 1, 1], "texture": "#1"},
				"south": {"uv": [0, 0, 1, 1], "texture": "#1"},
				"west": {"uv": [0, 0, 1, 1], "texture": "#1"},
				"up": {"uv": [0, 0, 1, 1], "texture": "#1"},
				"down": {"uv": [0, 0, 1, 1], "texture": "#1"}
			}
		},
		{
			"name": "octagon",
			"from": [6.96453, 15.33333, 5.50016],
			"to": [9.03547, 16.08333, 10.49984],
			"rotation": {"angle": 0, "axis": "y", "origin": [8, -5.66667, 8]},
			"faces": {
				"north": {"uv": [0, 0, 1, 1], "texture": "#1"},
				"east": {"uv": [0, 0, 1, 1], "texture": "#1"},
				"south": {"uv": [0, 0, 1, 1], "texture": "#1"},
				"west": {"uv": [0, 0, 1, 1], "texture": "#1"},
				"up": {"uv": [0, 0, 1, 1], "texture": "#1"},
				"down": {"uv": [0, 0, 1, 1], "texture": "#1"}
			}
		},
		{
			"name": "octagon",
			"from": [5.50016, 15.33333, 6.96453],
			"to": [10.49984, 16.08333, 9.03547],
			"rotation": {"angle": 45, "axis": "y", "origin": [8, -5.66667, 8]},
			"faces": {
				"north": {"uv": [0, 0, 1, 1], "texture": "#1"},
				"east": {"uv": [0, 0, 1, 1], "texture": "#1"},
				"south": {"uv": [0, 0, 1, 1], "texture": "#1"},
				"west": {"uv": [0, 0, 1, 1], "texture": "#1"},
				"up": {"uv": [0, 0, 1, 1], "texture": "#1"},
				"down": {"uv": [0, 0, 1, 1], "texture": "#1"}
			}
		},
		{
			"name": "octagon",
			"from": [5.50016, 15.33333, 6.96453],
			"to": [10.49984, 16.08333, 9.03547],
			"rotation": {"angle": 0, "axis": "y", "origin": [8, -5.66667, 8]},
			"faces": {
				"north": {"uv": [0, 0, 1, 1], "texture": "#1"},
				"east": {"uv": [0, 0, 1, 1], "texture": "#1"},
				"south": {"uv": [0, 0, 1, 1], "texture": "#1"},
				"west": {"uv": [0, 0, 1, 1], "texture": "#1"},
				"up": {"uv": [0, 0, 1, 1], "texture": "#1"},
				"down": {"uv": [0, 0, 1, 1], "texture": "#1"}
			}
		}
	],
	"display": {
		"thirdperson_righthand": {
			"rotation": [75, 45, 0],
			"scale": [0.375, 0.375, 0.375]
		},
		"thirdperson_lefthand": {
			"rotation": [75, 45, 0],
			"scale": [0.375, 0.375, 0.375]
		},
		"firstperson_righthand": {
			"rotation": [0, 45, 0],
			"translation": [3, 4.75, 0],
			"scale": [0.4, 0.4, 0.4]
		},
		"firstperson_lefthand": {
			"rotation": [0, 45, 0],
			"translation": [3, 4.75, 0],
			"scale": [0.4, 0.4, 0.4]
		},
		"ground": {
			"translation": [0, 1.25, 0],
			"scale": [0.35, 0.35, 0.35]
		},
		"gui": {
			"rotation": [12, -180, 0],
			"translation": [0, 0.5, 0],
			"scale": [0.625, 0.625, 0.625]
		},
		"head": {
			"rotation": [-180, 0, 0],
			"translation": [0, 14.5, 0]
		},
		"fixed": {
			"translation": [0, 2, 0]
		}
	},
	"groups": [
		{
			"name": "boitier",
			"origin": [8, 8, 8],
			"children": [
				{
					"name": "hexadecagon",
					"origin": [8, 8, 8],
					"children": [0, 1, 2, 3, 4, 5, 6, 7]
				},
				{
					"name": "hexadecagon",
					"origin": [8, 8, 8],
					"children": [8, 9, 10, 11, 12, 13, 14, 15]
				},
				{
					"name": "hexadecagon",
					"origin": [8, 8, 8],
					"children": [16, 17, 18, 19, 20, 21, 22, 23]
				}
			]
		},
		{
			"name": "camera",
			"origin": [8, 8, 8],
			"children": [
				{
					"name": "hexadecagon",
					"origin": [8, 8, 8],
					"children": [24, 25, 26, 27, 28, 29, 30, 31]
				},
				{
					"name": "hexadecagon",
					"origin": [8, 8, 8],
					"children": [32, 33, 34, 35, 36, 37, 38, 39]
				},
				{
					"name": "hexadecagon",
					"origin": [8, 8, 8],
					"children": [40, 41, 42, 43, 44, 45, 46, 47]
				},
				{
					"name": "hexadecagon",
					"origin": [8, 8, 8],
					"children": [48, 49, 50, 51, 52, 53, 54, 55]
				},
				{
					"name": "hexadecagon",
					"origin": [8, 8, 8],
					"children": [56, 57, 58, 59, 60, 61, 62, 63]
				}
			]
		},
		{
			"name": "barre",
			"origin": [8, 8, 8],
			"children": [
				{
					"name": "octagon",
					"origin": [8, 8, 8],
					"children": [64, 65, 66, 67]
				},
				{
					"name": "octagon",
					"origin": [8, 8, 8],
					"children": [68, 69, 70, 71,
						{
							"name": "octagon",
							"origin": [8, 8, 8],
							"children": [72, 73, 74, 75]
						}
					]
				}
			]
		}
	]
}