{
	"credit": "Made by Daminator4113, with Blockbench",
	"textures": {
		"0": "custom/exit_sign",
		"1": "custom/white_light",
		"particle": "custom/exit_sign"
	},
	"elements": [
		{
			"from": [0, 5.25, 3],
			"to": [0.75, 11.25, 13],
			"faces": {
				"east": {"uv": [0, 0, 16, 10.5], "texture": "#0"},
				"west": {"uv": [0, 0, 16, 16], "texture": "#1"}
			}
		},
		{
			"from": [0, 5.25, 2.75],
			"to": [1, 11.25, 3],
			"faces": {
				"north": {"uv": [0, 0, 16, 16], "texture": "#1"},
				"east": {"uv": [0, 0, 16, 16], "texture": "#1"},
				"south": {"uv": [0, 0, 16, 16], "texture": "#1"},
				"west": {"uv": [0, 0, 16, 16], "texture": "#1"}
			}
		},
		{
			"from": [0, 5.25, 13],
			"to": [1, 11.25, 13.25],
			"faces": {
				"north": {"uv": [0, 0, 16, 16], "texture": "#1"},
				"east": {"uv": [0, 0, 16, 16], "texture": "#1"},
				"south": {"uv": [0, 0, 16, 16], "texture": "#1"},
				"west": {"uv": [0, 0, 16, 16], "texture": "#1"}
			}
		},
		{
			"from": [0, 11.25, 2.75],
			"to": [1, 11.5, 13.25],
			"faces": {
				"north": {"uv": [0, 0, 16, 16], "texture": "#1"},
				"east": {"uv": [0, 0, 16, 16], "texture": "#1"},
				"south": {"uv": [0, 0, 16, 16], "texture": "#1"},
				"west": {"uv": [0, 0, 16, 16], "texture": "#1"},
				"up": {"uv": [0, 0, 16, 16], "rotation": 90, "texture": "#1"},
				"down": {"uv": [0, 0, 16, 16], "rotation": 270, "texture": "#1"}
			}
		},
		{
			"from": [0, 5, 2.75],
			"to": [1, 5.25, 13.25],
			"faces": {
				"north": {"uv": [0, 0, 16, 16], "texture": "#1"},
				"east": {"uv": [0, 0, 16, 16], "texture": "#1"},
				"south": {"uv": [0, 0, 16, 16], "texture": "#1"},
				"west": {"uv": [0, 0, 16, 16], "texture": "#1"},
				"up": {"uv": [0, 0, 16, 16], "rotation": 90, "texture": "#1"},
				"down": {"uv": [0, 0, 16, 16], "rotation": 270, "texture": "#1"}
			}
		}
	],
	"display": {
		"thirdperson_righthand": {
			"rotation": [-14, -180, 0],
			"translation": [0, 3.75, 7.5]
		},
		"thirdperson_lefthand": {
			"rotation": [-14, -180, 0],
			"translation": [0, 3.75, 7.5]
		},
		"firstperson_righthand": {
			"rotation": [-15, -180, 0],
			"translation": [-1.75, 6.5, 10]
		},
		"firstperson_lefthand": {
			"rotation": [-15, -180, 0],
			"translation": [-1.75, 6.5, 10]
		},
		"ground": {
			"rotation": [90, 0, 0],
			"translation": [0, 4.75, 0]
		},
		"gui": {
			"rotation": [30, 225, 0],
			"translation": [6.5, -3.5, 0],
			"scale": [1.25, 1.25, 1.25]
		},
		"head": {
			"translation": [0, 10, -1.75]
		},
		"fixed": {
			"translation": [0, 0, -14],
			"scale": [1.75, 1.75, 1.75]
		}
	}
}