{
	"credit": "Made by Daminator4113, with Blockbench",
	"textures": {
		"0": "block/red_concrete_powder",
		"1": "block/coal_block",
		"2": "block/gold_block",
		"3": "block/iron_block",
		"particle": "block/red_concrete_powder"
	},
	"elements": [
		{
			"from": [2, 0, 6],
			"to": [4, 9, 10],
			"rotation": {"angle": 0, "axis": "y", "origin": [3, 4.5, 8]},
			"faces": {
				"north": {"uv": [0, 0, 2, 9], "texture": "#0"},
				"east": {"uv": [0, 0, 4, 9], "texture": "#0"},
				"south": {"uv": [0, 0, 2, 9], "texture": "#0"},
				"west": {"uv": [0, 0, 4, 9], "texture": "#0"},
				"up": {"uv": [0, 0, 2, 4], "texture": "#0"},
				"down": {"uv": [0, 0, 2, 4], "texture": "#0"}
			}
		},
		{
			"from": [1.95, -0.125, 5.9],
			"to": [4.05, 1.875, 10.1],
			"rotation": {"angle": 0, "axis": "y", "origin": [3, 4.5, 8]},
			"faces": {
				"north": {"uv": [0, 0, 2, 2], "rotation": 180, "texture": "#1"},
				"east": {"uv": [0, 0, 4.2, 2], "texture": "#1"},
				"south": {"uv": [0, 0, 2, 2], "rotation": 180, "texture": "#1"},
				"west": {"uv": [0, 0, 4.2, 2], "rotation": 180, "texture": "#1"},
				"up": {"uv": [0, 0, 2.1, 4.2], "texture": "#1"},
				"down": {"uv": [0, 0, 2.1, 4.2], "texture": "#1"}
			}
		},
		{
			"from": [2.5, 9, 6.5],
			"to": [3.5, 10, 9.5],
			"rotation": {"angle": 0, "axis": "y", "origin": [3, 4.5, 8]},
			"faces": {
				"north": {"uv": [0, 0, 1, 1], "texture": "#0"},
				"east": {"uv": [0, 0, 3, 1], "texture": "#0"},
				"south": {"uv": [0, 0, 1, 1], "texture": "#0"},
				"west": {"uv": [0, 0, 3, 1], "texture": "#0"},
				"up": {"uv": [0, 0, 1, 3], "texture": "#0"},
				"down": {"uv": [0, 0, 1, 3], "texture": "#0"}
			}
		},
		{
			"from": [4, 0, 7],
			"to": [5, 9, 9],
			"rotation": {"angle": 0, "axis": "y", "origin": [3, 4.5, 8]},
			"faces": {
				"north": {"uv": [0, 0, 1, 9], "texture": "#0"},
				"east": {"uv": [0, 0, 2, 9], "texture": "#0"},
				"south": {"uv": [0, 0, 1, 9], "texture": "#0"},
				"west": {"uv": [0, 0, 2, 9], "texture": "#0"},
				"up": {"uv": [0, 0, 1, 2], "texture": "#0"},
				"down": {"uv": [0, 0, 1, 2], "texture": "#0"}
			}
		},
		{
			"from": [4.05, -0.125, 6.95],
			"to": [5.1, 1.875, 9.05],
			"rotation": {"angle": 0, "axis": "y", "origin": [3, 4.5, 8]},
			"faces": {
				"north": {"uv": [0, 0, 1.05, 2], "texture": "#1"},
				"east": {"uv": [0, 0, 2, 2], "rotation": 180, "texture": "#1"},
				"south": {"uv": [0, 0, 1.05, 2], "texture": "#1"},
				"west": {"uv": [0, 0, 2.1, 2], "texture": "#1"},
				"up": {"uv": [0, 0, 1.05, 2.1], "texture": "#1"},
				"down": {"uv": [0, 0, 1.05, 2.1], "texture": "#1"}
			}
		},
		{
			"from": [3.5, 9, 7.5],
			"to": [4.5, 10, 8.5],
			"rotation": {"angle": 0, "axis": "y", "origin": [3, 4.5, 8]},
			"faces": {
				"north": {"uv": [0, 0, 1, 1], "texture": "#0"},
				"east": {"uv": [0, 0, 1, 1], "texture": "#0"},
				"south": {"uv": [0, 0, 1, 1], "texture": "#0"},
				"west": {"uv": [0, 0, 1, 1], "texture": "#0"},
				"up": {"uv": [0, 0, 1, 1], "texture": "#0"},
				"down": {"uv": [0, 0, 1, 1], "texture": "#0"}
			}
		},
		{
			"from": [1.5, 9, 7.5],
			"to": [2.5, 10, 8.5],
			"rotation": {"angle": 0, "axis": "y", "origin": [3, 4.5, 8]},
			"faces": {
				"north": {"uv": [0, 0, 1, 1], "texture": "#0"},
				"east": {"uv": [0, 0, 1, 1], "texture": "#0"},
				"south": {"uv": [0, 0, 1, 1], "texture": "#0"},
				"west": {"uv": [0, 0, 1, 1], "texture": "#0"},
				"up": {"uv": [0, 0, 1, 1], "texture": "#0"},
				"down": {"uv": [0, 0, 1, 1], "texture": "#0"}
			}
		},
		{
			"from": [2.5, 10, 7.5],
			"to": [3.5, 11, 8.5],
			"rotation": {"angle": 0, "axis": "y", "origin": [3, 4.5, 8]},
			"faces": {
				"north": {"uv": [0, 1, 1, 2], "texture": "#3"},
				"east": {"uv": [0, 1, 1, 2], "texture": "#3"},
				"south": {"uv": [0, 1, 1, 2], "texture": "#3"},
				"west": {"uv": [0, 1, 1, 2], "texture": "#3"},
				"up": {"uv": [0, 1, 1, 2], "texture": "#3"},
				"down": {"uv": [0, 1, 1, 2], "texture": "#3"}
			}
		},
		{
			"from": [2.5, 11, 7.25],
			"to": [3.5, 12, 8.75],
			"rotation": {"angle": 0, "axis": "y", "origin": [3, 4.5, 8]},
			"faces": {
				"north": {"uv": [0, 3, 1, 4], "texture": "#3"},
				"east": {"uv": [0, 3, 1, 4], "texture": "#3"},
				"south": {"uv": [0, 3, 1, 4], "texture": "#3"},
				"west": {"uv": [0, 3, 1, 4], "texture": "#3"},
				"up": {"uv": [0, 3, 1, 4], "texture": "#3"},
				"down": {"uv": [0, 3, 1, 4], "texture": "#3"}
			}
		},
		{
			"from": [2.5, 11.25, 7.5],
			"to": [3.5, 12.25, 8.5],
			"rotation": {"angle": 0, "axis": "y", "origin": [3, 4.5, 8]},
			"faces": {
				"north": {"uv": [2, 0, 3, 1], "texture": "#3"},
				"east": {"uv": [2, 0, 3, 1], "texture": "#3"},
				"south": {"uv": [2, 0, 3, 1], "texture": "#3"},
				"west": {"uv": [2, 0, 3, 1], "texture": "#3"},
				"up": {"uv": [2, 0, 3, 1], "texture": "#3"},
				"down": {"uv": [2, 0, 3, 1], "texture": "#3"}
			}
		},
		{
			"from": [3, 11, 7.5],
			"to": [4, 12, 8.5],
			"rotation": {"angle": 0, "axis": "y", "origin": [3, 4.5, 8]},
			"faces": {
				"north": {"uv": [4, 0, 5, 1], "texture": "#2"},
				"east": {"uv": [4, 0, 5, 1], "texture": "#2"},
				"south": {"uv": [4, 0, 5, 1], "texture": "#2"},
				"west": {"uv": [4, 0, 5, 1], "texture": "#2"},
				"up": {"uv": [4, 0, 5, 1], "texture": "#2"},
				"down": {"uv": [4, 0, 5, 1], "texture": "#2"}
			}
		},
		{
			"from": [-0.38425, 11.17493, 7.40625],
			"to": [2.61575, 12.17493, 8.53125],
			"rotation": {"angle": -22.5, "axis": "z", "origin": [2, 11.5, 8.125]},
			"faces": {
				"north": {"uv": [0, 0, 3, 1], "texture": "#3"},
				"east": {"uv": [0, 0, 1, 1], "texture": "#3"},
				"south": {"uv": [0, 0, 3, 1], "texture": "#3"},
				"west": {"uv": [0, 0, 1, 1], "texture": "#3"},
				"up": {"uv": [0, 0, 3, 1], "texture": "#3"},
				"down": {"uv": [0, 0, 3, 1], "texture": "#3"}
			}
		},
		{
			"from": [4, 10.5, 7],
			"to": [5, 12.5, 9],
			"rotation": {"angle": 0, "axis": "z", "origin": [2, 11.5, 8]},
			"faces": {
				"north": {"uv": [0, 3, 1, 5], "texture": "#1"},
				"east": {"uv": [0, 3, 1, 4], "texture": "#1"},
				"south": {"uv": [0, 3, 1, 5], "texture": "#1"},
				"west": {"uv": [0, 3, 2, 5], "texture": "#1"},
				"up": {"uv": [0, 3, 1, 5], "texture": "#1"},
				"down": {"uv": [0, 3, 1, 5], "texture": "#1"}
			}
		},
		{
			"from": [5, 10, 6.5],
			"to": [6, 13, 9.5],
			"rotation": {"angle": 0, "axis": "z", "origin": [2, 11.5, 8]},
			"faces": {
				"north": {"uv": [0, 3, 1, 6], "texture": "#1"},
				"east": {"uv": [0, 3, 3, 6], "texture": "#1"},
				"south": {"uv": [0, 3, 1, 6], "texture": "#1"},
				"west": {"uv": [0, 3, 3, 6], "texture": "#1"},
				"up": {"uv": [0, 3, 1, 6], "texture": "#1"},
				"down": {"uv": [0, 3, 1, 6], "texture": "#1"}
			}
		},
		{
			"from": [-0.38425, 10.82507, 7.5],
			"to": [2.61575, 11.82507, 8.5],
			"rotation": {"angle": 22.5, "axis": "z", "origin": [2, 11.5, 8]},
			"faces": {
				"north": {"uv": [0, 3, 3, 4], "texture": "#1"},
				"east": {"uv": [0, 3, 1, 4], "texture": "#1"},
				"south": {"uv": [0, 3, 3, 4], "texture": "#1"},
				"west": {"uv": [0, 3, 1, 4], "texture": "#1"},
				"up": {"uv": [0, 3, 3, 4], "texture": "#1"},
				"down": {"uv": [0, 3, 3, 4], "texture": "#1"}
			}
		},
		{
			"from": [3.79289, 0, 8.5],
			"to": [4.79289, 9, 9.90625],
			"rotation": {"angle": -45, "axis": "y", "origin": [4.29289, 4.5, 9]},
			"faces": {
				"north": {"uv": [0, 0, 1, 9], "texture": "#0"},
				"east": {"uv": [1, 0, 2.407, 9], "texture": "#0"},
				"south": {"uv": [3, 0, 4, 9], "texture": "#0"},
				"west": {"uv": [3, 0, 4.407, 9], "texture": "#0"},
				"up": {"uv": [0, 0, 1, 1.40625], "texture": "#0"},
				"down": {"uv": [0, 0, 1, 1.40625], "texture": "#0"}
			}
		},
		{
			"from": [3.83254, -0.125, 8.525],
			"to": [4.88254, 1.875, 10.00156],
			"rotation": {"angle": -45, "axis": "y", "origin": [4.35754, 4.5, 9.05]},
			"faces": {
				"north": {"uv": [3, 0, 4.05, 2], "texture": "#1"},
				"east": {"uv": [5, 0, 6.477, 2], "rotation": 180, "texture": "#1"},
				"south": {"uv": [3, 0, 4.05, 2], "texture": "#1"},
				"west": {"uv": [3, 0, 4.47656, 2], "texture": "#1"},
				"up": {"uv": [3, 0, 4.05, 1.47656], "texture": "#1"},
				"down": {"uv": [3, 0, 4.05, 1.47656], "texture": "#1"}
			}
		},
		{
			"from": [3.29289, 9, 8],
			"to": [4.29289, 10, 9.40625],
			"rotation": {"angle": -45, "axis": "y", "origin": [3.79289, 4.5, 8.5]},
			"faces": {
				"north": {"uv": [0, 0, 1, 1], "texture": "#0"},
				"east": {"uv": [0, 0, 1.40625, 1], "texture": "#0"},
				"south": {"uv": [0, 0, 1, 1], "texture": "#0"},
				"west": {"uv": [0, 0, 1.40625, 1], "texture": "#0"},
				"up": {"uv": [0, 0, 1, 1.40625], "texture": "#0"},
				"down": {"uv": [0, 0, 1, 1.40625], "texture": "#0"}
			}
		},
		{
			"from": [3.29289, 9, 8],
			"to": [4.29289, 10, 9.40625],
			"rotation": {"angle": -45, "axis": "y", "origin": [3.79289, 4.5, 8.5]},
			"faces": {
				"north": {"uv": [0, 0, 1, 1], "texture": "#0"},
				"east": {"uv": [0, 0, 1.40625, 1], "texture": "#0"},
				"south": {"uv": [0, 0, 1, 1], "texture": "#0"},
				"west": {"uv": [0, 0, 1.40625, 1], "texture": "#0"},
				"up": {"uv": [0, 0, 1, 1.40625], "texture": "#0"},
				"down": {"uv": [0, 0, 1, 1.40625], "texture": "#0"}
			}
		},
		{
			"from": [3.79289, 0, 6.09375],
			"to": [4.79289, 9, 7.5],
			"rotation": {"angle": 45, "axis": "y", "origin": [4.29289, 4.5, 7]},
			"faces": {
				"north": {"uv": [0, 0, 1, 9], "texture": "#0"},
				"east": {"uv": [1, 0, 2.407, 9], "texture": "#0"},
				"south": {"uv": [0, 0, 1, 9], "texture": "#0"},
				"west": {"uv": [3, 0, 4.407, 9], "texture": "#0"},
				"up": {"uv": [0, 0, 1, 1.40625], "texture": "#0"},
				"down": {"uv": [0, 0, 1, 1.40625], "texture": "#0"}
			}
		},
		{
			"from": [3.83254, -0.125, 5.99844],
			"to": [4.88254, 1.875, 7.475],
			"rotation": {"angle": 45, "axis": "y", "origin": [4.35754, 4.5, 6.95]},
			"faces": {
				"north": {"uv": [3, 0, 4.05, 2], "texture": "#1"},
				"east": {"uv": [5, 0, 6.477, 2], "rotation": 180, "texture": "#1"},
				"south": {"uv": [3, 0, 4.05, 2], "texture": "#1"},
				"west": {"uv": [1, 0, 2.477, 2], "texture": "#1"},
				"up": {"uv": [3, 0, 4.05, 1.47656], "texture": "#1"},
				"down": {"uv": [3, 0, 4.05, 1.47656], "texture": "#1"}
			}
		},
		{
			"from": [3.29289, 9, 6.59375],
			"to": [4.29289, 10, 8],
			"rotation": {"angle": 45, "axis": "y", "origin": [3.79289, 4.5, 7.5]},
			"faces": {
				"north": {"uv": [0, 0, 1, 1], "texture": "#0"},
				"east": {"uv": [0, 0, 1.40625, 1], "texture": "#0"},
				"south": {"uv": [0, 0, 1, 1], "texture": "#0"},
				"west": {"uv": [0, 0, 1.40625, 1], "texture": "#0"},
				"up": {"uv": [0, 0, 1, 1.40625], "texture": "#0"},
				"down": {"uv": [0, 0, 1, 1.40625], "texture": "#0"}
			}
		},
		{
			"from": [1.20711, 0, 8.5],
			"to": [2.20711, 9, 9.90625],
			"rotation": {"angle": 45, "axis": "y", "origin": [1.70711, 4.5, 9]},
			"faces": {
				"north": {"uv": [0, 0, 1, 9], "texture": "#0"},
				"east": {"uv": [0, 0, 1.40625, 9], "texture": "#0"},
				"south": {"uv": [8, 0, 9, 9], "texture": "#0"},
				"west": {"uv": [1, 0, 2.407, 9], "texture": "#0"},
				"up": {"uv": [0, 0, 1, 1.40625], "texture": "#0"},
				"down": {"uv": [0, 0, 1, 1.40625], "texture": "#0"}
			}
		},
		{
			"from": [1.11746, -0.125, 8.525],
			"to": [2.16746, 1.875, 10.00156],
			"rotation": {"angle": 45, "axis": "y", "origin": [1.64246, 4.5, 9.05]},
			"faces": {
				"north": {"uv": [1, 0, 2.05, 2], "texture": "#1"},
				"east": {"uv": [1, 0, 2.47656, 2], "texture": "#1"},
				"south": {"uv": [1, 0, 2.05, 2], "texture": "#1"},
				"west": {"uv": [5, 0, 6.477, 2], "rotation": 180, "texture": "#1"},
				"up": {"uv": [1, 0, 2.05, 1.47656], "texture": "#1"},
				"down": {"uv": [1, 0, 2.05, 1.47656], "texture": "#1"}
			}
		},
		{
			"from": [1.71274, 9, 8.00563],
			"to": [2.71274, 10, 9.41188],
			"rotation": {"angle": 45, "axis": "y", "origin": [2.21274, 4.5, 8.50563]},
			"faces": {
				"north": {"uv": [0, 0, 1, 1], "texture": "#0"},
				"east": {"uv": [0, 0, 1.40625, 1], "texture": "#0"},
				"south": {"uv": [0, 0, 1, 1], "texture": "#0"},
				"west": {"uv": [0, 0, 1.40625, 1], "texture": "#0"},
				"up": {"uv": [0, 0, 1, 1.40625], "texture": "#0"},
				"down": {"uv": [0, 0, 1, 1.40625], "texture": "#0"}
			}
		},
		{
			"from": [1.20711, 0, 6.09375],
			"to": [2.20711, 9, 7.5],
			"rotation": {"angle": -45, "axis": "y", "origin": [1.70711, 4.5, 7]},
			"faces": {
				"north": {"uv": [0, 0, 1, 9], "texture": "#0"},
				"east": {"uv": [0, 0, 1.40625, 9], "texture": "#0"},
				"south": {"uv": [0, 0, 1, 9], "texture": "#0"},
				"west": {"uv": [1, 0, 2.407, 9], "texture": "#0"},
				"up": {"uv": [0, 0, 1, 1.40625], "texture": "#0"},
				"down": {"uv": [0, 0, 1, 1.40625], "texture": "#0"}
			}
		},
		{
			"from": [1.11746, -0.125, 5.99844],
			"to": [2.16746, 1.875, 7.475],
			"rotation": {"angle": -45, "axis": "y", "origin": [1.64246, 4.5, 6.95]},
			"faces": {
				"north": {"uv": [5, 0, 6.477, 2], "rotation": 180, "texture": "#1"},
				"east": {"uv": [5, 0, 6.477, 2], "rotation": 180, "texture": "#1"},
				"south": {"uv": [5, 0, 6.477, 2], "rotation": 180, "texture": "#1"},
				"west": {"uv": [5, 0, 6.477, 2], "rotation": 180, "texture": "#1"},
				"up": {"uv": [5, 0, 6.477, 2], "rotation": 180, "texture": "#1"},
				"down": {"uv": [5, 0, 6.477, 2], "rotation": 180, "texture": "#1"}
			}
		},
		{
			"from": [1.71274, 9, 6.58812],
			"to": [2.71274, 10, 7.99437],
			"rotation": {"angle": -45, "axis": "y", "origin": [2.21274, 4.5, 7.49437]},
			"faces": {
				"north": {"uv": [0, 0, 1, 1], "texture": "#0"},
				"east": {"uv": [0, 0, 1.40625, 1], "texture": "#0"},
				"south": {"uv": [0, 0, 1, 1], "texture": "#0"},
				"west": {"uv": [0, 0, 1.40625, 1], "texture": "#0"},
				"up": {"uv": [0, 0, 1, 1.40625], "texture": "#0"},
				"down": {"uv": [0, 0, 1, 1.40625], "texture": "#0"}
			}
		},
		{
			"from": [1, 0, 7],
			"to": [2, 9, 9],
			"rotation": {"angle": 0, "axis": "y", "origin": [3, 4.5, 8]},
			"faces": {
				"north": {"uv": [0, 0, 1, 9], "texture": "#0"},
				"east": {"uv": [0, 0, 2, 9], "texture": "#0"},
				"south": {"uv": [0, 0, 1, 9], "texture": "#0"},
				"west": {"uv": [0, 0, 2, 9], "texture": "#0"},
				"up": {"uv": [0, 0, 1, 2], "texture": "#0"},
				"down": {"uv": [0, 0, 1, 2], "texture": "#0"}
			}
		},
		{
			"from": [0.9, -0.125, 6.95],
			"to": [1.95, 1.875, 9.05],
			"rotation": {"angle": 0, "axis": "y", "origin": [3, 4.5, 8]},
			"faces": {
				"north": {"uv": [0, 0, 1.05, 2], "texture": "#1"},
				"east": {"uv": [0, 0, 2.1, 2], "texture": "#1"},
				"south": {"uv": [0, 0, 1.05, 2], "texture": "#1"},
				"west": {"uv": [0, 0, 2, 2], "rotation": 180, "texture": "#1"},
				"up": {"uv": [0, 0, 1.05, 2.1], "texture": "#1"},
				"down": {"uv": [0, 0, 1.05, 2.1], "texture": "#1"}
			}
		}
	],
	"display": {
		"thirdperson_righthand": {
			"rotation": [23, 90, 0],
			"translation": [0, 1.75, -4],
			"scale": [1, 1, 1.02]
		},
		"thirdperson_lefthand": {
			"rotation": [23, -90, 0],
			"translation": [0, 1.75, -4],
			"scale": [1, 1, 1.02]
		},
		"firstperson_righthand": {
			"rotation": [-9, 90, 0],
			"translation": [1, 2.75, -5]
		},
		"firstperson_lefthand": {
			"rotation": [-9, -90, 0],
			"translation": [1, 2.75, -5]
		},
		"ground": {
			"translation": [5, 4.5, 0]
		},
		"gui": {
			"rotation": [30, 225, 0],
			"translation": [-3.25, -0.5, 0],
			"scale": [1.15, 1.15, 1.15]
		},
		"head": {
			"rotation": [0, 90, 0],
			"translation": [0, 0, -5],
			"scale": [2, 2, 2]
		},
		"fixed": {
			"translation": [7, 2.5, -1],
			"scale": [1.5, 1.5, 1.5]
		}
	}
}