{
	"credit": "Made by Daminator4113, with Blockbench",
	"textures": {
		"0": "block/quartz_block_side",
		"1": "block/quartz_pillar",
		"particle": "block/quartz_block_side"
	},
	"elements": [
		{
			"from": [5.5, 0, 5.5],
			"to": [10.5, 0.5, 10.5],
			"rotation": {"angle": 0, "axis": "y", "origin": [8, 0.25, 8]},
			"faces": {
				"north": {"uv": [0, 14, 16, 16], "rotation": 180, "texture": "#0"},
				"east": {"uv": [14, 0, 16, 16], "rotation": 270, "texture": "#0"},
				"south": {"uv": [0, 0, 16, 2], "texture": "#0"},
				"west": {"uv": [0, 0, 2, 16], "rotation": 90, "texture": "#0"},
				"up": {"uv": [0, 0, 16, 16], "rotation": 180, "texture": "#0"},
				"down": {"uv": [0, 0, 16, 16], "texture": "#0"}
			}
		},
		{
			"from": [7.5, 0.5, 7],
			"to": [8.5, 0.625, 9],
			"rotation": {"angle": 0, "axis": "y", "origin": [8, 0.5625, 8]},
			"faces": {
				"north": {"uv": [1, 0, 9, 2], "rotation": 180, "texture": "#1"},
				"east": {"uv": [0, 0, 2, 16], "rotation": 270, "texture": "#1"},
				"south": {"uv": [1, 0, 9, 2], "texture": "#1"},
				"west": {"uv": [0, 0, 2, 16], "rotation": 90, "texture": "#1"},
				"up": {"uv": [0, 0, 8, 16], "rotation": 180, "texture": "#1"}
			}
		},
		{
			"from": [7.75, 0.4205, 7.75],
			"to": [8.25, 1.6705, 8.25],
			"rotation": {"angle": -45, "axis": "x", "origin": [8, 0.51517, 8]},
			"faces": {
				"north": {"uv": [0, 5, 16, 11], "rotation": 270, "texture": "#0"},
				"east": {"uv": [0, 5, 16, 11], "rotation": 270, "texture": "#0"},
				"south": {"uv": [0, 5, 16, 11], "rotation": 270, "texture": "#0"},
				"west": {"uv": [0, 5, 16, 11], "rotation": 270, "texture": "#0"},
				"up": {"uv": [6, 4, 12, 10], "rotation": 180, "texture": "#0"}
			}
		}
	]
}