{
	"credit": "Made by Daminator4113, with Blockbench",
	"textures": {
		"0": "custom/lampe/white_wool",
		"1": "block/stripped_oak_log_top",
		"2": "block/stripped_oak_log",
		"3": "block/anvil",
		"4": "custom/lampe/texture_0",
		"particle": "block/stripped_oak_log"
	},
	"elements": [
		{
			"from": [7.50462, 8.9993, 7.52],
			"to": [8.46462, 9.5993, 8.48],
			"faces": {
				"north": {"uv": [7, 10, 9, 11], "texture": "#2"},
				"east": {"uv": [3, 6, 5, 7], "texture": "#2"},
				"south": {"uv": [8, 6, 10, 7], "texture": "#2"},
				"west": {"uv": [10, 6, 12, 7], "texture": "#2"}
			}
		},
		{
			"from": [7.50462, 0.2993, 7.52],
			"to": [8.46462, 1.1993, 8.48],
			"faces": {
				"north": {"uv": [10, 2, 12, 4], "texture": "#2"},
				"east": {"uv": [5, 2, 7, 4], "texture": "#2"},
				"south": {"uv": [12, 2, 14, 4], "texture": "#2"},
				"west": {"uv": [8, 2, 10, 4], "texture": "#2"}
			}
		},
		{
			"from": [6.66462, 8.0693, 7.4],
			"to": [9.30462, 9.0593, 8.6],
			"faces": {
				"north": {"uv": [4, 0, 9, 2], "texture": "#2"},
				"south": {"uv": [7, 0, 2, 2], "texture": "#2"},
				"up": {"uv": [10, 2, 15, 4], "texture": "#2"},
				"down": {"uv": [10, 3, 15, 5], "texture": "#2"}
			}
		},
		{
			"from": [9.30462, 1.1393, 7.4],
			"to": [10.29462, 9.0593, 8.6],
			"faces": {
				"north": {"uv": [12, 0, 14, 16], "texture": "#2"},
				"east": {"uv": [9, 0, 12, 16], "texture": "#2"},
				"south": {"uv": [9, 0, 7, 16], "texture": "#2"},
				"west": {"uv": [10, 0, 13, 16], "texture": "#2"},
				"up": {"uv": [13, 0, 16, 2], "texture": "#2"},
				"down": {"uv": [10, 0, 12, 3], "rotation": 180, "texture": "#2"}
			}
		},
		{
			"from": [6.66462, 1.1393, 7.4],
			"to": [9.30462, 2.1293, 8.6],
			"faces": {
				"north": {"uv": [4, 14, 9, 16], "texture": "#2"},
				"south": {"uv": [7, 14, 2, 16], "texture": "#2"},
				"up": {"uv": [9, 5, 14, 7], "texture": "#2"},
				"down": {"uv": [4, 0, 9, 2], "texture": "#2"}
			}
		},
		{
			"from": [5.67462, 1.1393, 7.4],
			"to": [6.66462, 9.0593, 8.6],
			"faces": {
				"north": {"uv": [10, 0, 12, 16], "texture": "#2"},
				"east": {"uv": [3, 0, 6, 16], "texture": "#2"},
				"south": {"uv": [2, 0, 0, 16], "texture": "#2"},
				"west": {"uv": [12, 0, 15, 16], "texture": "#2"},
				"up": {"uv": [13, 14, 16, 16], "rotation": 90, "texture": "#2"},
				"down": {"uv": [10, 14, 13, 16], "rotation": 90, "texture": "#2"}
			}
		},
		{
			"from": [7.08462, 9.5993, 7.1],
			"to": [8.88462, 9.8993, 8.9],
			"faces": {
				"north": {"uv": [2, 13, 8, 14], "texture": "#1"},
				"east": {"uv": [4, 2, 10, 3], "texture": "#1"},
				"south": {"uv": [5, 5, 11, 6], "texture": "#1"},
				"west": {"uv": [5, 10, 11, 11], "texture": "#1"},
				"up": {"uv": [5, 5, 11, 11], "texture": "#1"},
				"down": {"uv": [5, 5, 11, 11], "texture": "#1"}
			}
		},
		{
			"from": [4.38462, -0.0007, 5.6],
			"to": [11.58462, 0.2993, 10.4],
			"faces": {
				"north": {"uv": [1, 0, 15, 1], "texture": "#1"},
				"east": {"uv": [5, 15, 13, 16], "texture": "#1"},
				"south": {"uv": [1, 15, 15, 16], "texture": "#1"},
				"west": {"uv": [4, 0, 12, 1], "texture": "#1"},
				"up": {"uv": [1, 4, 15, 12], "texture": "#1"},
				"down": {"uv": [1, 4, 15, 12], "texture": "#2"}
			}
		},
		{
			"from": [5.55859, 11.13712, 7.34],
			"to": [5.67859, 17.43712, 7.46],
			"rotation": {"angle": 45, "axis": "z", "origin": [7.98462, 12.34537, 8]},
			"faces": {
				"north": {"uv": [8, 0, 9, 16], "texture": "#3"},
				"east": {"uv": [8, 0, 9, 16], "texture": "#3"},
				"south": {"uv": [8, 0, 9, 16], "texture": "#3"},
				"west": {"uv": [8, 0, 9, 16], "texture": "#3"}
			}
		},
		{
			"from": [10.29064, 11.13712, 7.34],
			"to": [10.41064, 17.43712, 7.46],
			"rotation": {"angle": -45, "axis": "z", "origin": [7.98462, 12.34537, 8]},
			"faces": {
				"north": {"uv": [9, 0, 8, 16], "texture": "#3"},
				"east": {"uv": [9, 0, 8, 16], "texture": "#3"},
				"south": {"uv": [9, 0, 8, 16], "texture": "#3"},
				"west": {"uv": [9, 0, 8, 16], "texture": "#3"}
			}
		},
		{
			"from": [5.55859, 11.13712, 8.54],
			"to": [5.67859, 17.43712, 8.66],
			"rotation": {"angle": 45, "axis": "z", "origin": [7.98462, 12.34537, 8]},
			"faces": {
				"north": {"uv": [9, 0, 10, 16], "texture": "#3"},
				"east": {"uv": [9, 0, 10, 16], "texture": "#3"},
				"south": {"uv": [9, 0, 10, 16], "texture": "#3"},
				"west": {"uv": [9, 0, 10, 16], "texture": "#3"}
			}
		},
		{
			"from": [10.29064, 11.13712, 8.54],
			"to": [10.41064, 17.43712, 8.66],
			"rotation": {"angle": -45, "axis": "z", "origin": [7.98462, 12.34537, 8]},
			"faces": {
				"north": {"uv": [7, 0, 6, 16], "texture": "#3"},
				"east": {"uv": [7, 0, 6, 16], "texture": "#3"},
				"south": {"uv": [7, 0, 6, 16], "texture": "#3"},
				"west": {"uv": [7, 0, 6, 16], "texture": "#3"}
			}
		},
		{
			"from": [2.88462, 9.7493, 5.15],
			"to": [13.08462, 16.3493, 5.45],
			"faces": {
				"north": {"uv": [0, 0, 16, 9], "texture": "#0"},
				"south": {"uv": [0, 7, 16, 16], "texture": "#0"},
				"up": {"uv": [0, 0, 16, 1], "texture": "#0"},
				"down": {"uv": [0, 15, 16, 16], "rotation": 180, "texture": "#0"}
			}
		},
		{
			"from": [2.88462, 9.7493, 10.55],
			"to": [13.08462, 16.3493, 10.85],
			"faces": {
				"north": {"uv": [0, 2, 16, 11], "texture": "#0"},
				"south": {"uv": [0, 3, 16, 12], "texture": "#0"},
				"up": {"uv": [0, 0, 16, 1], "texture": "#0"},
				"down": {"uv": [0, 15, 16, 16], "texture": "#0"}
			}
		},
		{
			"from": [13.08462, 9.7493, 5.15],
			"to": [13.38462, 16.3493, 10.85],
			"faces": {
				"north": {"uv": [0, 7, 1, 16], "texture": "#0"},
				"east": {"uv": [8, 7, 16, 16], "texture": "#0"},
				"south": {"uv": [15, 7, 16, 16], "texture": "#0"},
				"west": {"uv": [0, 7, 8, 16], "texture": "#0"},
				"up": {"uv": [0, 7, 1, 16], "texture": "#0"},
				"down": {"uv": [15, 7, 16, 16], "texture": "#0"}
			}
		},
		{
			"from": [2.58462, 9.7493, 5.15],
			"to": [2.88462, 16.3493, 10.85],
			"faces": {
				"north": {"uv": [0, 0, 1, 9], "texture": "#0"},
				"east": {"uv": [8, 0, 16, 9], "texture": "#0"},
				"south": {"uv": [15, 0, 16, 9], "texture": "#0"},
				"west": {"uv": [0, 0, 8, 9], "texture": "#0"},
				"up": {"uv": [0, 0, 1, 9], "texture": "#0"},
				"down": {"uv": [15, 0, 16, 9], "texture": "#0"}
			}
		},
		{
			"name": "octagon",
			"from": [7.68559, 9.8993, 7.27808],
			"to": [8.28364, 10.1993, 8.72192],
			"rotation": {"angle": 45, "axis": "y", "origin": [7.98462, 11.3993, 8]},
			"faces": {
				"north": {"uv": [0, 0, 8, 5], "texture": "#3"},
				"east": {"uv": [3, 3, 13, 9], "texture": "#3"},
				"south": {"uv": [0, 0, 8, 5], "texture": "#3"},
				"west": {"uv": [3, 3, 13, 9], "texture": "#3"},
				"up": {"uv": [3, 3, 13, 9], "texture": "#3"},
				"down": {"uv": [3, 3, 13, 9], "texture": "#3"}
			}
		},
		{
			"name": "octagon",
			"from": [7.68559, 9.8993, 7.27808],
			"to": [8.28364, 10.1993, 8.72192],
			"faces": {
				"north": {"uv": [8, 0, 16, 5], "texture": "#3"},
				"east": {"uv": [3, 3, 13, 9], "texture": "#3"},
				"south": {"uv": [8, 0, 16, 5], "texture": "#3"},
				"west": {"uv": [3, 3, 13, 9], "texture": "#3"},
				"up": {"uv": [3, 3, 13, 9], "texture": "#3"},
				"down": {"uv": [3, 3, 13, 9], "texture": "#3"}
			}
		},
		{
			"name": "octagon",
			"from": [7.2627, 9.8993, 7.70097],
			"to": [8.70654, 10.1993, 8.29903],
			"rotation": {"angle": 45, "axis": "y", "origin": [7.98462, 11.3993, 8]},
			"faces": {
				"north": {"uv": [3, 3, 13, 9], "texture": "#3"},
				"east": {"uv": [0, 0, 8, 5], "texture": "#3"},
				"south": {"uv": [3, 3, 13, 9], "texture": "#3"},
				"west": {"uv": [0, 0, 8, 5], "texture": "#3"},
				"up": {"uv": [3, 3, 13, 9], "texture": "#3"},
				"down": {"uv": [3, 3, 13, 9], "texture": "#3"}
			}
		},
		{
			"name": "octagon",
			"from": [7.2627, 9.8993, 7.70097],
			"to": [8.70654, 10.1993, 8.29903],
			"faces": {
				"north": {"uv": [3, 3, 13, 9], "texture": "#3"},
				"east": {"uv": [8, 0, 16, 5], "texture": "#3"},
				"south": {"uv": [3, 3, 13, 9], "texture": "#3"},
				"west": {"uv": [8, 0, 16, 5], "texture": "#3"},
				"up": {"uv": [3, 3, 13, 9], "texture": "#3"},
				"down": {"uv": [3, 3, 13, 9], "texture": "#3"}
			}
		},
		{
			"name": "octagon",
			"from": [7.61083, 10.1993, 7.0976],
			"to": [8.3584, 11.3993, 7.4024],
			"rotation": {"angle": 45, "axis": "y", "origin": [7.98462, 11.3993, 8]},
			"faces": {
				"north": {"uv": [0, 5, 8, 16], "texture": "#3"},
				"east": {"uv": [0, 0, 16, 16], "texture": "#3"},
				"south": {"uv": [0, 2, 8, 13], "texture": "#3"},
				"west": {"uv": [0, 0, 16, 16], "texture": "#3"},
				"up": {"uv": [4, 12, 12, 16], "texture": "#3"},
				"down": {"uv": [4, 12, 12, 16], "texture": "#3"}
			}
		},
		{
			"name": "octagon",
			"from": [7.61083, 10.1993, 7.0976],
			"to": [8.3584, 11.3993, 7.4024],
			"rotation": {"angle": -45, "axis": "y", "origin": [7.98461, 11.3993, 8]},
			"faces": {
				"north": {"uv": [8, 5, 0, 16], "texture": "#3"},
				"east": {"uv": [16, 0, 0, 16], "texture": "#3"},
				"south": {"uv": [8, 2, 0, 13], "texture": "#3"},
				"west": {"uv": [16, 0, 0, 16], "texture": "#3"},
				"up": {"uv": [12, 12, 4, 16], "texture": "#3"},
				"down": {"uv": [12, 12, 4, 16], "texture": "#3"}
			}
		},
		{
			"name": "octagon",
			"from": [7.61083, 10.1993, 8.5976],
			"to": [8.3584, 11.3993, 8.9024],
			"faces": {
				"north": {"uv": [8, 5, 16, 16], "texture": "#3"},
				"east": {"uv": [0, 0, 16, 16], "texture": "#3"},
				"south": {"uv": [8, 1, 16, 12], "texture": "#3"},
				"west": {"uv": [0, 0, 16, 16], "texture": "#3"},
				"up": {"uv": [4, 12, 12, 16], "texture": "#3"},
				"down": {"uv": [4, 12, 12, 16], "texture": "#3"}
			}
		},
		{
			"name": "octagon",
			"from": [7.61083, 10.1993, 7.0976],
			"to": [8.3584, 11.3993, 7.4024],
			"faces": {
				"north": {"uv": [8, 5, 16, 16], "texture": "#3"},
				"east": {"uv": [0, 0, 16, 16], "texture": "#3"},
				"south": {"uv": [8, 1, 16, 12], "texture": "#3"},
				"west": {"uv": [0, 0, 16, 16], "texture": "#3"},
				"up": {"uv": [4, 12, 12, 16], "texture": "#3"},
				"down": {"uv": [4, 12, 12, 16], "texture": "#3"}
			}
		},
		{
			"name": "octagon",
			"from": [7.08222, 10.1993, 7.62621],
			"to": [7.38702, 11.3993, 8.37379],
			"rotation": {"angle": 45, "axis": "y", "origin": [7.98462, 11.3993, 8]},
			"faces": {
				"north": {"uv": [0, 0, 16, 16], "texture": "#3"},
				"east": {"uv": [0, 4, 8, 15], "texture": "#3"},
				"south": {"uv": [0, 0, 16, 16], "texture": "#3"},
				"west": {"uv": [0, 0, 8, 11], "texture": "#3"},
				"up": {"uv": [4, 12, 12, 16], "texture": "#3"},
				"down": {"uv": [4, 12, 12, 16], "texture": "#3"}
			}
		},
		{
			"name": "octagon",
			"from": [8.58221, 10.1993, 7.62621],
			"to": [8.88701, 11.3993, 8.37379],
			"rotation": {"angle": -45, "axis": "y", "origin": [7.98461, 11.3993, 8]},
			"faces": {
				"north": {"uv": [16, 0, 0, 16], "texture": "#3"},
				"east": {"uv": [8, 0, 0, 11], "texture": "#3"},
				"south": {"uv": [16, 0, 0, 16], "texture": "#3"},
				"west": {"uv": [8, 4, 0, 15], "texture": "#3"},
				"up": {"uv": [12, 12, 4, 16], "texture": "#3"},
				"down": {"uv": [12, 12, 4, 16], "texture": "#3"}
			}
		},
		{
			"name": "octagon",
			"from": [7.08222, 10.1993, 7.62621],
			"to": [7.38702, 11.3993, 8.37379],
			"faces": {
				"north": {"uv": [0, 0, 16, 16], "texture": "#3"},
				"east": {"uv": [8, 3, 16, 14], "texture": "#3"},
				"south": {"uv": [0, 0, 16, 16], "texture": "#3"},
				"west": {"uv": [8, 5, 16, 16], "texture": "#3"},
				"up": {"uv": [4, 12, 12, 16], "texture": "#3"},
				"down": {"uv": [4, 12, 12, 16], "texture": "#3"}
			}
		},
		{
			"name": "octagon",
			"from": [8.58221, 10.1993, 7.62621],
			"to": [8.88701, 11.3993, 8.37379],
			"rotation": {"angle": 0, "axis": "y", "origin": [7.96923, 8, 8]},
			"faces": {
				"north": {"uv": [16, 0, 0, 16], "texture": "#3"},
				"east": {"uv": [16, 5, 8, 16], "texture": "#3"},
				"south": {"uv": [16, 0, 0, 16], "texture": "#3"},
				"west": {"uv": [16, 3, 8, 14], "texture": "#3"},
				"up": {"uv": [12, 12, 4, 16], "texture": "#3"},
				"down": {"uv": [12, 12, 4, 16], "texture": "#3"}
			}
		},
		{
			"name": "octagon",
			"from": [7.55102, 10.8243, 6.95322],
			"to": [8.41821, 11.3993, 7.30678],
			"rotation": {"angle": 45, "axis": "y", "origin": [7.98462, 11.8993, 8]},
			"faces": {
				"north": {"uv": [0, 5, 8, 16], "texture": "#4"},
				"east": {"uv": [0, 0, 16, 16], "texture": "#4"},
				"south": {"uv": [0, 2, 8, 13], "texture": "#4"},
				"west": {"uv": [0, 0, 16, 16], "texture": "#4"},
				"up": {"uv": [4, 12, 12, 16], "texture": "#4"},
				"down": {"uv": [4, 12, 12, 16], "texture": "#4"}
			}
		},
		{
			"name": "octagon",
			"from": [7.55102, 10.8243, 6.95322],
			"to": [8.41821, 11.3993, 7.30678],
			"rotation": {"angle": -45, "axis": "y", "origin": [7.98461, 11.8993, 8]},
			"faces": {
				"north": {"uv": [8, 5, 0, 16], "texture": "#4"},
				"east": {"uv": [16, 0, 0, 16], "texture": "#4"},
				"south": {"uv": [8, 2, 0, 13], "texture": "#4"},
				"west": {"uv": [16, 0, 0, 16], "texture": "#4"},
				"up": {"uv": [12, 12, 4, 16], "texture": "#4"},
				"down": {"uv": [12, 12, 4, 16], "texture": "#4"}
			}
		},
		{
			"name": "octagon",
			"from": [7.55102, 10.8243, 8.69322],
			"to": [8.41821, 11.3993, 9.04678],
			"rotation": {"angle": 0, "axis": "y", "origin": [8.00246, 8.5, 8]},
			"faces": {
				"north": {"uv": [8, 5, 16, 16], "texture": "#4"},
				"east": {"uv": [0, 0, 16, 16], "texture": "#4"},
				"south": {"uv": [8, 1, 16, 12], "texture": "#4"},
				"west": {"uv": [0, 0, 16, 16], "texture": "#4"},
				"up": {"uv": [4, 12, 12, 16], "texture": "#4"},
				"down": {"uv": [4, 12, 12, 16], "texture": "#4"}
			}
		},
		{
			"name": "octagon",
			"from": [7.55102, 10.8243, 6.95322],
			"to": [8.41821, 11.3993, 7.30678],
			"rotation": {"angle": 0, "axis": "y", "origin": [8.00246, 8.5, 8]},
			"faces": {
				"north": {"uv": [8, 5, 16, 16], "texture": "#4"},
				"east": {"uv": [0, 0, 16, 16], "texture": "#4"},
				"south": {"uv": [8, 1, 16, 12], "texture": "#4"},
				"west": {"uv": [0, 0, 16, 16], "texture": "#4"},
				"up": {"uv": [4, 12, 12, 16], "texture": "#4"},
				"down": {"uv": [4, 12, 12, 16], "texture": "#4"}
			}
		},
		{
			"name": "octagon",
			"from": [6.93784, 10.8243, 7.5664],
			"to": [7.2914, 11.3993, 8.4336],
			"rotation": {"angle": 45, "axis": "y", "origin": [7.98462, 11.8993, 8]},
			"faces": {
				"north": {"uv": [0, 0, 16, 16], "texture": "#4"},
				"east": {"uv": [0, 4, 8, 15], "texture": "#4"},
				"south": {"uv": [0, 0, 16, 16], "texture": "#4"},
				"west": {"uv": [0, 0, 8, 11], "texture": "#4"},
				"up": {"uv": [4, 12, 12, 16], "texture": "#4"},
				"down": {"uv": [4, 12, 12, 16], "texture": "#4"}
			}
		},
		{
			"name": "octagon",
			"from": [8.67783, 10.8243, 7.5664],
			"to": [9.03139, 11.3993, 8.4336],
			"rotation": {"angle": -45, "axis": "y", "origin": [7.98461, 11.8993, 8]},
			"faces": {
				"north": {"uv": [16, 0, 0, 16], "texture": "#4"},
				"east": {"uv": [8, 0, 0, 11], "texture": "#4"},
				"south": {"uv": [16, 0, 0, 16], "texture": "#4"},
				"west": {"uv": [8, 4, 0, 15], "texture": "#4"},
				"up": {"uv": [12, 12, 4, 16], "texture": "#4"},
				"down": {"uv": [12, 12, 4, 16], "texture": "#4"}
			}
		},
		{
			"name": "octagon",
			"from": [6.93784, 10.8243, 7.5664],
			"to": [7.2914, 11.3993, 8.4336],
			"rotation": {"angle": 0, "axis": "y", "origin": [8.00246, 8.5, 8]},
			"faces": {
				"north": {"uv": [0, 0, 16, 16], "texture": "#4"},
				"east": {"uv": [8, 3, 16, 14], "texture": "#4"},
				"south": {"uv": [0, 0, 16, 16], "texture": "#4"},
				"west": {"uv": [8, 5, 16, 16], "texture": "#4"},
				"up": {"uv": [4, 12, 12, 16], "texture": "#4"},
				"down": {"uv": [4, 12, 12, 16], "texture": "#4"}
			}
		},
		{
			"name": "octagon",
			"from": [8.67783, 10.8243, 7.5664],
			"to": [9.03139, 11.3993, 8.4336],
			"rotation": {"angle": 0, "axis": "y", "origin": [7.96677, 8.5, 8]},
			"faces": {
				"north": {"uv": [16, 0, 0, 16], "texture": "#4"},
				"east": {"uv": [16, 5, 8, 16], "texture": "#4"},
				"south": {"uv": [16, 0, 0, 16], "texture": "#4"},
				"west": {"uv": [16, 3, 8, 14], "texture": "#4"},
				"up": {"uv": [12, 12, 4, 16], "texture": "#4"},
				"down": {"uv": [12, 12, 4, 16], "texture": "#4"}
			}
		},
		{
			"name": "bulbe",
			"from": [6.78462, 11.3993, 6.8],
			"to": [9.18462, 13.7993, 9.2],
			"rotation": {"angle": 45, "axis": "y", "origin": [7.98462, 12.8993, 8]},
			"faces": {
				"north": {"uv": [0, 0, 16, 16], "texture": "#4"},
				"east": {"uv": [0, 0, 16, 16], "texture": "#4"},
				"south": {"uv": [0, 0, 16, 16], "texture": "#4"},
				"west": {"uv": [0, 0, 16, 16], "texture": "#4"},
				"up": {"uv": [0, 0, 16, 16], "texture": "#4"},
				"down": {"uv": [0, 0, 16, 16], "texture": "#4"}
			}
		},
		{
			"from": [10.23462, 1.7993, 7.55],
			"to": [10.53462, 2.6993, 8.45],
			"faces": {
				"north": {"uv": [12, 6, 13, 10], "texture": "#1"},
				"east": {"uv": [6, 6, 10, 10], "texture": "#1"},
				"south": {"uv": [3, 6, 4, 10], "texture": "#1"},
				"up": {"uv": [6, 3, 10, 4], "texture": "#1"},
				"down": {"uv": [5, 12, 9, 13], "texture": "#1"}
			}
		}
	],
	"display": {
		"thirdperson_righthand": {
			"rotation": [0, 90, 0],
			"translation": [0, 0.5, 0],
			"scale": [0.75, 0.75, 0.75]
		},
		"thirdperson_lefthand": {
			"rotation": [0, 90, 0],
			"translation": [0, 0.5, 0],
			"scale": [0.75, 0.75, 0.75]
		},
		"firstperson_righthand": {
			"rotation": [0, 110, -16],
			"translation": [2.5, 4.25, -1],
			"scale": [0.75, 0.75, 0.75]
		},
		"firstperson_lefthand": {
			"rotation": [0, 110, -16],
			"translation": [2.5, 4.25, -1],
			"scale": [0.75, 0.75, 0.75]
		},
		"ground": {
			"translation": [0, 2.75, 0],
			"scale": [0.75, 0.75, 0.75]
		},
		"gui": {
			"rotation": [30, 225, 0],
			"translation": [0, -0.5, 0],
			"scale": [0.8, 0.8, 0.8]
		},
		"head": {
			"translation": [0, -14.25, 0],
			"scale": [2, 2, 2]
		},
		"fixed": {
			"rotation": [-90, 0, 0],
			"translation": [0, 0, -15],
			"scale": [2, 2, 2]
		}
	},
	"groups": [
		{
			"name": "pied",
			"origin": [8, 8, 8],
			"children": [
				{
					"name": "group",
					"origin": [8, 8, 8],
					"children": [0, 1]
				},
				{
					"name": "group",
					"origin": [8, 8, 8],
					"children": [2, 3, 4, 5]
				}, 6,
				{
					"name": "socle",
					"origin": [8, 8, 8],
					"children": [7]
				}
			]
		},
		{
			"name": "abat-jour",
			"origin": [8, 8, 8],
			"children": [
				{
					"name": "tiges",
					"origin": [8, 9.25, 9.9],
					"children": [8, 9, 10, 11]
				}, 12, 13, 14, 15]
		},
		{
			"name": "ampoule",
			"origin": [8, 8, 8],
			"children": [
				{
					"name": "ampoule",
					"origin": [8, 8, 8],
					"children": [
						{
							"name": "culot",
							"origin": [8, 8, 8],
							"children": [
								{
									"name": "octagon",
									"origin": [8, 8, 8],
									"children": [16, 17, 18, 19]
								},
								{
									"name": "octagon",
									"origin": [8, 8, 8],
									"children": [20, 21, 22, 23, 24, 25, 26, 27]
								}
							]
						},
						{
							"name": "corps",
							"origin": [8, 8, 8],
							"children": [28, 29, 30, 31, 32, 33, 34, 35]
						},
						{
							"name": "verre",
							"origin": [8, 8, 8],
							"children": [36]
						}
					]
				}
			]
		},
		{
			"name": "branchement",
			"origin": [8, 8, 8],
			"children": [37]
		}
	]
}