{
	"credit": "Made by Daminator4113, with Blockbench",
	"textures": {
		"0": "custom/telephone/oneplus",
		"particle": "custom/telephone/oneplus"
	},
	"elements": [
		{
			"from": [6.29959, 4.34375, 7.96875],
			"to": [6.33084, 5.0625, 8.03125],
			"rotation": {"angle": 0, "axis": "y", "origin": [7.91542, 3.73698, 8]},
			"faces": {
				"north": {"uv": [14.282, 5.313, 14.344, 6.032], "texture": "#0"},
				"east": {"uv": [14.282, 5.313, 14.344, 6.032], "texture": "#0"},
				"south": {"uv": [14.282, 5.313, 14.344, 6.032], "texture": "#0"},
				"west": {"uv": [14.282, 5.313, 14.344, 6.032], "texture": "#0"},
				"up": {"uv": [14.282, 5.313, 14.344, 6.032], "rotation": 180, "texture": "#0"},
				"down": {"uv": [14.282, 5.313, 14.344, 6.032], "rotation": 180, "texture": "#0"}
			}
		},
		{
			"from": [9.33084, 4.46875, 7.96875],
			"to": [9.36209, 4.9375, 8.03125],
			"rotation": {"angle": 0, "axis": "y", "origin": [7.91542, 3.73698, 8]},
			"faces": {
				"north": {"uv": [13.313, 6.75, 13.375, 7.094], "texture": "#0"},
				"east": {"uv": [13.313, 6.75, 13.375, 7.094], "texture": "#0"},
				"south": {"uv": [13.313, 6.75, 13.375, 7.094], "texture": "#0"},
				"west": {"uv": [13.313, 6.75, 13.375, 7.094], "texture": "#0"},
				"up": {"uv": [13.313, 6.75, 13.375, 7.094], "rotation": 180, "texture": "#0"},
				"down": {"uv": [13.313, 6.75, 13.375, 7.094], "rotation": 180, "texture": "#0"}
			}
		},
		{
			"from": [9.33084, 5.1875, 7.96875],
			"to": [9.36209, 5.53125, 8.03125],
			"rotation": {"angle": 0, "axis": "y", "origin": [7.91542, 3.73698, 8]},
			"faces": {
				"north": {"uv": [13.313, 6.75, 13.375, 7.094], "texture": "#0"},
				"east": {"uv": [13.313, 6.75, 13.375, 7.094], "texture": "#0"},
				"south": {"uv": [13.313, 6.75, 13.375, 7.094], "texture": "#0"},
				"west": {"uv": [13.313, 6.75, 13.375, 7.094], "texture": "#0"},
				"up": {"uv": [13.313, 6.75, 13.375, 7.094], "rotation": 180, "texture": "#0"},
				"down": {"uv": [13.313, 6.75, 13.375, 7.094], "rotation": 180, "texture": "#0"}
			}
		},
		{
			"from": [6.33084, 1, 7.875],
			"to": [9.33084, 6, 8.125],
			"rotation": {"angle": 0, "axis": "y", "origin": [7.91542, 3.73698, 8]},
			"faces": {
				"north": {"uv": [8.1875, 1.157, 15.7195, 14.719], "texture": "#0"},
				"east": {"uv": [15.188, 1.157, 15.595, 14.719], "texture": "#0"},
				"south": {"uv": [0.344, 1.157, 7.876, 14.719], "texture": "#0"},
				"west": {"uv": [9.093, 1.157, 9.5, 14.719], "texture": "#0"}
			}
		},
		{
			"from": [6.33084, 0.5, 7.865],
			"to": [9.33084, 6.5, 8.135],
			"rotation": {"angle": 0, "axis": "y", "origin": [7.91542, 3.73698, 7.99]},
			"faces": {
				"north": {"uv": [8.1875, 0.032, 15.7195, 15.937], "texture": "#0"},
				"south": {"uv": [0.344, 0.032, 7.876, 15.937], "texture": "#0"}
			}
		},
		{
			"from": [5.40406, 1.56473, 7.875],
			"to": [5.90406, 1.81473, 8.125],
			"rotation": {"angle": 22.5, "axis": "z", "origin": [7.91542, 3.73698, 8]},
			"faces": {
				"north": {"uv": [14.907, 13.938, 15.748, 14.747], "texture": "#0"},
				"south": {"uv": [0.5008, 14.31325, 1.0938, 15.18825], "texture": "#0"},
				"west": {"uv": [11.71875, 0.5, 12.12575, 1.216], "rotation": 270, "texture": "#0"}
			}
		},
		{
			"from": [4.76394, 2.44114, 7.875],
			"to": [5.26394, 2.69114, 8.125],
			"rotation": {"angle": 45, "axis": "z", "origin": [7.91542, 3.73698, 8]},
			"faces": {
				"north": {"uv": [13.563, 15, 14.155, 15.903], "rotation": 270, "texture": "#0"},
				"south": {"uv": [1.25, 14.938, 1.844, 15.813], "rotation": 90, "texture": "#0"},
				"west": {"uv": [12.375, 0.5, 12.782, 1.216], "rotation": 270, "texture": "#0"}
			}
		},
		{
			"from": [7.9066, 0.3295, 7.875],
			"to": [8.1566, 0.8295, 8.125],
			"rotation": {"angle": -22.5, "axis": "z", "origin": [7.91542, 3.73698, 8]},
			"faces": {
				"north": {"uv": [13.563, 15, 14.155, 15.903], "texture": "#0"},
				"south": {"uv": [1.25, 14.938, 1.844, 15.813], "texture": "#0"},
				"down": {"uv": [12.90625, 0.5, 13.31325, 1.216], "rotation": 90, "texture": "#0"}
			}
		},
		{
			"from": [6.83426, 0.5, 7.875],
			"to": [8.83426, 1, 8.125],
			"rotation": {"angle": 0, "axis": "z", "origin": [7.91542, 3.73698, 8]},
			"faces": {
				"north": {"uv": [9.7813, 14.81425, 14.3753, 15.90625], "texture": "#0"},
				"east": {"uv": [0, 0.5, 0.25, 1], "texture": "#0"},
				"south": {"uv": [1.813, 14.81425, 6.407, 15.90625], "texture": "#0"},
				"west": {"uv": [0, 0.5, 0.25, 1], "texture": "#0"},
				"down": {"uv": [9.782, 15.40625, 14.375, 15.65325], "rotation": 180, "texture": "#0"}
			}
		},
		{
			"from": [7.51795, 0.39424, 7.875],
			"to": [7.76795, 0.89424, 8.125],
			"rotation": {"angle": 22.5, "axis": "z", "origin": [7.91542, 3.73698, 8]},
			"faces": {
				"north": {"uv": [8.875, 14.907, 9.467, 15.81], "texture": "#0"},
				"south": {"uv": [6.969, 14.375, 7.75, 14.591], "rotation": 90, "texture": "#0"},
				"down": {"uv": [12.78125, 0.5, 13.18825, 1.216], "rotation": 90, "texture": "#0"}
			}
		},
		{
			"from": [10.44728, 2.32153, 7.875],
			"to": [10.94728, 2.57153, 8.125],
			"rotation": {"angle": -45, "axis": "z", "origin": [7.91542, 3.73698, 8]},
			"faces": {
				"north": {"uv": [8.875, 14.907, 9.467, 15.81], "rotation": 90, "texture": "#0"},
				"east": {"uv": [12.09375, 0.5, 12.50075, 1.216], "rotation": 270, "texture": "#0"},
				"south": {"uv": [6.969, 14.375, 7.75, 14.591], "texture": "#0"}
			}
		},
		{
			"from": [9.77049, 1.5, 7.875],
			"to": [10.27049, 1.75, 8.125],
			"rotation": {"angle": -22.5, "axis": "z", "origin": [7.91542, 3.73698, 8]},
			"faces": {
				"north": {"uv": [8.875, 14.907, 9.467, 15.81], "rotation": 90, "texture": "#0"},
				"east": {"uv": [11.5625, 0.5, 11.9695, 1.216], "rotation": 270, "texture": "#0"},
				"south": {"uv": [6.969, 14.375, 7.75, 14.591], "texture": "#0"}
			}
		},
		{
			"from": [5.58544, 5.22134, 7.875],
			"to": [6.08544, 5.47134, 8.125],
			"rotation": {"angle": -22.5, "axis": "z", "origin": [7.91542, 3.73698, 8]},
			"faces": {
				"north": {"uv": [14.282, 0.25, 14.874, 1.153], "rotation": 90, "texture": "#0"},
				"south": {"uv": [1.813, 0.282, 2.313, 0.748], "rotation": 270, "texture": "#0"},
				"west": {"uv": [11.625, 0.5, 12.032, 1.216], "rotation": 270, "texture": "#0"}
			}
		},
		{
			"from": [5.09908, 4.44768, 7.875],
			"to": [5.59908, 4.69768, 8.125],
			"rotation": {"angle": -45, "axis": "z", "origin": [7.91542, 3.73698, 8]},
			"faces": {
				"north": {"uv": [14.282, 0.25, 14.874, 1.153], "rotation": 90, "texture": "#0"},
				"south": {"uv": [1.813, 0.282, 2.313, 0.686], "rotation": 270, "texture": "#0"},
				"west": {"uv": [12.28125, 0.5, 12.68825, 1.216], "rotation": 270, "texture": "#0"}
			}
		},
		{
			"from": [7.72522, 6.20658, 7.875],
			"to": [7.97522, 6.70658, 8.125],
			"rotation": {"angle": 22.5, "axis": "z", "origin": [7.91542, 3.73698, 8]},
			"faces": {
				"north": {"uv": [14.282, 0.25, 14.874, 1.153], "texture": "#0"},
				"south": {"uv": [1.813, 0.282, 2.313, 0.654], "texture": "#0"},
				"up": {"uv": [13.0625, 0.5, 13.4695, 1.216], "rotation": 90, "texture": "#0"}
			}
		},
		{
			"from": [6.83426, 6, 7.875],
			"to": [8.83426, 6.5, 8.125],
			"rotation": {"angle": 0, "axis": "z", "origin": [7.91542, 3.73698, 8]},
			"faces": {
				"north": {"uv": [9.78125, 0.282, 14.37525, 1.374], "texture": "#0"},
				"east": {"uv": [0, 0, 0.25, 0.5], "texture": "#0"},
				"south": {"uv": [1.813, 0.12575, 6.407, 1.21775], "texture": "#0"},
				"west": {"uv": [0, 0, 0.25, 0.5], "texture": "#0"},
				"up": {"uv": [9.782, 0.31375, 14.375, 0.56075], "rotation": 180, "texture": "#0"}
			}
		},
		{
			"from": [7.69933, 6.14184, 7.875],
			"to": [7.94933, 6.64184, 8.125],
			"rotation": {"angle": -22.5, "axis": "z", "origin": [7.91542, 3.73698, 8]},
			"faces": {
				"north": {"uv": [9.157, 0.188, 9.75, 1.091], "texture": "#0"},
				"south": {"uv": [6.40675, 0.157, 6.90675, 0.998], "texture": "#0"},
				"up": {"uv": [11.9375, 0.5, 12.3445, 1.216], "rotation": 90, "texture": "#0"}
			}
		},
		{
			"from": [10.11214, 4.56729, 7.875],
			"to": [10.61214, 4.81729, 8.125],
			"rotation": {"angle": 45, "axis": "z", "origin": [7.91542, 3.73698, 8]},
			"faces": {
				"north": {"uv": [8.188, 0.875, 9.032, 1.435], "texture": "#0"},
				"east": {"uv": [11.5625, 0.5, 11.9695, 1.216], "rotation": 270, "texture": "#0"},
				"south": {"uv": [6.40675, 0.157, 6.90675, 0.998], "rotation": 90, "texture": "#0"}
			}
		},
		{
			"from": [9.58912, 5.28608, 7.875],
			"to": [10.08912, 5.53608, 8.125],
			"rotation": {"angle": 22.5, "axis": "z", "origin": [7.91542, 3.73698, 8]},
			"faces": {
				"north": {"uv": [8.188, 0.875, 9.032, 1.435], "texture": "#0"},
				"east": {"uv": [11, 0.5, 11.407, 1.216], "rotation": 270, "texture": "#0"},
				"south": {"uv": [6.907, 0.625, 7.407, 1.466], "texture": "#0"}
			}
		}
	],
	"display": {
		"thirdperson_righthand": {
			"rotation": [22, 0, 0],
			"translation": [0, 6.5, 3.5]
		},
		"thirdperson_lefthand": {
			"rotation": [22, 0, 0],
			"translation": [0, 6.5, 3.5]
		},
		"firstperson_righthand": {
			"rotation": [0, -47, 0],
			"translation": [-0.75, 11, 2.5],
			"scale": [1, 1.25, 1]
		},
		"firstperson_lefthand": {
			"rotation": [0, -47, 0],
			"translation": [-0.75, 11, 2.5],
			"scale": [1, 1.25, 1]
		},
		"ground": {
			"rotation": [-90, 0, 0],
			"translation": [0, -3.25, -4]
		},
		"gui": {
			"rotation": [30, 35, 0],
			"translation": [0, 9.5, 0],
			"scale": [2.5, 2.5, 2.5]
		},
		"head": {
			"rotation": [0, -180, 0],
			"translation": [0, 24.25, 0],
			"scale": [2, 2, 2]
		},
		"fixed": {
			"rotation": [0, -180, 0],
			"translation": [0, 8.75, -0.75],
			"scale": [2, 2, 2]
		}
	},
	"groups": [
		{
			"name": "boutons",
			"origin": [7.91542, 3.73698, 7.875],
			"children": [0, 1, 2]
		},
		{
			"name": "bords",
			"origin": [8, 8, 8],
			"children": [3, 4,
				{
					"name": "group",
					"origin": [6.92231, 7.36627, 8],
					"children": [5, 6, 7, 8, 9, 10, 11]
				},
				{
					"name": "group",
					"origin": [6.92231, 7.36627, 8],
					"children": [12, 13, 14, 15, 16, 17, 18]
				}
			]
		}
	]
}