{
	"credit": "Made by Daminator4113, with Blockbench",
	"textures": {
		"0": "custom/ordi/top",
		"1": "custom/ordi/ecran",
		"2": "custom/ordi/front",
		"3": "custom/ordi/sides",
		"particle": "custom/ordi/back",
		"2_0": "custom/ordi/back"
	},
	"elements": [
		{
			"from": [6.6, 2.425, 11.7625],
			"to": [19.4, 15.225, 12.5625],
			"rotation": {"angle": 0, "axis": "y", "origin": [13, 7.8, 8.9625]},
			"faces": {
				"north": {"uv": [0, 0, 16, 16], "texture": "#1"},
				"east": {"uv": [0, 1, 1, 15], "texture": "#2"},
				"south": {"uv": [0, 0, 16, 16], "texture": "#3"},
				"west": {"uv": [8.5, 1, 9.5, 15], "texture": "#2"},
				"up": {"uv": [1, 15, 8.5, 16], "texture": "#2"},
				"down": {"uv": [1, 0, 8.5, 1], "texture": "#2"}
			}
		},
		{
			"from": [7, 2.825, 12.5625],
			"to": [19, 14.825, 13.3625],
			"rotation": {"angle": 0, "axis": "y", "origin": [13, 7.8, 8.9625]},
			"faces": {
				"east": {"uv": [15, 0, 16, 16], "texture": "#3"},
				"south": {"uv": [0, 0, 16, 16], "texture": "#3"},
				"west": {"uv": [0, 0, 1, 16], "texture": "#3"},
				"up": {"uv": [0, 0, 16, 1], "texture": "#3"},
				"down": {"uv": [0, 15, 16, 16], "texture": "#3"}
			}
		},
		{
			"from": [12.2, 0.425, 12.5625],
			"to": [13.8, 8.825, 13.7625],
			"rotation": {"angle": 0, "axis": "y", "origin": [13, 7.8, 8.9625]},
			"faces": {
				"north": {"uv": [0, 0, 0.5, 8], "texture": "#3"},
				"east": {"uv": [0, 0, 0.5, 8], "texture": "#3"},
				"south": {"uv": [0, 0, 0.5, 8], "texture": "#3"},
				"west": {"uv": [0, 0, 0.5, 8], "texture": "#3"},
				"up": {"uv": [0, 0, 0.5, 8], "texture": "#3"},
				"down": {"uv": [0, 0, 0.5, 8], "texture": "#3"}
			}
		},
		{
			"from": [9.8, 0.025, 10.9625],
			"to": [16.2, 0.425, 14.9625],
			"rotation": {"angle": 0, "axis": "y", "origin": [13, 7.8, 8.9625]},
			"faces": {
				"north": {"uv": [0, 0, 1, 1], "texture": "#3"},
				"east": {"uv": [0, 0, 1, 1], "texture": "#3"},
				"south": {"uv": [0, 0, 1, 1], "texture": "#3"},
				"west": {"uv": [0, 0, 1, 1], "texture": "#3"},
				"up": {"uv": [0, 0, 1, 1], "texture": "#3"},
				"down": {"uv": [0, 0, 1, 1], "texture": "#3"}
			}
		},
		{
			"from": [22, 0, 1],
			"to": [28, 10, 16],
			"rotation": {"angle": 0, "axis": "y", "origin": [25, 8, 8]},
			"faces": {
				"north": {"uv": [0, 2.5, 9.5, 16], "texture": "#2"},
				"east": {"uv": [0, 5, 16, 16], "texture": "#3"},
				"south": {"uv": [0, 2.5, 9.5, 16], "texture": "#2_0"},
				"west": {"uv": [0, 5, 16, 16], "texture": "#3"},
				"up": {"uv": [5, 0, 11, 16], "texture": "#3"},
				"down": {"uv": [1.5, 1.5, 14.5, 14.5], "texture": "#3"}
			}
		},
		{
			"from": [23, 11.70711, 2.12132],
			"to": [23.5625, 11.83211, 2.68382],
			"rotation": {"angle": -45, "axis": "x", "origin": [26, 10.70711, 3.12132]},
			"faces": {
				"north": {"uv": [9.5, 0, 11.5, 0.5], "texture": "#2", "cullface": "up"},
				"east": {"uv": [9.5, 0, 11.5, 0.5], "texture": "#2", "cullface": "up"},
				"south": {"uv": [9.5, 0, 11.5, 0.5], "texture": "#2", "cullface": "up"},
				"west": {"uv": [9.5, 0, 11.5, 0.5], "texture": "#2", "cullface": "up"},
				"up": {"uv": [9.5, 0, 11.5, 2], "texture": "#2", "cullface": "up"}
			}
		},
		{
			"from": [22.03125, 9.70711, 1.12132],
			"to": [27.96875, 11.70711, 3.96507],
			"rotation": {"angle": -45, "axis": "x", "origin": [25, 10.70711, 3.12132]},
			"faces": {
				"east": {"uv": [6, 0, 10, 3], "texture": "#3"},
				"south": {"uv": [0, 0, 9.5, 3], "texture": "#2"},
				"west": {"uv": [6, 0, 10, 3], "texture": "#3"},
				"up": {"uv": [0, 0, 9.5, 3], "rotation": 180, "texture": "#2"}
			}
		},
		{
			"from": [22, 10, 3],
			"to": [28, 12, 16],
			"rotation": {"angle": 0, "axis": "y", "origin": [25, 7, 8]},
			"faces": {
				"north": {"uv": [6, 0, 10, 2], "texture": "#3"},
				"east": {"uv": [0, 0, 14, 2], "texture": "#3"},
				"south": {"uv": [0, 0, 9.5, 2.5], "texture": "#2_0"},
				"west": {"uv": [2, 0, 16, 2], "texture": "#3"},
				"up": {"uv": [0, 0, 16, 16], "texture": "#3"}
			}
		},
		{
			"from": [18.6875, 0.5, 2.875],
			"to": [19.125, 0.625, 3.3125],
			"rotation": {"angle": 0, "axis": "y", "origin": [13, 8, 8]},
			"faces": {
				"north": {"uv": [1, 1, 1.5, 1.5], "rotation": 180, "texture": "#0"},
				"east": {"uv": [1, 1, 1.5, 1.5], "rotation": 180, "texture": "#0"},
				"south": {"uv": [1, 1, 1.5, 1.5], "rotation": 180, "texture": "#0"},
				"west": {"uv": [1, 1, 1.5, 1.5], "rotation": 180, "texture": "#0"},
				"up": {"uv": [1, 1, 1.5, 1.5], "rotation": 180, "texture": "#0"}
			}
		},
		{
			"from": [17.8125, 0.5, 2.875],
			"to": [18.25, 0.625, 3.3125],
			"rotation": {"angle": 0, "axis": "y", "origin": [13, 8, 8]},
			"faces": {
				"north": {"uv": [1, 1, 1.5, 1.5], "rotation": 180, "texture": "#0"},
				"east": {"uv": [1, 1, 1.5, 1.5], "rotation": 180, "texture": "#0"},
				"south": {"uv": [1, 1, 1.5, 1.5], "rotation": 180, "texture": "#0"},
				"west": {"uv": [1, 1, 1.5, 1.5], "rotation": 180, "texture": "#0"},
				"up": {"uv": [1, 1, 1.5, 1.5], "rotation": 180, "texture": "#0"}
			}
		},
		{
			"from": [16.9375, 0.5, 2.875],
			"to": [17.375, 0.625, 3.3125],
			"rotation": {"angle": 0, "axis": "y", "origin": [13, 8, 8]},
			"faces": {
				"north": {"uv": [1, 1, 1.5, 1.5], "rotation": 180, "texture": "#0"},
				"east": {"uv": [1, 1, 1.5, 1.5], "rotation": 180, "texture": "#0"},
				"south": {"uv": [1, 1, 1.5, 1.5], "rotation": 180, "texture": "#0"},
				"west": {"uv": [1, 1, 1.5, 1.5], "rotation": 180, "texture": "#0"},
				"up": {"uv": [1, 1, 1.5, 1.5], "rotation": 180, "texture": "#0"}
			}
		},
		{
			"from": [13.875, 0.5, 2.875],
			"to": [16.5, 0.625, 3.3125],
			"rotation": {"angle": 0, "axis": "y", "origin": [13, 8, 8]},
			"faces": {
				"north": {"uv": [1, 1, 1.5, 1.5], "rotation": 180, "texture": "#0"},
				"east": {"uv": [1, 1, 1.5, 1.5], "rotation": 180, "texture": "#0"},
				"south": {"uv": [1, 1, 1.5, 1.5], "rotation": 180, "texture": "#0"},
				"west": {"uv": [1, 1, 1.5, 1.5], "rotation": 180, "texture": "#0"},
				"up": {"uv": [1, 1, 1.5, 1.5], "rotation": 180, "texture": "#0"}
			}
		},
		{
			"from": [13, 0.5, 2.875],
			"to": [13.4375, 0.625, 3.3125],
			"rotation": {"angle": 0, "axis": "y", "origin": [13, 8, 8]},
			"faces": {
				"north": {"uv": [1, 1, 1.5, 1.5], "rotation": 180, "texture": "#0"},
				"east": {"uv": [1, 1, 1.5, 1.5], "rotation": 180, "texture": "#0"},
				"south": {"uv": [1, 1, 1.5, 1.5], "rotation": 180, "texture": "#0"},
				"west": {"uv": [1, 1, 1.5, 1.5], "rotation": 180, "texture": "#0"},
				"up": {"uv": [1, 1, 1.5, 1.5], "rotation": 180, "texture": "#0"}
			}
		},
		{
			"from": [12.125, 0.5, 2.875],
			"to": [12.5625, 0.625, 3.3125],
			"rotation": {"angle": 0, "axis": "y", "origin": [13, 8, 8]},
			"faces": {
				"north": {"uv": [1, 1, 1.5, 1.5], "rotation": 180, "texture": "#0"},
				"east": {"uv": [1, 1, 1.5, 1.5], "rotation": 180, "texture": "#0"},
				"south": {"uv": [1, 1, 1.5, 1.5], "rotation": 180, "texture": "#0"},
				"west": {"uv": [1, 1, 1.5, 1.5], "rotation": 180, "texture": "#0"},
				"up": {"uv": [1, 1, 1.5, 1.5], "rotation": 180, "texture": "#0"}
			}
		},
		{
			"from": [11.25, 0.5, 2.875],
			"to": [11.6875, 0.625, 3.3125],
			"rotation": {"angle": 0, "axis": "y", "origin": [13, 8, 8]},
			"faces": {
				"north": {"uv": [1, 1, 1.5, 1.5], "rotation": 180, "texture": "#0"},
				"east": {"uv": [1, 1, 1.5, 1.5], "rotation": 180, "texture": "#0"},
				"south": {"uv": [1, 1, 1.5, 1.5], "rotation": 180, "texture": "#0"},
				"west": {"uv": [1, 1, 1.5, 1.5], "rotation": 180, "texture": "#0"},
				"up": {"uv": [1, 1, 1.5, 1.5], "rotation": 180, "texture": "#0"}
			}
		},
		{
			"from": [10.375, 0.5, 2.875],
			"to": [10.8125, 0.625, 3.3125],
			"rotation": {"angle": 0, "axis": "y", "origin": [13, 8, 8]},
			"faces": {
				"north": {"uv": [1, 1, 1.5, 1.5], "rotation": 180, "texture": "#0"},
				"east": {"uv": [1, 1, 1.5, 1.5], "rotation": 180, "texture": "#0"},
				"south": {"uv": [1, 1, 1.5, 1.5], "rotation": 180, "texture": "#0"},
				"west": {"uv": [1, 1, 1.5, 1.5], "rotation": 180, "texture": "#0"},
				"up": {"uv": [1, 1, 1.5, 1.5], "rotation": 180, "texture": "#0"}
			}
		},
		{
			"from": [18.6875, 0.5, 3.6875],
			"to": [19.125, 0.625, 4.125],
			"rotation": {"angle": 0, "axis": "y", "origin": [13, 8, 8]},
			"faces": {
				"north": {"uv": [1, 1, 1.5, 1.5], "rotation": 180, "texture": "#0"},
				"east": {"uv": [1, 1, 1.5, 1.5], "rotation": 180, "texture": "#0"},
				"south": {"uv": [1, 1, 1.5, 1.5], "rotation": 180, "texture": "#0"},
				"west": {"uv": [1, 1, 1.5, 1.5], "rotation": 180, "texture": "#0"},
				"up": {"uv": [1, 1, 1.5, 1.5], "rotation": 180, "texture": "#0"}
			}
		},
		{
			"from": [17.8125, 0.5, 3.6875],
			"to": [18.25, 0.625, 4.125],
			"rotation": {"angle": 0, "axis": "y", "origin": [13, 8, 8]},
			"faces": {
				"north": {"uv": [1, 1, 1.5, 1.5], "rotation": 180, "texture": "#0"},
				"east": {"uv": [1, 1, 1.5, 1.5], "rotation": 180, "texture": "#0"},
				"south": {"uv": [1, 1, 1.5, 1.5], "rotation": 180, "texture": "#0"},
				"west": {"uv": [1, 1, 1.5, 1.5], "rotation": 180, "texture": "#0"},
				"up": {"uv": [1, 1, 1.5, 1.5], "rotation": 180, "texture": "#0"}
			}
		},
		{
			"from": [16.9375, 0.5, 3.6875],
			"to": [17.375, 0.625, 4.125],
			"rotation": {"angle": 0, "axis": "y", "origin": [13, 8, 8]},
			"faces": {
				"north": {"uv": [1, 1, 1.5, 1.5], "rotation": 180, "texture": "#0"},
				"east": {"uv": [1, 1, 1.5, 1.5], "rotation": 180, "texture": "#0"},
				"south": {"uv": [1, 1, 1.5, 1.5], "rotation": 180, "texture": "#0"},
				"west": {"uv": [1, 1, 1.5, 1.5], "rotation": 180, "texture": "#0"},
				"up": {"uv": [1, 1, 1.5, 1.5], "rotation": 180, "texture": "#0"}
			}
		},
		{
			"from": [16.0625, 0.5, 3.6875],
			"to": [16.5, 0.625, 4.125],
			"rotation": {"angle": 0, "axis": "y", "origin": [13, 8, 8]},
			"faces": {
				"north": {"uv": [1, 1, 1.5, 1.5], "rotation": 180, "texture": "#0"},
				"east": {"uv": [1, 1, 1.5, 1.5], "rotation": 180, "texture": "#0"},
				"south": {"uv": [1, 1, 1.5, 1.5], "rotation": 180, "texture": "#0"},
				"west": {"uv": [1, 1, 1.5, 1.5], "rotation": 180, "texture": "#0"},
				"up": {"uv": [1, 1, 1.5, 1.5], "rotation": 180, "texture": "#0"}
			}
		},
		{
			"from": [15.1875, 0.5, 3.6875],
			"to": [15.625, 0.625, 4.125],
			"rotation": {"angle": 0, "axis": "y", "origin": [13, 8, 8]},
			"faces": {
				"north": {"uv": [1, 1, 1.5, 1.5], "rotation": 180, "texture": "#0"},
				"east": {"uv": [1, 1, 1.5, 1.5], "rotation": 180, "texture": "#0"},
				"south": {"uv": [1, 1, 1.5, 1.5], "rotation": 180, "texture": "#0"},
				"west": {"uv": [1, 1, 1.5, 1.5], "rotation": 180, "texture": "#0"},
				"up": {"uv": [1, 1, 1.5, 1.5], "rotation": 180, "texture": "#0"}
			}
		},
		{
			"from": [14.3125, 0.5, 3.6875],
			"to": [14.75, 0.625, 4.125],
			"rotation": {"angle": 0, "axis": "y", "origin": [13, 8, 8]},
			"faces": {
				"north": {"uv": [1, 1, 1.5, 1.5], "rotation": 180, "texture": "#0"},
				"east": {"uv": [1, 1, 1.5, 1.5], "rotation": 180, "texture": "#0"},
				"south": {"uv": [1, 1, 1.5, 1.5], "rotation": 180, "texture": "#0"},
				"west": {"uv": [1, 1, 1.5, 1.5], "rotation": 180, "texture": "#0"},
				"up": {"uv": [1, 1, 1.5, 1.5], "rotation": 180, "texture": "#0"}
			}
		},
		{
			"from": [13.4375, 0.5, 3.6875],
			"to": [13.875, 0.625, 4.125],
			"rotation": {"angle": 0, "axis": "y", "origin": [13, 8, 8]},
			"faces": {
				"north": {"uv": [1, 1, 1.5, 1.5], "rotation": 180, "texture": "#0"},
				"east": {"uv": [1, 1, 1.5, 1.5], "rotation": 180, "texture": "#0"},
				"south": {"uv": [1, 1, 1.5, 1.5], "rotation": 180, "texture": "#0"},
				"west": {"uv": [1, 1, 1.5, 1.5], "rotation": 180, "texture": "#0"},
				"up": {"uv": [1, 1, 1.5, 1.5], "rotation": 180, "texture": "#0"}
			}
		},
		{
			"from": [12.5625, 0.5, 3.6875],
			"to": [13, 0.625, 4.125],
			"rotation": {"angle": 0, "axis": "y", "origin": [13, 8, 8]},
			"faces": {
				"north": {"uv": [1, 1, 1.5, 1.5], "rotation": 180, "texture": "#0"},
				"east": {"uv": [1, 1, 1.5, 1.5], "rotation": 180, "texture": "#0"},
				"south": {"uv": [1, 1, 1.5, 1.5], "rotation": 180, "texture": "#0"},
				"west": {"uv": [1, 1, 1.5, 1.5], "rotation": 180, "texture": "#0"},
				"up": {"uv": [1, 1, 1.5, 1.5], "rotation": 180, "texture": "#0"}
			}
		},
		{
			"from": [11.6875, 0.5, 3.6875],
			"to": [12.125, 0.625, 4.125],
			"rotation": {"angle": 0, "axis": "y", "origin": [13, 8, 8]},
			"faces": {
				"north": {"uv": [1, 1, 1.5, 1.5], "rotation": 180, "texture": "#0"},
				"east": {"uv": [1, 1, 1.5, 1.5], "rotation": 180, "texture": "#0"},
				"south": {"uv": [1, 1, 1.5, 1.5], "rotation": 180, "texture": "#0"},
				"west": {"uv": [1, 1, 1.5, 1.5], "rotation": 180, "texture": "#0"},
				"up": {"uv": [1, 1, 1.5, 1.5], "rotation": 180, "texture": "#0"}
			}
		},
		{
			"from": [10.375, 0.5, 3.6875],
			"to": [11.25, 0.625, 4.125],
			"rotation": {"angle": 0, "axis": "y", "origin": [13, 8, 8]},
			"faces": {
				"north": {"uv": [1, 1, 1.5, 1.5], "rotation": 180, "texture": "#0"},
				"east": {"uv": [1, 1, 1.5, 1.5], "rotation": 180, "texture": "#0"},
				"south": {"uv": [1, 1, 1.5, 1.5], "rotation": 180, "texture": "#0"},
				"west": {"uv": [1, 1, 1.5, 1.5], "rotation": 180, "texture": "#0"},
				"up": {"uv": [1, 1, 1.5, 1.5], "rotation": 180, "texture": "#0"}
			}
		},
		{
			"from": [17.375, 0.5, 4.5625],
			"to": [17.8125, 0.625, 5],
			"rotation": {"angle": 0, "axis": "y", "origin": [13, 8, 8]},
			"faces": {
				"north": {"uv": [1, 1, 1.5, 1.5], "rotation": 180, "texture": "#0"},
				"east": {"uv": [1, 1, 1.5, 1.5], "rotation": 180, "texture": "#0"},
				"south": {"uv": [1, 1, 1.5, 1.5], "rotation": 180, "texture": "#0"},
				"west": {"uv": [1, 1, 1.5, 1.5], "rotation": 180, "texture": "#0"},
				"up": {"uv": [1, 1, 1.5, 1.5], "rotation": 180, "texture": "#0"}
			}
		},
		{
			"from": [16.5, 0.5, 4.5625],
			"to": [16.9375, 0.625, 5],
			"rotation": {"angle": 0, "axis": "y", "origin": [13, 8, 8]},
			"faces": {
				"north": {"uv": [1, 1, 1.5, 1.5], "rotation": 180, "texture": "#0"},
				"east": {"uv": [1, 1, 1.5, 1.5], "rotation": 180, "texture": "#0"},
				"south": {"uv": [1, 1, 1.5, 1.5], "rotation": 180, "texture": "#0"},
				"west": {"uv": [1, 1, 1.5, 1.5], "rotation": 180, "texture": "#0"},
				"up": {"uv": [1, 1, 1.5, 1.5], "rotation": 180, "texture": "#0"}
			}
		},
		{
			"from": [15.625, 0.5, 4.5625],
			"to": [16.0625, 0.625, 5],
			"rotation": {"angle": 0, "axis": "y", "origin": [13, 8, 8]},
			"faces": {
				"north": {"uv": [1, 1, 1.5, 1.5], "rotation": 180, "texture": "#0"},
				"east": {"uv": [1, 1, 1.5, 1.5], "rotation": 180, "texture": "#0"},
				"south": {"uv": [1, 1, 1.5, 1.5], "rotation": 180, "texture": "#0"},
				"west": {"uv": [1, 1, 1.5, 1.5], "rotation": 180, "texture": "#0"},
				"up": {"uv": [1, 1, 1.5, 1.5], "rotation": 180, "texture": "#0"}
			}
		},
		{
			"from": [14.75, 0.5, 4.5625],
			"to": [15.1875, 0.625, 5],
			"rotation": {"angle": 0, "axis": "y", "origin": [13, 8, 8]},
			"faces": {
				"north": {"uv": [1, 1, 1.5, 1.5], "rotation": 180, "texture": "#0"},
				"east": {"uv": [1, 1, 1.5, 1.5], "rotation": 180, "texture": "#0"},
				"south": {"uv": [1, 1, 1.5, 1.5], "rotation": 180, "texture": "#0"},
				"west": {"uv": [1, 1, 1.5, 1.5], "rotation": 180, "texture": "#0"},
				"up": {"uv": [1, 1, 1.5, 1.5], "rotation": 180, "texture": "#0"}
			}
		},
		{
			"from": [13.875, 0.5, 4.5625],
			"to": [14.3125, 0.625, 5],
			"rotation": {"angle": 0, "axis": "y", "origin": [13, 8, 8]},
			"faces": {
				"north": {"uv": [1, 1, 1.5, 1.5], "rotation": 180, "texture": "#0"},
				"east": {"uv": [1, 1, 1.5, 1.5], "rotation": 180, "texture": "#0"},
				"south": {"uv": [1, 1, 1.5, 1.5], "rotation": 180, "texture": "#0"},
				"west": {"uv": [1, 1, 1.5, 1.5], "rotation": 180, "texture": "#0"},
				"up": {"uv": [1, 1, 1.5, 1.5], "rotation": 180, "texture": "#0"}
			}
		},
		{
			"from": [13, 0.5, 4.5625],
			"to": [13.4375, 0.625, 5],
			"rotation": {"angle": 0, "axis": "y", "origin": [13, 8, 8]},
			"faces": {
				"north": {"uv": [1, 1, 1.5, 1.5], "rotation": 180, "texture": "#0"},
				"east": {"uv": [1, 1, 1.5, 1.5], "rotation": 180, "texture": "#0"},
				"south": {"uv": [1, 1, 1.5, 1.5], "rotation": 180, "texture": "#0"},
				"west": {"uv": [1, 1, 1.5, 1.5], "rotation": 180, "texture": "#0"},
				"up": {"uv": [1, 1, 1.5, 1.5], "rotation": 180, "texture": "#0"}
			}
		},
		{
			"from": [12.125, 0.5, 4.5625],
			"to": [12.5625, 0.625, 5],
			"rotation": {"angle": 0, "axis": "y", "origin": [13, 8, 8]},
			"faces": {
				"north": {"uv": [1, 1, 1.5, 1.5], "rotation": 180, "texture": "#0"},
				"east": {"uv": [1, 1, 1.5, 1.5], "rotation": 180, "texture": "#0"},
				"south": {"uv": [1, 1, 1.5, 1.5], "rotation": 180, "texture": "#0"},
				"west": {"uv": [1, 1, 1.5, 1.5], "rotation": 180, "texture": "#0"},
				"up": {"uv": [1, 1, 1.5, 1.5], "rotation": 180, "texture": "#0"}
			}
		},
		{
			"from": [18.25, 0.5, 4.5625],
			"to": [19.125, 0.625, 5],
			"rotation": {"angle": 0, "axis": "y", "origin": [13, 8, 8]},
			"faces": {
				"north": {"uv": [1, 1, 1.5, 1.5], "rotation": 180, "texture": "#0"},
				"east": {"uv": [1, 1, 1.5, 1.5], "rotation": 180, "texture": "#0"},
				"south": {"uv": [1, 1, 1.5, 1.5], "rotation": 180, "texture": "#0"},
				"west": {"uv": [1, 1, 1.5, 1.5], "rotation": 180, "texture": "#0"},
				"up": {"uv": [1, 1, 1.5, 1.5], "rotation": 180, "texture": "#0"}
			}
		},
		{
			"from": [10.375, 0.5, 4.5625],
			"to": [10.8125, 0.625, 5],
			"rotation": {"angle": 0, "axis": "y", "origin": [13, 8, 8]},
			"faces": {
				"north": {"uv": [1, 1, 1.5, 1.5], "rotation": 180, "texture": "#0"},
				"east": {"uv": [1, 1, 1.5, 1.5], "rotation": 180, "texture": "#0"},
				"south": {"uv": [1, 1, 1.5, 1.5], "rotation": 180, "texture": "#0"},
				"west": {"uv": [1, 1, 1.5, 1.5], "rotation": 180, "texture": "#0"},
				"up": {"uv": [1, 1, 1.5, 1.5], "rotation": 180, "texture": "#0"}
			}
		},
		{
			"from": [10.375, 0.5, 5],
			"to": [11.25, 0.625, 5.4375],
			"rotation": {"angle": 0, "axis": "y", "origin": [13, 8, 8]},
			"faces": {
				"north": {"uv": [1, 1, 1.5, 1.5], "rotation": 180, "texture": "#0"},
				"east": {"uv": [1, 1, 1.5, 1.5], "rotation": 180, "texture": "#0"},
				"south": {"uv": [1, 1, 1.5, 1.5], "rotation": 180, "texture": "#0"},
				"west": {"uv": [1, 1, 1.5, 1.5], "rotation": 180, "texture": "#0"},
				"up": {"uv": [1, 1, 1.5, 1.5], "rotation": 180, "texture": "#0"}
			}
		},
		{
			"from": [11.6875, 0.5, 5.4375],
			"to": [12.125, 0.625, 5.875],
			"rotation": {"angle": 0, "axis": "y", "origin": [13, 8, 8]},
			"faces": {
				"north": {"uv": [1, 1, 1.5, 1.5], "rotation": 180, "texture": "#0"},
				"east": {"uv": [1, 1, 1.5, 1.5], "rotation": 180, "texture": "#0"},
				"south": {"uv": [1, 1, 1.5, 1.5], "rotation": 180, "texture": "#0"},
				"west": {"uv": [1, 1, 1.5, 1.5], "rotation": 180, "texture": "#0"},
				"up": {"uv": [1, 1, 1.5, 1.5], "rotation": 180, "texture": "#0"}
			}
		},
		{
			"from": [12.5625, 0.5, 5.4375],
			"to": [13, 0.625, 5.875],
			"rotation": {"angle": 0, "axis": "y", "origin": [13, 8, 8]},
			"faces": {
				"north": {"uv": [1, 1, 1.5, 1.5], "rotation": 180, "texture": "#0"},
				"east": {"uv": [1, 1, 1.5, 1.5], "rotation": 180, "texture": "#0"},
				"south": {"uv": [1, 1, 1.5, 1.5], "rotation": 180, "texture": "#0"},
				"west": {"uv": [1, 1, 1.5, 1.5], "rotation": 180, "texture": "#0"},
				"up": {"uv": [1, 1, 1.5, 1.5], "rotation": 180, "texture": "#0"}
			}
		},
		{
			"from": [13.4375, 0.5, 5.4375],
			"to": [13.875, 0.625, 5.875],
			"rotation": {"angle": 0, "axis": "y", "origin": [13, 8, 8]},
			"faces": {
				"north": {"uv": [1, 1, 1.5, 1.5], "rotation": 180, "texture": "#0"},
				"east": {"uv": [1, 1, 1.5, 1.5], "rotation": 180, "texture": "#0"},
				"south": {"uv": [1, 1, 1.5, 1.5], "rotation": 180, "texture": "#0"},
				"west": {"uv": [1, 1, 1.5, 1.5], "rotation": 180, "texture": "#0"},
				"up": {"uv": [1, 1, 1.5, 1.5], "rotation": 180, "texture": "#0"}
			}
		},
		{
			"from": [14.3125, 0.5, 5.4375],
			"to": [14.75, 0.625, 5.875],
			"rotation": {"angle": 0, "axis": "y", "origin": [13, 8, 8]},
			"faces": {
				"north": {"uv": [1, 1, 1.5, 1.5], "rotation": 180, "texture": "#0"},
				"east": {"uv": [1, 1, 1.5, 1.5], "rotation": 180, "texture": "#0"},
				"south": {"uv": [1, 1, 1.5, 1.5], "rotation": 180, "texture": "#0"},
				"west": {"uv": [1, 1, 1.5, 1.5], "rotation": 180, "texture": "#0"},
				"up": {"uv": [1, 1, 1.5, 1.5], "rotation": 180, "texture": "#0"}
			}
		},
		{
			"from": [15.1875, 0.5, 5.4375],
			"to": [15.625, 0.625, 5.875],
			"rotation": {"angle": 0, "axis": "y", "origin": [13, 8, 8]},
			"faces": {
				"north": {"uv": [1, 1, 1.5, 1.5], "rotation": 180, "texture": "#0"},
				"east": {"uv": [1, 1, 1.5, 1.5], "rotation": 180, "texture": "#0"},
				"south": {"uv": [1, 1, 1.5, 1.5], "rotation": 180, "texture": "#0"},
				"west": {"uv": [1, 1, 1.5, 1.5], "rotation": 180, "texture": "#0"},
				"up": {"uv": [1, 1, 1.5, 1.5], "rotation": 180, "texture": "#0"}
			}
		},
		{
			"from": [16.0625, 0.5, 5.4375],
			"to": [16.5, 0.625, 5.875],
			"rotation": {"angle": 0, "axis": "y", "origin": [13, 8, 8]},
			"faces": {
				"north": {"uv": [1, 1, 1.5, 1.5], "rotation": 180, "texture": "#0"},
				"east": {"uv": [1, 1, 1.5, 1.5], "rotation": 180, "texture": "#0"},
				"south": {"uv": [1, 1, 1.5, 1.5], "rotation": 180, "texture": "#0"},
				"west": {"uv": [1, 1, 1.5, 1.5], "rotation": 180, "texture": "#0"},
				"up": {"uv": [1, 1, 1.5, 1.5], "rotation": 180, "texture": "#0"}
			}
		},
		{
			"from": [16.9375, 0.5, 5.4375],
			"to": [17.375, 0.625, 5.875],
			"rotation": {"angle": 0, "axis": "y", "origin": [13, 8, 8]},
			"faces": {
				"north": {"uv": [1, 1, 1.5, 1.5], "rotation": 180, "texture": "#0"},
				"east": {"uv": [1, 1, 1.5, 1.5], "rotation": 180, "texture": "#0"},
				"south": {"uv": [1, 1, 1.5, 1.5], "rotation": 180, "texture": "#0"},
				"west": {"uv": [1, 1, 1.5, 1.5], "rotation": 180, "texture": "#0"},
				"up": {"uv": [1, 1, 1.5, 1.5], "rotation": 180, "texture": "#0"}
			}
		},
		{
			"from": [17.8125, 0.5, 5.4375],
			"to": [18.25, 0.625, 5.875],
			"rotation": {"angle": 0, "axis": "y", "origin": [13, 8, 8]},
			"faces": {
				"north": {"uv": [1, 1, 1.5, 1.5], "rotation": 180, "texture": "#0"},
				"east": {"uv": [1, 1, 1.5, 1.5], "rotation": 180, "texture": "#0"},
				"south": {"uv": [1, 1, 1.5, 1.5], "rotation": 180, "texture": "#0"},
				"west": {"uv": [1, 1, 1.5, 1.5], "rotation": 180, "texture": "#0"},
				"up": {"uv": [1, 1, 1.5, 1.5], "rotation": 180, "texture": "#0"}
			}
		},
		{
			"from": [18.6875, 0.5, 5.4375],
			"to": [19.125, 0.625, 5.875],
			"rotation": {"angle": 0, "axis": "y", "origin": [13, 8, 8]},
			"faces": {
				"north": {"uv": [1, 1, 1.5, 1.5], "rotation": 180, "texture": "#0"},
				"east": {"uv": [1, 1, 1.5, 1.5], "rotation": 180, "texture": "#0"},
				"south": {"uv": [1, 1, 1.5, 1.5], "rotation": 180, "texture": "#0"},
				"west": {"uv": [1, 1, 1.5, 1.5], "rotation": 180, "texture": "#0"},
				"up": {"uv": [1, 1, 1.5, 1.5], "rotation": 180, "texture": "#0"}
			}
		},
		{
			"from": [10.375, 0.5, 5.875],
			"to": [11.25, 0.625, 6.3125],
			"rotation": {"angle": 0, "axis": "y", "origin": [13, 8, 8]},
			"faces": {
				"north": {"uv": [1, 1, 1.5, 1.5], "rotation": 180, "texture": "#0"},
				"east": {"uv": [1, 1, 1.5, 1.5], "rotation": 180, "texture": "#0"},
				"south": {"uv": [1, 1, 1.5, 1.5], "rotation": 180, "texture": "#0"},
				"west": {"uv": [1, 1, 1.5, 1.5], "rotation": 180, "texture": "#0"},
				"up": {"uv": [1, 1, 1.5, 1.5], "rotation": 180, "texture": "#0"}
			}
		},
		{
			"from": [18.6875, 0.5, 6.75],
			"to": [19.125, 0.625, 7.1875],
			"rotation": {"angle": 0, "axis": "y", "origin": [13, 8, 8]},
			"faces": {
				"north": {"uv": [1, 1, 1.5, 1.5], "rotation": 180, "texture": "#0"},
				"east": {"uv": [1, 1, 1.5, 1.5], "rotation": 180, "texture": "#0"},
				"south": {"uv": [1, 1, 1.5, 1.5], "rotation": 180, "texture": "#0"},
				"west": {"uv": [1, 1, 1.5, 1.5], "rotation": 180, "texture": "#0"},
				"up": {"uv": [1, 1, 1.5, 1.5], "rotation": 180, "texture": "#0"}
			}
		},
		{
			"from": [17.375, 0.5, 6.6875],
			"to": [17.8125, 0.625, 7.125],
			"rotation": {"angle": 0, "axis": "y", "origin": [13, 8, 8]},
			"faces": {
				"north": {"uv": [1, 1, 1.5, 1.5], "rotation": 180, "texture": "#0"},
				"east": {"uv": [1, 1, 1.5, 1.5], "rotation": 180, "texture": "#0"},
				"south": {"uv": [1, 1, 1.5, 1.5], "rotation": 180, "texture": "#0"},
				"west": {"uv": [1, 1, 1.5, 1.5], "rotation": 180, "texture": "#0"},
				"up": {"uv": [1, 1, 1.5, 1.5], "rotation": 180, "texture": "#0"}
			}
		},
		{
			"from": [16.5, 0.5, 6.6875],
			"to": [16.9375, 0.625, 7.125],
			"rotation": {"angle": 0, "axis": "y", "origin": [13, 8, 8]},
			"faces": {
				"north": {"uv": [1, 1, 1.5, 1.5], "rotation": 180, "texture": "#0"},
				"east": {"uv": [1, 1, 1.5, 1.5], "rotation": 180, "texture": "#0"},
				"south": {"uv": [1, 1, 1.5, 1.5], "rotation": 180, "texture": "#0"},
				"west": {"uv": [1, 1, 1.5, 1.5], "rotation": 180, "texture": "#0"},
				"up": {"uv": [1, 1, 1.5, 1.5], "rotation": 180, "texture": "#0"}
			}
		},
		{
			"from": [15.625, 0.5, 6.6875],
			"to": [16.0625, 0.625, 7.125],
			"rotation": {"angle": 0, "axis": "y", "origin": [13, 8, 8]},
			"faces": {
				"north": {"uv": [1, 1, 1.5, 1.5], "rotation": 180, "texture": "#0"},
				"east": {"uv": [1, 1, 1.5, 1.5], "rotation": 180, "texture": "#0"},
				"south": {"uv": [1, 1, 1.5, 1.5], "rotation": 180, "texture": "#0"},
				"west": {"uv": [1, 1, 1.5, 1.5], "rotation": 180, "texture": "#0"},
				"up": {"uv": [1, 1, 1.5, 1.5], "rotation": 180, "texture": "#0"}
			}
		},
		{
			"from": [14.3125, 0.5, 6.6875],
			"to": [14.75, 0.625, 7.125],
			"rotation": {"angle": 0, "axis": "y", "origin": [13, 8, 8]},
			"faces": {
				"north": {"uv": [1, 1, 1.5, 1.5], "rotation": 180, "texture": "#0"},
				"east": {"uv": [1, 1, 1.5, 1.5], "rotation": 180, "texture": "#0"},
				"south": {"uv": [1, 1, 1.5, 1.5], "rotation": 180, "texture": "#0"},
				"west": {"uv": [1, 1, 1.5, 1.5], "rotation": 180, "texture": "#0"},
				"up": {"uv": [1, 1, 1.5, 1.5], "rotation": 180, "texture": "#0"}
			}
		},
		{
			"from": [13.4375, 0.5, 6.6875],
			"to": [13.875, 0.625, 7.125],
			"rotation": {"angle": 0, "axis": "y", "origin": [13, 8, 8]},
			"faces": {
				"north": {"uv": [1, 1, 1.5, 1.5], "rotation": 180, "texture": "#0"},
				"east": {"uv": [1, 1, 1.5, 1.5], "rotation": 180, "texture": "#0"},
				"south": {"uv": [1, 1, 1.5, 1.5], "rotation": 180, "texture": "#0"},
				"west": {"uv": [1, 1, 1.5, 1.5], "rotation": 180, "texture": "#0"},
				"up": {"uv": [1, 1, 1.5, 1.5], "rotation": 180, "texture": "#0"}
			}
		},
		{
			"from": [12.5625, 0.5, 6.6875],
			"to": [13, 0.625, 7.125],
			"rotation": {"angle": 0, "axis": "y", "origin": [13, 8, 8]},
			"faces": {
				"north": {"uv": [1, 1, 1.5, 1.5], "rotation": 180, "texture": "#0"},
				"east": {"uv": [1, 1, 1.5, 1.5], "rotation": 180, "texture": "#0"},
				"south": {"uv": [1, 1, 1.5, 1.5], "rotation": 180, "texture": "#0"},
				"west": {"uv": [1, 1, 1.5, 1.5], "rotation": 180, "texture": "#0"},
				"up": {"uv": [1, 1, 1.5, 1.5], "rotation": 180, "texture": "#0"}
			}
		},
		{
			"from": [11.25, 0.5, 6.6875],
			"to": [11.6875, 0.625, 7.125],
			"rotation": {"angle": 0, "axis": "y", "origin": [13, 8, 8]},
			"faces": {
				"north": {"uv": [1, 1, 1.5, 1.5], "rotation": 180, "texture": "#0"},
				"east": {"uv": [1, 1, 1.5, 1.5], "rotation": 180, "texture": "#0"},
				"south": {"uv": [1, 1, 1.5, 1.5], "rotation": 180, "texture": "#0"},
				"west": {"uv": [1, 1, 1.5, 1.5], "rotation": 180, "texture": "#0"},
				"up": {"uv": [1, 1, 1.5, 1.5], "rotation": 180, "texture": "#0"}
			}
		},
		{
			"from": [10.375, 0.5, 6.6875],
			"to": [10.8125, 0.625, 7.125],
			"rotation": {"angle": 0, "axis": "y", "origin": [13, 8, 8]},
			"faces": {
				"north": {"uv": [1, 1, 1.5, 1.5], "rotation": 180, "texture": "#0"},
				"east": {"uv": [1, 1, 1.5, 1.5], "rotation": 180, "texture": "#0"},
				"south": {"uv": [1, 1, 1.5, 1.5], "rotation": 180, "texture": "#0"},
				"west": {"uv": [1, 1, 1.5, 1.5], "rotation": 180, "texture": "#0"},
				"up": {"uv": [1, 1, 1.5, 1.5], "rotation": 180, "texture": "#0"}
			}
		},
		{
			"from": [9.5, 0.5, 6.6875],
			"to": [9.9375, 0.625, 7.125],
			"rotation": {"angle": 0, "axis": "y", "origin": [13, 8, 8]},
			"faces": {
				"north": {"uv": [1, 1, 1.5, 1.5], "rotation": 180, "texture": "#0"},
				"east": {"uv": [1, 1, 1.5, 1.5], "rotation": 180, "texture": "#0"},
				"south": {"uv": [1, 1, 1.5, 1.5], "rotation": 180, "texture": "#0"},
				"west": {"uv": [1, 1, 1.5, 1.5], "rotation": 180, "texture": "#0"},
				"up": {"uv": [1, 1, 1.5, 1.5], "rotation": 180, "texture": "#0"}
			}
		},
		{
			"from": [8.625, 0.5, 4.125],
			"to": [9.0625, 0.625, 4.5625],
			"rotation": {"angle": 0, "axis": "y", "origin": [13, 8, 8]},
			"faces": {
				"north": {"uv": [1, 1, 1.5, 1.5], "rotation": 180, "texture": "#0"},
				"east": {"uv": [1, 1, 1.5, 1.5], "rotation": 180, "texture": "#0"},
				"south": {"uv": [1, 1, 1.5, 1.5], "rotation": 180, "texture": "#0"},
				"west": {"uv": [1, 1, 1.5, 1.5], "rotation": 180, "texture": "#0"},
				"up": {"uv": [1, 1, 1.5, 1.5], "rotation": 180, "texture": "#0"}
			}
		},
		{
			"from": [7.75, 0.5, 4.125],
			"to": [8.1875, 0.625, 4.5625],
			"rotation": {"angle": 0, "axis": "y", "origin": [13, 8, 8]},
			"faces": {
				"north": {"uv": [1, 1, 1.5, 1.5], "rotation": 180, "texture": "#0"},
				"east": {"uv": [1, 1, 1.5, 1.5], "rotation": 180, "texture": "#0"},
				"south": {"uv": [1, 1, 1.5, 1.5], "rotation": 180, "texture": "#0"},
				"west": {"uv": [1, 1, 1.5, 1.5], "rotation": 180, "texture": "#0"},
				"up": {"uv": [1, 1, 1.5, 1.5], "rotation": 180, "texture": "#0"}
			}
		},
		{
			"from": [8.625, 0.5, 5],
			"to": [9.0625, 0.625, 5.4375],
			"rotation": {"angle": 0, "axis": "y", "origin": [13, 8, 8]},
			"faces": {
				"north": {"uv": [1, 1, 1.5, 1.5], "rotation": 180, "texture": "#0"},
				"east": {"uv": [1, 1, 1.5, 1.5], "rotation": 180, "texture": "#0"},
				"south": {"uv": [1, 1, 1.5, 1.5], "rotation": 180, "texture": "#0"},
				"west": {"uv": [1, 1, 1.5, 1.5], "rotation": 180, "texture": "#0"},
				"up": {"uv": [1, 1, 1.5, 1.5], "rotation": 180, "texture": "#0"}
			}
		},
		{
			"from": [7.75, 0.5, 5],
			"to": [8.1875, 0.625, 5.4375],
			"rotation": {"angle": 0, "axis": "y", "origin": [13, 8, 8]},
			"faces": {
				"north": {"uv": [1, 1, 1.5, 1.5], "rotation": 180, "texture": "#0"},
				"east": {"uv": [1, 1, 1.5, 1.5], "rotation": 180, "texture": "#0"},
				"south": {"uv": [1, 1, 1.5, 1.5], "rotation": 180, "texture": "#0"},
				"west": {"uv": [1, 1, 1.5, 1.5], "rotation": 180, "texture": "#0"},
				"up": {"uv": [1, 1, 1.5, 1.5], "rotation": 180, "texture": "#0"}
			}
		},
		{
			"from": [8.625, 0.5, 5.875],
			"to": [9.0625, 0.625, 6.3125],
			"rotation": {"angle": 0, "axis": "y", "origin": [13, 8, 8]},
			"faces": {
				"north": {"uv": [1, 1, 1.5, 1.5], "rotation": 180, "texture": "#0"},
				"east": {"uv": [1, 1, 1.5, 1.5], "rotation": 180, "texture": "#0"},
				"south": {"uv": [1, 1, 1.5, 1.5], "rotation": 180, "texture": "#0"},
				"west": {"uv": [1, 1, 1.5, 1.5], "rotation": 180, "texture": "#0"},
				"up": {"uv": [1, 1, 1.5, 1.5], "rotation": 180, "texture": "#0"}
			}
		},
		{
			"from": [7.75, 0.5, 5.875],
			"to": [8.1875, 0.625, 6.3125],
			"rotation": {"angle": 0, "axis": "y", "origin": [13, 8, 8]},
			"faces": {
				"north": {"uv": [1, 1, 1.5, 1.5], "rotation": 180, "texture": "#0"},
				"east": {"uv": [1, 1, 1.5, 1.5], "rotation": 180, "texture": "#0"},
				"south": {"uv": [1, 1, 1.5, 1.5], "rotation": 180, "texture": "#0"},
				"west": {"uv": [1, 1, 1.5, 1.5], "rotation": 180, "texture": "#0"},
				"up": {"uv": [1, 1, 1.5, 1.5], "rotation": 180, "texture": "#0"}
			}
		},
		{
			"from": [6.875, 0.5, 5.875],
			"to": [7.3125, 0.625, 6.3125],
			"rotation": {"angle": 0, "axis": "y", "origin": [13, 8, 8]},
			"faces": {
				"north": {"uv": [1, 1, 1.5, 1.5], "rotation": 180, "texture": "#0"},
				"east": {"uv": [1, 1, 1.5, 1.5], "rotation": 180, "texture": "#0"},
				"south": {"uv": [1, 1, 1.5, 1.5], "rotation": 180, "texture": "#0"},
				"west": {"uv": [1, 1, 1.5, 1.5], "rotation": 180, "texture": "#0"},
				"up": {"uv": [1, 1, 1.5, 1.5], "rotation": 180, "texture": "#0"}
			}
		},
		{
			"from": [6.875, 0.5, 4.5625],
			"to": [7.3125, 0.625, 5.4375],
			"rotation": {"angle": 0, "axis": "y", "origin": [13, 8, 8]},
			"faces": {
				"north": {"uv": [1, 1, 1.5, 1.5], "rotation": 180, "texture": "#0"},
				"east": {"uv": [1, 1, 1.5, 1.5], "rotation": 180, "texture": "#0"},
				"south": {"uv": [1, 1, 1.5, 1.5], "rotation": 180, "texture": "#0"},
				"west": {"uv": [1, 1, 1.5, 1.5], "rotation": 180, "texture": "#0"},
				"up": {"uv": [1, 1, 1.5, 1.5], "rotation": 180, "texture": "#0"}
			}
		},
		{
			"from": [6.875, 0.5, 3.3125],
			"to": [7.3125, 0.625, 4.1875],
			"rotation": {"angle": 0, "axis": "y", "origin": [13, 8, 8]},
			"faces": {
				"north": {"uv": [1, 1, 1.5, 1.5], "rotation": 180, "texture": "#0"},
				"east": {"uv": [1, 1, 1.5, 1.5], "rotation": 180, "texture": "#0"},
				"south": {"uv": [1, 1, 1.5, 1.5], "rotation": 180, "texture": "#0"},
				"west": {"uv": [1, 1, 1.5, 1.5], "rotation": 180, "texture": "#0"},
				"up": {"uv": [1, 1, 1.5, 1.5], "rotation": 180, "texture": "#0"}
			}
		},
		{
			"from": [7.75, 0.5, 3.3125],
			"to": [9.0625, 0.625, 3.75],
			"rotation": {"angle": 0, "axis": "y", "origin": [13, 8, 8]},
			"faces": {
				"north": {"uv": [1, 1, 1.5, 1.5], "rotation": 180, "texture": "#0"},
				"east": {"uv": [1, 1, 1.5, 1.5], "rotation": 180, "texture": "#0"},
				"south": {"uv": [1, 1, 1.5, 1.5], "rotation": 180, "texture": "#0"},
				"west": {"uv": [1, 1, 1.5, 1.5], "rotation": 180, "texture": "#0"},
				"up": {"uv": [1, 1, 1.5, 1.5], "rotation": 180, "texture": "#0"}
			}
		},
		{
			"from": [6, 0, 2],
			"to": [20, 0.5, 8],
			"rotation": {"angle": 0, "axis": "y", "origin": [13, 8, 8]},
			"faces": {
				"north": {"uv": [0, 0, 16, 0.5], "texture": "#0"},
				"east": {"uv": [0, 0, 16, 0.5], "texture": "#0"},
				"south": {"uv": [0, 0, 16, 0.5], "texture": "#0"},
				"west": {"uv": [0, 0, 16, 0.5], "texture": "#0"},
				"up": {"uv": [0, 0, 16, 7], "rotation": 180, "texture": "#0"},
				"down": {"uv": [0, 0, 0.5, 0.5], "texture": "#0"}
			}
		},
		{
			"name": "souris",
			"from": [2.5, 0, 3],
			"to": [4.5, 1, 6.5],
			"rotation": {"angle": 0, "axis": "y", "origin": [13, 8, 8]},
			"faces": {
				"north": {"uv": [10, 0, 11, 1], "texture": "#3"},
				"east": {"uv": [9, 0, 10, 1], "texture": "#3"},
				"south": {"uv": [11, 0, 12, 1], "texture": "#3"},
				"west": {"uv": [13.5, 0, 14.5, 1], "texture": "#3"},
				"up": {"uv": [0, 7.5, 2.5, 12], "rotation": 180, "texture": "#0"},
				"down": {"uv": [4.5, 0, 5.5, 1], "texture": "#3"}
			}
		}
	],
	"display": {
		"thirdperson_righthand": {
			"rotation": [59, 0, 0],
			"translation": [-2.75, 4.25, 2.75],
			"scale": [0.55, 0.55, 0.55]
		},
		"thirdperson_lefthand": {
			"rotation": [59, 0, 0],
			"translation": [-2.75, 4.25, 2.75],
			"scale": [-0.55, 0.55, 0.55]
		},
		"firstperson_righthand": {
			"rotation": [16, 150, 0],
			"translation": [0, 5.75, 2.75],
			"scale": [0.4, 0.4, 0.4]
		},
		"firstperson_lefthand": {
			"rotation": [15, 150, -6],
			"translation": [-4.75, 5.75, -1],
			"scale": [0.4, 0.4, 0.4]
		},
		"ground": {
			"translation": [-4, 1, 0],
			"scale": [0.5, 0.5, 0.5]
		},
		"gui": {
			"rotation": [30, 151, 0],
			"translation": [6.25, -0.75, 0],
			"scale": [0.75, 0.75, 0.75]
		},
		"head": {
			"translation": [-5.25, 15, 0]
		},
		"fixed": {
			"rotation": [-90, 0, 0],
			"translation": [-10, 0, -14.25],
			"scale": [2, 2, 2]
		}
	},
	"groups": [
		{
			"name": "ecran",
			"origin": [8, 8, 8],
			"children": [0, 1, 2, 3]
		},
		{
			"name": "tour",
			"origin": [8, 8, 8],
			"children": [4, 5, 6, 7]
		},
		{
			"name": "clavier",
			"origin": [8, 8, 8],
			"children": [
				{
					"name": "touches",
					"origin": [8, 8, 8],
					"children": [8, 9, 10, 11, 12, 13, 14, 15, 16, 17, 18, 19, 20, 21, 22, 23, 24, 25, 26, 27, 28, 29, 30, 31, 32, 33, 34, 35, 36, 37, 38, 39, 40, 41, 42, 43, 44, 45, 46, 47, 48, 49, 50, 51, 52, 53, 54, 55, 56, 57, 58, 59, 60, 61, 62, 63, 64, 65]
				}, 66]
		}, 67]
}