{
	"credit": "Made by Daminator4113, with Blockbench",
	"textures": {
		"0": "custom/ecran",
		"particle": "custom/ecran"
	},
	"elements": [
		{
			"from": [0, -15, -1],
			"to": [31, 15, 0],
			"rotation": {"angle": 0, "axis": "y", "origin": [16, 0, -0.5]},
			"faces": {
				"north": {"uv": [3, 0, 6, 3], "texture": "#0"},
				"south": {"uv": [3, 0, 6, 3], "texture": "#0"}
			}
		},
		{
			"from": [31, -16, -2],
			"to": [32, 16, 0],
			"rotation": {"angle": 0, "axis": "y", "origin": [31.5, 0, -1]},
			"faces": {
				"north": {"uv": [0, 0, 3, 3], "texture": "#0"},
				"east": {"uv": [0, 0, 3, 3], "texture": "#0"},
				"south": {"uv": [0, 0, 3, 3], "texture": "#0"},
				"west": {"uv": [0, 0, 3, 3], "texture": "#0"},
				"up": {"uv": [0, 0, 3, 3], "texture": "#0"},
				"down": {"uv": [0, 0, 3, 3], "texture": "#0"}
			}
		},
		{
			"from": [0, 15, -2],
			"to": [31, 16, 0],
			"rotation": {"angle": 0, "axis": "y", "origin": [16, 15.5, -1]},
			"faces": {
				"north": {"uv": [0, 0, 3, 3], "texture": "#0"},
				"south": {"uv": [0, 0, 3, 3], "texture": "#0"},
				"up": {"uv": [0, 0, 3, 3], "texture": "#0"},
				"down": {"uv": [0, 0, 3, 3], "texture": "#0"}
			}
		},
		{
			"from": [0, -16, -2],
			"to": [31, -15, 0],
			"rotation": {"angle": 0, "axis": "y", "origin": [16, -15.5, -1]},
			"faces": {
				"north": {"uv": [0, 0, 3, 3], "texture": "#0"},
				"south": {"uv": [0, 0, 3, 3], "texture": "#0"},
				"up": {"uv": [0, 0, 3, 3], "texture": "#0"},
				"down": {"uv": [0, 0, 3, 3], "texture": "#0"}
			}
		}
	],
	"display": {}
}