{
	"credit": "Made by Daminator4113, with Blockbench",
	"textures": {
		"0": "custom/tablette",
		"1": "custom/tablette_dos",
		"particle": "custom/tablette"
	},
	"elements": [
		{
			"from": [5.5, 4.5, 7.875],
			"to": [10.5, 11.5, 8.125],
			"rotation": {"angle": 0, "axis": "y", "origin": [8, 8, 8]},
			"faces": {
				"north": {"uv": [0, 0.81778, 10.41778, 15.30667], "texture": "#1"},
				"east": {"uv": [0, 0.67556, 0.30222, 15.30667], "texture": "#1"},
				"south": {"uv": [10.41778, 0.81778, 0, 15.30667], "texture": "#1"},
				"west": {"uv": [9.86556, 0.67556, 10.16778, 15.30667], "texture": "#1"}
			}
		},
		{
			"from": [5.5, 4.15625, 7.865],
			"to": [10.5, 11.84375, 8.135],
			"rotation": {"angle": 0, "axis": "y", "origin": [8, 8, 8]},
			"faces": {
				"north": {"uv": [0, 0, 10.41778, 16], "texture": "#0"},
				"south": {"uv": [10.41778, 0, 0, 16], "texture": "#1"}
			}
		},
		{
			"from": [4.35091, 10.27687, 7.875],
			"to": [4.60091, 10.52687, 8.125],
			"rotation": {"angle": -22.5, "axis": "z", "origin": [8, 8, 8]},
			"faces": {
				"north": {"uv": [9.56444, 0.39111, 9.81333, 0.64], "texture": "#1"},
				"south": {"uv": [9.56444, 0.39111, 9.81333, 0.64], "texture": "#1"},
				"west": {"uv": [9.56444, 0.39111, 9.81333, 0.64], "texture": "#1"}
			}
		},
		{
			"from": [7.20647, 12.05456, 7.875],
			"to": [7.47991, 12.36706, 8.125],
			"rotation": {"angle": 22.5, "axis": "z", "origin": [8, 8, 8]},
			"faces": {
				"north": {"uv": [9.56444, 0.39111, 9.81333, 0.64], "texture": "#1"},
				"south": {"uv": [9.56444, 0.39111, 9.81333, 0.64], "texture": "#1"},
				"up": {"uv": [9.56444, 0.39111, 9.81333, 0.64], "texture": "#1"}
			}
		},
		{
			"from": [5.84766, 11.5, 7.875],
			"to": [10.15234, 11.83594, 8.125],
			"rotation": {"angle": 0, "axis": "y", "origin": [8, 8, 8]},
			"faces": {
				"north": {"uv": [0.74667, 0, 9.68889, 0.62222], "texture": "#1"},
				"east": {"uv": [1, 1, 2, 2], "texture": "#0"},
				"south": {"uv": [9.68889, 0, 0.74667, 0.62222], "texture": "#1"},
				"west": {"uv": [1, 1, 2, 2], "texture": "#0"},
				"up": {"uv": [9.68889, 0, 0.74667, 0.62222], "texture": "#1"}
			}
		},
		{
			"from": [8.52009, 12.05456, 7.875],
			"to": [8.79353, 12.36706, 8.125],
			"rotation": {"angle": -22.5, "axis": "z", "origin": [8, 8, 8]},
			"faces": {
				"north": {"uv": [0, 0.67556, 0.25, 0.92556], "texture": "#1"},
				"south": {"uv": [0, 0.67556, 0.25, 0.92556], "texture": "#1"},
				"up": {"uv": [0, 0.67556, 0.25, 0.92556], "texture": "#1"}
			}
		},
		{
			"from": [11.39909, 10.27687, 7.875],
			"to": [11.64909, 10.52687, 8.125],
			"rotation": {"angle": 22.5, "axis": "z", "origin": [8, 8, 8]},
			"faces": {
				"north": {"uv": [0, 0.67556, 0.25, 0.92556], "texture": "#1"},
				"east": {"uv": [0, 0.67556, 0.25, 0.92556], "texture": "#1"},
				"south": {"uv": [0, 0.67556, 0.25, 0.92556], "texture": "#1"}
			}
		},
		{
			"from": [4.35091, 5.47313, 7.875],
			"to": [4.60091, 5.72313, 8.125],
			"rotation": {"angle": 22.5, "axis": "z", "origin": [8, 8, 8]},
			"faces": {
				"north": {"uv": [9.86667, 15.21778, 10.11556, 15.46667], "texture": "#1"},
				"south": {"uv": [9.86667, 15.21778, 10.11556, 15.46667], "texture": "#1"},
				"west": {"uv": [9.86667, 15.21778, 10.11556, 15.46667], "texture": "#1"}
			}
		},
		{
			"from": [7.20647, 3.63294, 7.875],
			"to": [7.47991, 3.94544, 8.125],
			"rotation": {"angle": -22.5, "axis": "z", "origin": [8, 8, 8]},
			"faces": {
				"north": {"uv": [9.86667, 15.21778, 10.11556, 15.46667], "texture": "#1"},
				"south": {"uv": [9.86667, 15.21778, 10.11556, 15.46667], "texture": "#1"},
				"down": {"uv": [9.86667, 15.21778, 10.11556, 15.46667], "texture": "#1"}
			}
		},
		{
			"from": [5.84766, 4.16406, 7.875],
			"to": [10.15234, 4.5, 8.125],
			"rotation": {"angle": 0, "axis": "y", "origin": [8, 8, 8]},
			"faces": {
				"north": {"uv": [0.7467, 15.37778, 9.68892, 16], "texture": "#1"},
				"east": {"uv": [1, 1, 2, 2], "texture": "#0"},
				"south": {"uv": [9.68892, 15.37778, 0.7467, 16], "texture": "#1"},
				"west": {"uv": [1, 1, 2, 2], "texture": "#0"},
				"down": {"uv": [9.68892, 15.37778, 0.7467, 16], "texture": "#1"}
			}
		},
		{
			"from": [8.52009, 3.63294, 7.875],
			"to": [8.79353, 3.94544, 8.125],
			"rotation": {"angle": 22.5, "axis": "z", "origin": [8, 8, 8]},
			"faces": {
				"north": {"uv": [0.39111, 15.34222, 0.64, 15.59111], "texture": "#1"},
				"south": {"uv": [0.39111, 15.34222, 0.64, 15.59111], "texture": "#1"},
				"down": {"uv": [0.39111, 15.34222, 0.64, 15.59111], "texture": "#1"}
			}
		},
		{
			"from": [11.39909, 5.47313, 7.875],
			"to": [11.64909, 5.72313, 8.125],
			"rotation": {"angle": -22.5, "axis": "z", "origin": [8, 8, 8]},
			"faces": {
				"north": {"uv": [0.39111, 15.34222, 0.64, 15.59111], "texture": "#1"},
				"east": {"uv": [0.39111, 15.34222, 0.64, 15.59111], "texture": "#1"},
				"south": {"uv": [0.39111, 15.34222, 0.64, 15.59111], "texture": "#1"}
			}
		}
	],
	"display": {
		"thirdperson_righthand": {
			"rotation": [0, -180, 0],
			"translation": [0, 3.25, 0.5]
		},
		"thirdperson_lefthand": {
			"rotation": [0, -180, 0],
			"translation": [0, 3.25, 0.5]
		},
		"firstperson_righthand": {
			"rotation": [-14, 162, 9],
			"translation": [-3.5, 6.5, 4.75]
		},
		"firstperson_lefthand": {
			"rotation": [-14, 162, 9],
			"translation": [-3.5, 6.5, 4.75]
		},
		"gui": {
			"rotation": [20, -160, 0],
			"scale": [2, 2, 2]
		},
		"head": {
			"translation": [0, 13.75, 5.75],
			"scale": [2, 2, 2]
		},
		"fixed": {
			"scale": [2, 2, 2]
		}
	},
	"groups": [0, 1,
		{
			"name": "group",
			"origin": [8, 11.61623, 8],
			"children": [2, 3, 4, 5, 6]
		},
		{
			"name": "group",
			"origin": [8, 11.61623, 8],
			"children": [7, 8, 9, 10, 11]
		}
	]
}