{
	"credit": "Made by Daminator4113, with Blockbench",
	"textures": {
		"0": "custom/telephone/boitier",
		"1": "custom/white_light",
		"2": "block/black_concrete",
		"3": "block/emerald_block",
		"4": "custom/telephone/ecran",
		"particle": "custom/telephone/boitier"
	},
	"elements": [
		{
			"name": "voyant",
			"from": [4.325, 1.5, 11.55],
			"to": [5.075, 1.625, 11.925],
			"rotation": {"angle": 0, "axis": "y", "origin": [7.5, 1.48438, 7.5]},
			"faces": {
				"north": {"uv": [0, 0, 1, 1], "texture": "#3"},
				"east": {"uv": [0, 0, 1, 1], "texture": "#3"},
				"south": {"uv": [0, 0, 1, 1], "texture": "#3"},
				"west": {"uv": [0, 0, 1, 1], "texture": "#3"},
				"up": {"uv": [0, 0, 1, 1], "texture": "#3"}
			}
		},
		{
			"from": [4.2, 0, 4.175],
			"to": [12.2, 1, 12.175],
			"rotation": {"angle": 0, "axis": "y", "origin": [7.5, 1.48438, 7.5]},
			"faces": {
				"north": {"uv": [3.8, 15, 11.8, 16], "texture": "#0"},
				"east": {"uv": [3.825, 15, 11.825, 16], "texture": "#0"},
				"south": {"uv": [4.2, 15, 12.2, 16], "texture": "#0"},
				"west": {"uv": [4.175, 15, 12.175, 16], "texture": "#0"},
				"up": {"uv": [4.2, 4.175, 12.2, 12.175], "texture": "#0"},
				"down": {"uv": [4.2, 3.825, 12.2, 11.825], "texture": "#0"}
			}
		},
		{
			"from": [4.2, 1, 4.175],
			"to": [9.2, 1.5, 12.175],
			"rotation": {"angle": 0, "axis": "y", "origin": [7.5, 1.48438, 7.5]},
			"faces": {
				"north": {"uv": [6.8, 14.5, 11.8, 15], "texture": "#0"},
				"east": {"uv": [3.825, 14.5, 11.825, 15], "texture": "#0"},
				"south": {"uv": [4.2, 14.5, 9.2, 15], "texture": "#0"},
				"west": {"uv": [4.175, 14.5, 12.175, 15], "texture": "#0"},
				"up": {"uv": [4.2, 4.175, 9.2, 12.175], "texture": "#0"}
			}
		},
		{
			"from": [11.7, 1, 4.175],
			"to": [12.2, 1.5, 12.175],
			"rotation": {"angle": 0, "axis": "y", "origin": [7.5, 1.48438, 7.5]},
			"faces": {
				"north": {"uv": [3.8, 14.5, 4.3, 15], "texture": "#0"},
				"east": {"uv": [3.825, 14.5, 11.825, 15], "texture": "#0"},
				"south": {"uv": [11.7, 14.5, 12.2, 15], "texture": "#0"},
				"west": {"uv": [4.175, 14.5, 12.175, 15], "texture": "#0"},
				"up": {"uv": [11.7, 4.175, 12.2, 12.175], "texture": "#0"}
			}
		},
		{
			"from": [9.2, 1, 6.675],
			"to": [11.7, 1.5, 10.175],
			"rotation": {"angle": 0, "axis": "y", "origin": [7.5, 1.48438, 7.5]},
			"faces": {
				"north": {"uv": [4.3, 14.5, 6.8, 15], "texture": "#0"},
				"east": {"uv": [5.825, 14.5, 9.325, 15], "texture": "#0"},
				"south": {"uv": [9.2, 14.5, 11.7, 15], "texture": "#0"},
				"west": {"uv": [6.675, 14.5, 10.175, 15], "texture": "#0"},
				"up": {"uv": [9.2, 6.675, 11.7, 10.175], "texture": "#0"}
			}
		},
		{
			"from": [9.45, 1.5, 7.8],
			"to": [11.45, 1.625, 9.3],
			"rotation": {"angle": 0, "axis": "y", "origin": [7.5, 1.48438, 7.5]},
			"faces": {
				"north": {"uv": [4.55, 14.375, 6.55, 14.5], "texture": "#0"},
				"east": {"uv": [6.7, 14.375, 8.2, 14.5], "texture": "#0"},
				"south": {"uv": [9.45, 14.375, 11.45, 14.5], "texture": "#0"},
				"west": {"uv": [7.8, 14.375, 9.3, 14.5], "texture": "#0"},
				"up": {"uv": [9.45, 7.8, 11.45, 9.3], "texture": "#0"}
			}
		},
		{
			"from": [9.2, 1, 4.175],
			"to": [11.7, 1.5, 4.675],
			"rotation": {"angle": 0, "axis": "y", "origin": [7.5, 1.48438, 7.5]},
			"faces": {
				"north": {"uv": [4.3, 14.5, 6.8, 15], "texture": "#0"},
				"south": {"uv": [9.2, 14.5, 11.7, 15], "texture": "#0"},
				"up": {"uv": [9.2, 4.175, 11.7, 4.675], "texture": "#0"}
			}
		},
		{
			"name": "ecran",
			"from": [5.325, 1.5, 9.175],
			"to": [8.075, 1.625, 11.175],
			"rotation": {"angle": 0, "axis": "y", "origin": [6.7, 1.5625, 10.175]},
			"faces": {
				"north": {"uv": [0, 0, 1, 1], "texture": "#4"},
				"east": {"uv": [0, 0, 1, 1], "texture": "#4"},
				"south": {"uv": [0, 0, 1, 1], "texture": "#4"},
				"west": {"uv": [0, 0, 1, 1], "texture": "#4"},
				"up": {"uv": [0, 2.375, 16, 12.375], "rotation": 180, "texture": "#4"}
			}
		},
		{
			"from": [6.325, 1.5, 7.925],
			"to": [7.075, 1.75, 8.675],
			"rotation": {"angle": 0, "axis": "y", "origin": [7.5, 1.48438, 7.5]},
			"faces": {
				"north": {"uv": [0, 0, 1, 1], "texture": "#1"},
				"east": {"uv": [0, 0, 1, 1], "texture": "#1"},
				"south": {"uv": [0, 0, 1, 1], "texture": "#1"},
				"west": {"uv": [0, 0, 1, 1], "texture": "#1"},
				"up": {"uv": [0, 0, 1, 1], "texture": "#1"}
			}
		},
		{
			"from": [6.325, 1.5, 6.925],
			"to": [7.075, 1.75, 7.675],
			"rotation": {"angle": 0, "axis": "y", "origin": [7.5, 1.48438, 7.5]},
			"faces": {
				"north": {"uv": [0, 0, 1, 1], "texture": "#1"},
				"east": {"uv": [0, 0, 1, 1], "texture": "#1"},
				"south": {"uv": [0, 0, 1, 1], "texture": "#1"},
				"west": {"uv": [0, 0, 1, 1], "texture": "#1"},
				"up": {"uv": [0, 0, 1, 1], "texture": "#1"}
			}
		},
		{
			"from": [6.325, 1.5, 5.925],
			"to": [7.075, 1.75, 6.675],
			"rotation": {"angle": 0, "axis": "y", "origin": [7.5, 1.48438, 7.5]},
			"faces": {
				"north": {"uv": [0, 0, 1, 1], "texture": "#1"},
				"east": {"uv": [0, 0, 1, 1], "texture": "#1"},
				"south": {"uv": [0, 0, 1, 1], "texture": "#1"},
				"west": {"uv": [0, 0, 1, 1], "texture": "#1"},
				"up": {"uv": [0, 0, 1, 1], "texture": "#1"}
			}
		},
		{
			"from": [6.325, 1.5, 5.3],
			"to": [7.075, 1.75, 5.675],
			"rotation": {"angle": 0, "axis": "y", "origin": [7.5, 1.48438, 7.5]},
			"faces": {
				"north": {"uv": [0, 0, 1, 1], "texture": "#1"},
				"east": {"uv": [0, 0, 1, 1], "texture": "#1"},
				"south": {"uv": [0, 0, 1, 1], "texture": "#1"},
				"west": {"uv": [0, 0, 1, 1], "texture": "#1"},
				"up": {"uv": [0, 0, 1, 1], "texture": "#1"}
			}
		},
		{
			"from": [5.325, 1.5, 7.925],
			"to": [6.075, 1.75, 8.675],
			"rotation": {"angle": 0, "axis": "y", "origin": [7.5, 1.48438, 7.5]},
			"faces": {
				"north": {"uv": [0, 0, 1, 1], "texture": "#1"},
				"east": {"uv": [0, 0, 1, 1], "texture": "#1"},
				"south": {"uv": [0, 0, 1, 1], "texture": "#1"},
				"west": {"uv": [0, 0, 1, 1], "texture": "#1"},
				"up": {"uv": [0, 0, 1, 1], "texture": "#1"}
			}
		},
		{
			"from": [5.325, 1.5, 6.925],
			"to": [6.075, 1.75, 7.675],
			"rotation": {"angle": 0, "axis": "y", "origin": [7.5, 1.48438, 7.5]},
			"faces": {
				"north": {"uv": [0, 0, 1, 1], "texture": "#1"},
				"east": {"uv": [0, 0, 1, 1], "texture": "#1"},
				"south": {"uv": [0, 0, 1, 1], "texture": "#1"},
				"west": {"uv": [0, 0, 1, 1], "texture": "#1"},
				"up": {"uv": [0, 0, 1, 1], "texture": "#1"}
			}
		},
		{
			"from": [5.325, 1.5, 5.925],
			"to": [6.075, 1.75, 6.675],
			"rotation": {"angle": 0, "axis": "y", "origin": [7.5, 1.48438, 7.5]},
			"faces": {
				"north": {"uv": [0, 0, 1, 1], "texture": "#1"},
				"east": {"uv": [0, 0, 1, 1], "texture": "#1"},
				"south": {"uv": [0, 0, 1, 1], "texture": "#1"},
				"west": {"uv": [0, 0, 1, 1], "texture": "#1"},
				"up": {"uv": [0, 0, 1, 1], "texture": "#1"}
			}
		},
		{
			"from": [5.325, 1.5, 5.3],
			"to": [6.075, 1.75, 5.675],
			"rotation": {"angle": 0, "axis": "y", "origin": [7.5, 1.48438, 7.5]},
			"faces": {
				"north": {"uv": [0, 0, 1, 1], "texture": "#1"},
				"east": {"uv": [0, 0, 1, 1], "texture": "#1"},
				"south": {"uv": [0, 0, 1, 1], "texture": "#1"},
				"west": {"uv": [0, 0, 1, 1], "texture": "#1"},
				"up": {"uv": [0, 0, 1, 1], "texture": "#1"}
			}
		},
		{
			"from": [7.325, 1.5, 7.925],
			"to": [8.075, 1.75, 8.675],
			"rotation": {"angle": 0, "axis": "y", "origin": [7.5, 1.48438, 7.5]},
			"faces": {
				"north": {"uv": [0, 0, 1, 1], "texture": "#1"},
				"east": {"uv": [0, 0, 1, 1], "texture": "#1"},
				"south": {"uv": [0, 0, 1, 1], "texture": "#1"},
				"west": {"uv": [0, 0, 1, 1], "texture": "#1"},
				"up": {"uv": [0, 0, 1, 1], "texture": "#1"}
			}
		},
		{
			"from": [7.325, 1.5, 6.925],
			"to": [8.075, 1.75, 7.675],
			"rotation": {"angle": 0, "axis": "y", "origin": [7.5, 1.48438, 7.5]},
			"faces": {
				"north": {"uv": [0, 0, 1, 1], "texture": "#1"},
				"east": {"uv": [0, 0, 1, 1], "texture": "#1"},
				"south": {"uv": [0, 0, 1, 1], "texture": "#1"},
				"west": {"uv": [0, 0, 1, 1], "texture": "#1"},
				"up": {"uv": [0, 0, 1, 1], "texture": "#1"}
			}
		},
		{
			"from": [7.325, 1.5, 5.925],
			"to": [8.075, 1.75, 6.675],
			"rotation": {"angle": 0, "axis": "y", "origin": [7.5, 1.48438, 7.5]},
			"faces": {
				"north": {"uv": [0, 0, 1, 1], "texture": "#1"},
				"east": {"uv": [0, 0, 1, 1], "texture": "#1"},
				"south": {"uv": [0, 0, 1, 1], "texture": "#1"},
				"west": {"uv": [0, 0, 1, 1], "texture": "#1"},
				"up": {"uv": [0, 0, 1, 1], "texture": "#1"}
			}
		},
		{
			"from": [7.325, 1.5, 5.3],
			"to": [8.075, 1.75, 5.675],
			"rotation": {"angle": 0, "axis": "y", "origin": [7.5, 1.48438, 7.5]},
			"faces": {
				"north": {"uv": [0, 0, 1, 1], "texture": "#1"},
				"east": {"uv": [0, 0, 1, 1], "texture": "#1"},
				"south": {"uv": [0, 0, 1, 1], "texture": "#1"},
				"west": {"uv": [0, 0, 1, 1], "texture": "#1"},
				"up": {"uv": [0, 0, 1, 1], "texture": "#1"}
			}
		},
		{
			"from": [9.45, 1, 10.425],
			"to": [11.45, 1.75, 11.925],
			"rotation": {"angle": 0, "axis": "y", "origin": [7.5, 0.98438, 10.125]},
			"faces": {
				"north": {"uv": [4.55, 14.25, 6.55, 15], "texture": "#0"},
				"east": {"uv": [4.075, 14.25, 5.575, 15], "texture": "#0"},
				"south": {"uv": [9.45, 14.25, 11.45, 15], "texture": "#0"},
				"west": {"uv": [10.425, 14.25, 11.925, 15], "texture": "#0"},
				"down": {"uv": [9.45, 4.075, 11.45, 5.575], "texture": "#0"}
			}
		},
		{
			"from": [9.45, 1, 4.95],
			"to": [11.45, 1.75, 6.45],
			"rotation": {"angle": 0, "axis": "y", "origin": [7.5, 0.98438, 6.75]},
			"faces": {
				"north": {"uv": [4.55, 14.25, 6.55, 15], "texture": "#0"},
				"east": {"uv": [9.55, 14.25, 11.05, 15], "texture": "#0"},
				"south": {"uv": [9.45, 14.25, 11.45, 15], "texture": "#0"},
				"west": {"uv": [4.95, 14.25, 6.45, 15], "texture": "#0"},
				"down": {"uv": [9.45, 9.55, 11.45, 11.05], "texture": "#0"}
			}
		},
		{
			"from": [9.45, 1.31556, 10.21358],
			"to": [11.45, 2.06556, 11.83858],
			"rotation": {"angle": 22.5, "axis": "x", "origin": [10.45, 1.69056, 11.08858]},
			"faces": {
				"north": {"uv": [4.55, 13.93444, 6.55, 14.68444], "texture": "#0"},
				"east": {"uv": [4.16142, 13.93444, 5.78642, 14.68444], "texture": "#0"},
				"south": {"uv": [9.45, 13.93444, 11.45, 14.68444], "texture": "#0"},
				"west": {"uv": [10.21358, 13.93444, 11.83858, 14.68444], "texture": "#0"},
				"up": {"uv": [9.45, 10.21358, 11.45, 11.83858], "texture": "#0"},
				"down": {"uv": [9.45, 4.16142, 11.45, 5.78642], "texture": "#0"}
			}
		},
		{
			"from": [9.45, 1.31556, 5.03642],
			"to": [11.45, 2.06556, 6.66142],
			"rotation": {"angle": -22.5, "axis": "x", "origin": [10.45, 1.69056, 5.78642]},
			"faces": {
				"north": {"uv": [4.55, 13.93444, 6.55, 14.68444], "texture": "#0"},
				"east": {"uv": [9.33858, 13.93444, 10.96358, 14.68444], "texture": "#0"},
				"south": {"uv": [9.45, 13.93444, 11.45, 14.68444], "texture": "#0"},
				"west": {"uv": [5.03642, 13.93444, 6.66142, 14.68444], "texture": "#0"},
				"up": {"uv": [9.45, 5.03642, 11.45, 6.66142], "texture": "#0"},
				"down": {"uv": [9.45, 9.33858, 11.45, 10.96358], "texture": "#0"}
			}
		},
		{
			"from": [9.45, 1.62186, 6.4237],
			"to": [11.45, 2.37186, 10.4237],
			"rotation": {"angle": 0, "axis": "x", "origin": [10.45, 1.99686, 9.6737]},
			"faces": {
				"east": {"uv": [5.5763, 13.62814, 9.5763, 14.37814], "texture": "#0"},
				"west": {"uv": [6.4237, 13.62814, 10.4237, 14.37814], "texture": "#0"},
				"up": {"uv": [9.45, 6.4237, 11.45, 10.4237], "texture": "#0"},
				"down": {"uv": [9.45, 5.5763, 11.45, 9.5763], "texture": "#0"}
			}
		},
		{
			"from": [10.325, 1.5, 4.075],
			"to": [10.575, 1.75, 5.075],
			"rotation": {"angle": 0, "axis": "y", "origin": [7.375, 0.98438, 5.375]},
			"faces": {
				"north": {"uv": [5.425, 14.25, 5.675, 14.5], "texture": "#2"},
				"east": {"uv": [10.925, 14.25, 11.925, 14.5], "texture": "#2"},
				"south": {"uv": [10.325, 14.25, 10.575, 14.5], "texture": "#2"},
				"west": {"uv": [4.075, 14.25, 5.075, 14.5], "texture": "#2"},
				"up": {"uv": [10.325, 4.075, 10.575, 5.075], "texture": "#2"},
				"down": {"uv": [10.325, 10.925, 10.575, 11.925], "texture": "#2"}
			}
		},
		{
			"from": [10.325, 1.31817, 3.5359],
			"to": [10.575, 1.56817, 4.1609],
			"rotation": {"angle": -22.5, "axis": "x", "origin": [10.45, 1.44317, 3.6609]},
			"faces": {
				"north": {"uv": [5.425, 14.43183, 5.675, 14.68183], "texture": "#2"},
				"east": {"uv": [11.8391, 14.43183, 12.4641, 14.68183], "texture": "#2"},
				"south": {"uv": [10.325, 14.43183, 10.575, 14.68183], "texture": "#2"},
				"west": {"uv": [3.5359, 14.43183, 4.1609, 14.68183], "texture": "#2"},
				"up": {"uv": [10.325, 3.5359, 10.575, 4.1609], "texture": "#2"},
				"down": {"uv": [10.325, 11.8391, 10.575, 12.4641], "texture": "#2"}
			}
		},
		{
			"from": [10.325, 1.07646, 3.30249],
			"to": [10.575, 1.32646, 3.67749],
			"rotation": {"angle": -45, "axis": "x", "origin": [10.45, 1.20146, 3.36499]},
			"faces": {
				"north": {"uv": [5.425, 14.67354, 5.675, 14.92354], "texture": "#2"},
				"east": {"uv": [12.32251, 14.67354, 12.69751, 14.92354], "texture": "#2"},
				"south": {"uv": [10.325, 14.67354, 10.575, 14.92354], "texture": "#2"},
				"west": {"uv": [3.30249, 14.67354, 3.67749, 14.92354], "texture": "#2"},
				"up": {"uv": [10.325, 3.30249, 10.575, 3.67749], "texture": "#2"},
				"down": {"uv": [10.325, 12.32251, 10.575, 12.69751], "texture": "#2"}
			}
		},
		{
			"from": [10.325, 0.62066, 3.23241],
			"to": [10.575, 1.24566, 3.48241],
			"rotation": {"angle": 0, "axis": "x", "origin": [10.45, 1.05816, 3.35741]},
			"faces": {
				"north": {"uv": [5.425, 14.75434, 5.675, 15.37934], "rotation": 180, "texture": "#2"},
				"east": {"uv": [12.51759, 14.75434, 12.76759, 15.37934], "rotation": 90, "texture": "#2"},
				"south": {"uv": [10.325, 14.75434, 10.575, 15.37934], "texture": "#2"},
				"west": {"uv": [3.23241, 14.75434, 3.48241, 15.37934], "rotation": 270, "texture": "#2"},
				"up": {"uv": [10.325, 3.23241, 10.575, 3.48241], "texture": "#2"},
				"down": {"uv": [10.325, 12.51759, 10.575, 12.76759], "rotation": 180, "texture": "#2"}
			}
		},
		{
			"from": [10.43507, 0.19228, 3.23241],
			"to": [10.68507, 0.69228, 3.48241],
			"rotation": {"angle": 22.5, "axis": "z", "origin": [10.56007, 0.37978, 3.35741]},
			"faces": {
				"north": {"uv": [5.31493, 15.30772, 5.56493, 15.80772], "rotation": 180, "texture": "#2"},
				"east": {"uv": [12.51759, 15.30772, 12.76759, 15.80772], "rotation": 90, "texture": "#2"},
				"south": {"uv": [10.43507, 15.30772, 10.68507, 15.80772], "texture": "#2"},
				"west": {"uv": [3.23241, 15.30772, 3.48241, 15.80772], "rotation": 270, "texture": "#2"},
				"up": {"uv": [10.43507, 3.23241, 10.68507, 3.48241], "texture": "#2"},
				"down": {"uv": [10.43507, 12.51759, 10.68507, 12.76759], "rotation": 180, "texture": "#2"}
			}
		},
		{
			"from": [10.54515, 0.05353, 3.23241],
			"to": [11.04515, 0.30353, 3.48241],
			"rotation": {"angle": -22.5, "axis": "z", "origin": [10.79515, 0.17853, 3.35741]},
			"faces": {
				"north": {"uv": [4.95485, 15.69647, 5.45485, 15.94647], "rotation": 270, "texture": "#2"},
				"east": {"uv": [12.51759, 15.69647, 12.76759, 15.94647], "rotation": 90, "texture": "#2"},
				"south": {"uv": [10.54515, 15.69647, 11.04515, 15.94647], "rotation": 270, "texture": "#2"},
				"west": {"uv": [3.23241, 15.69647, 3.48241, 15.94647], "rotation": 270, "texture": "#2"},
				"up": {"uv": [10.54515, 3.23241, 11.04515, 3.48241], "texture": "#2"},
				"down": {"uv": [10.54515, 12.51759, 11.04515, 12.76759], "rotation": 180, "texture": "#2"}
			}
		},
		{
			"from": [10.97828, -0.03262, 3.23241],
			"to": [12.60328, 0.21738, 3.48241],
			"rotation": {"angle": 0, "axis": "z", "origin": [11.22828, 0.09238, 3.35741]},
			"faces": {
				"north": {"uv": [3.39672, 15.78262, 5.02172, 16], "rotation": 270, "texture": "#2"},
				"east": {"uv": [12.51759, 15.78262, 12.76759, 16], "rotation": 90, "texture": "#2"},
				"south": {"uv": [10.97828, 15.78262, 12.60328, 16], "rotation": 270, "texture": "#2"},
				"west": {"uv": [3.23241, 15.78262, 3.48241, 16], "rotation": 270, "texture": "#2"},
				"up": {"uv": [10.97828, 3.23241, 12.60328, 3.48241], "texture": "#2"},
				"down": {"uv": [10.97828, 12.51759, 12.60328, 12.76759], "rotation": 180, "texture": "#2"}
			}
		},
		{
			"from": [12.52214, -0.03262, 3.39032],
			"to": [13.39714, 0.21738, 3.64032],
			"rotation": {"angle": -22.5, "axis": "y", "origin": [12.95964, 0.09238, 3.51532]},
			"faces": {
				"north": {"uv": [2.60286, 15.78262, 3.47786, 16], "rotation": 270, "texture": "#2"},
				"east": {"uv": [12.35968, 15.78262, 12.60968, 16], "rotation": 90, "texture": "#2"},
				"south": {"uv": [12.52214, 15.78262, 13.39714, 16], "rotation": 270, "texture": "#2"},
				"west": {"uv": [3.39032, 15.78262, 3.64032, 16], "rotation": 270, "texture": "#2"},
				"up": {"uv": [12.52214, 3.39032, 13.39714, 3.64032], "texture": "#2"},
				"down": {"uv": [12.52214, 12.35968, 13.39714, 12.60968], "rotation": 180, "texture": "#2"}
			}
		},
		{
			"from": [13.19515, -0.03262, 3.84001],
			"to": [14.07015, 0.21738, 4.09001],
			"rotation": {"angle": -45, "axis": "y", "origin": [13.63265, 0.09238, 3.96501]},
			"faces": {
				"north": {"uv": [1.92985, 15.78262, 2.80485, 16], "rotation": 270, "texture": "#2"},
				"east": {"uv": [11.90999, 15.78262, 12.15999, 16], "rotation": 90, "texture": "#2"},
				"south": {"uv": [13.19515, 15.78262, 14.07015, 16], "rotation": 270, "texture": "#2"},
				"west": {"uv": [3.84001, 15.78262, 4.09001, 16], "rotation": 270, "texture": "#2"},
				"up": {"uv": [13.19515, 3.84001, 14.07015, 4.09001], "texture": "#2"},
				"down": {"uv": [13.19515, 11.90999, 14.07015, 12.15999], "rotation": 180, "texture": "#2"}
			}
		},
		{
			"from": [13.95733, -0.03262, 4.20051],
			"to": [14.20733, 0.21738, 5.07551],
			"rotation": {"angle": 22.5, "axis": "y", "origin": [14.08233, 0.09238, 4.63801]},
			"faces": {
				"north": {"uv": [1.79267, 15.78262, 2.04267, 16], "rotation": 270, "texture": "#2"},
				"east": {"uv": [10.92449, 15.78262, 11.79949, 16], "rotation": 270, "texture": "#2"},
				"south": {"uv": [13.95733, 15.78262, 14.20733, 16], "rotation": 90, "texture": "#2"},
				"west": {"uv": [4.20051, 15.78262, 5.07551, 16], "rotation": 270, "texture": "#2"},
				"up": {"uv": [13.95733, 4.20051, 14.20733, 5.07551], "rotation": 90, "texture": "#2"},
				"down": {"uv": [13.95733, 10.92449, 14.20733, 11.79949], "rotation": 90, "texture": "#2"}
			}
		},
		{
			"from": [14.11524, -0.03262, 4.99437],
			"to": [14.36524, 0.21738, 5.86937],
			"rotation": {"angle": 0, "axis": "y", "origin": [14.24024, 0.09238, 5.43187]},
			"faces": {
				"north": {"uv": [1.63476, 15.78262, 1.88476, 16], "rotation": 270, "texture": "#2"},
				"east": {"uv": [10.13063, 15.78262, 11.00563, 16], "rotation": 270, "texture": "#2"},
				"south": {"uv": [14.11524, 15.78262, 14.36524, 16], "rotation": 90, "texture": "#2"},
				"west": {"uv": [4.99437, 15.78262, 5.86937, 16], "rotation": 270, "texture": "#2"},
				"up": {"uv": [14.11524, 4.99437, 14.36524, 5.86937], "rotation": 90, "texture": "#2"},
				"down": {"uv": [14.11524, 10.13063, 14.36524, 11.00563], "rotation": 90, "texture": "#2"}
			}
		},
		{
			"from": [13.95733, -0.03262, 5.78823],
			"to": [14.20733, 0.21738, 7.41323],
			"rotation": {"angle": -22.5, "axis": "y", "origin": [14.08233, 0.09238, 6.22573]},
			"faces": {
				"north": {"uv": [1.79267, 15.78262, 2.04267, 16], "rotation": 270, "texture": "#2"},
				"east": {"uv": [8.58677, 15.78262, 10.21177, 16], "rotation": 270, "texture": "#2"},
				"south": {"uv": [13.95733, 15.78262, 14.20733, 16], "rotation": 90, "texture": "#2"},
				"west": {"uv": [5.78823, 15.78262, 7.41323, 16], "rotation": 270, "texture": "#2"},
				"up": {"uv": [13.95733, 5.78823, 14.20733, 7.41323], "rotation": 90, "texture": "#2"},
				"down": {"uv": [13.95733, 8.58677, 14.20733, 10.21177], "rotation": 90, "texture": "#2"}
			}
		},
		{
			"from": [13.22063, -0.03262, 7.15415],
			"to": [13.47063, 0.21738, 8.02915],
			"rotation": {"angle": -45, "axis": "y", "origin": [13.34563, 0.09238, 7.59165]},
			"faces": {
				"north": {"uv": [2.52937, 15.78262, 2.77937, 16], "rotation": 270, "texture": "#2"},
				"east": {"uv": [7.97085, 15.78262, 8.84585, 16], "rotation": 270, "texture": "#2"},
				"south": {"uv": [13.22063, 15.78262, 13.47063, 16], "rotation": 90, "texture": "#2"},
				"west": {"uv": [7.15415, 15.78262, 8.02915, 16], "rotation": 270, "texture": "#2"},
				"up": {"uv": [13.22063, 7.15415, 13.47063, 8.02915], "rotation": 90, "texture": "#2"},
				"down": {"uv": [13.22063, 7.97085, 13.47063, 8.84585], "rotation": 90, "texture": "#2"}
			}
		},
		{
			"from": [12.77095, -0.03262, 7.82715],
			"to": [13.02095, 0.21738, 8.70215],
			"rotation": {"angle": -22.5, "axis": "y", "origin": [12.89595, 0.09238, 8.26465]},
			"faces": {
				"north": {"uv": [2.97905, 15.78262, 3.22905, 16], "rotation": 270, "texture": "#2"},
				"east": {"uv": [7.29785, 15.78262, 8.17285, 16], "rotation": 270, "texture": "#2"},
				"south": {"uv": [12.77095, 15.78262, 13.02095, 16], "rotation": 90, "texture": "#2"},
				"west": {"uv": [7.82715, 15.78262, 8.70215, 16], "rotation": 270, "texture": "#2"},
				"up": {"uv": [12.77095, 7.82715, 13.02095, 8.70215], "rotation": 90, "texture": "#2"},
				"down": {"uv": [12.77095, 7.29785, 13.02095, 8.17285], "rotation": 90, "texture": "#2"}
			}
		},
		{
			"from": [12.61304, -0.03262, 8.62101],
			"to": [12.86304, 0.21738, 9.49601],
			"rotation": {"angle": 0, "axis": "y", "origin": [12.73804, 0.09238, 9.05851]},
			"faces": {
				"north": {"uv": [3.13696, 15.78262, 3.38696, 16], "rotation": 270, "texture": "#2"},
				"east": {"uv": [6.50399, 15.78262, 7.37899, 16], "rotation": 270, "texture": "#2"},
				"south": {"uv": [12.61304, 15.78262, 12.86304, 16], "rotation": 90, "texture": "#2"},
				"west": {"uv": [8.62101, 15.78262, 9.49601, 16], "rotation": 270, "texture": "#2"},
				"up": {"uv": [12.61304, 8.62101, 12.86304, 9.49601], "rotation": 90, "texture": "#2"},
				"down": {"uv": [12.61304, 6.50399, 12.86304, 7.37899], "rotation": 90, "texture": "#2"}
			}
		},
		{
			"from": [12.77095, -0.03262, 9.41487],
			"to": [13.02095, 0.21738, 10.28987],
			"rotation": {"angle": 22.5, "axis": "y", "origin": [12.89595, 0.09238, 9.85237]},
			"faces": {
				"north": {"uv": [2.97905, 15.78262, 3.22905, 16], "rotation": 270, "texture": "#2"},
				"east": {"uv": [5.71013, 15.78262, 6.58513, 16], "rotation": 270, "texture": "#2"},
				"south": {"uv": [12.77095, 15.78262, 13.02095, 16], "rotation": 90, "texture": "#2"},
				"west": {"uv": [9.41487, 15.78262, 10.28987, 16], "rotation": 270, "texture": "#2"},
				"up": {"uv": [12.77095, 9.41487, 13.02095, 10.28987], "rotation": 90, "texture": "#2"},
				"down": {"uv": [12.77095, 5.71013, 13.02095, 6.58513], "rotation": 90, "texture": "#2"}
			}
		},
		{
			"from": [13.22063, -0.03262, 10.08788],
			"to": [13.47063, 0.21738, 10.96288],
			"rotation": {"angle": 45, "axis": "y", "origin": [13.34563, 0.09238, 10.52538]},
			"faces": {
				"north": {"uv": [2.52937, 15.78262, 2.77937, 16], "rotation": 270, "texture": "#2"},
				"east": {"uv": [5.03712, 15.78262, 5.91212, 16], "rotation": 270, "texture": "#2"},
				"south": {"uv": [13.22063, 15.78262, 13.47063, 16], "rotation": 90, "texture": "#2"},
				"west": {"uv": [10.08788, 15.78262, 10.96288, 16], "rotation": 270, "texture": "#2"},
				"up": {"uv": [13.22063, 10.08788, 13.47063, 10.96288], "rotation": 90, "texture": "#2"},
				"down": {"uv": [13.22063, 5.03712, 13.47063, 5.91212], "rotation": 90, "texture": "#2"}
			}
		},
		{
			"from": [13.40136, -0.03262, 12.19359],
			"to": [13.65136, 0.21738, 13.06859],
			"rotation": {"angle": -22.5, "axis": "y", "origin": [13.2712, 0.09238, 13.38467]},
			"faces": {
				"north": {"uv": [2.34864, 15.78262, 2.59864, 16], "rotation": 270, "texture": "#2"},
				"east": {"uv": [2.93141, 15.78262, 3.80641, 16], "rotation": 270, "texture": "#2"},
				"south": {"uv": [13.40136, 15.78262, 13.65136, 16], "rotation": 90, "texture": "#2"},
				"west": {"uv": [12.19359, 15.78262, 13.06859, 16], "rotation": 270, "texture": "#2"},
				"up": {"uv": [13.40136, 12.19359, 13.65136, 13.06859], "rotation": 90, "texture": "#2"},
				"down": {"uv": [13.40136, 2.93141, 13.65136, 3.80641], "rotation": 90, "texture": "#2"}
			}
		},
		{
			"from": [8.58395, -0.03262, 13.32803],
			"to": [9.45895, 0.21738, 13.57803],
			"rotation": {"angle": -45, "axis": "y", "origin": [8.26788, 0.09238, 13.19786]},
			"faces": {
				"north": {"uv": [6.54105, 15.78262, 7.41605, 16], "rotation": 270, "texture": "#2"},
				"east": {"uv": [2.42197, 15.78262, 2.67197, 16], "rotation": 270, "texture": "#2"},
				"south": {"uv": [8.58395, 15.78262, 9.45895, 16], "rotation": 270, "texture": "#2"},
				"west": {"uv": [13.32803, 15.78262, 13.57803, 16], "rotation": 90, "texture": "#2"},
				"up": {"uv": [8.58395, 13.32803, 9.45895, 13.57803], "rotation": 180, "texture": "#2"},
				"down": {"uv": [8.58395, 2.42197, 9.45895, 2.67197], "texture": "#2"}
			}
		},
		{
			"from": [9.64967, -0.03262, 14.39375],
			"to": [10.52467, 0.21738, 14.64375],
			"rotation": {"angle": 0, "axis": "y", "origin": [10.4841, 0.09238, 14.43979]},
			"faces": {
				"north": {"uv": [5.47533, 15.78262, 6.35033, 16], "rotation": 270, "texture": "#2"},
				"east": {"uv": [1.35625, 15.78262, 1.60625, 16], "rotation": 270, "texture": "#2"},
				"south": {"uv": [9.64967, 15.78262, 10.52467, 16], "rotation": 270, "texture": "#2"},
				"west": {"uv": [14.39375, 15.78262, 14.64375, 16], "rotation": 90, "texture": "#2"},
				"up": {"uv": [9.64967, 14.39375, 10.52467, 14.64375], "rotation": 180, "texture": "#2"},
				"down": {"uv": [9.64967, 1.35625, 10.52467, 1.60625], "texture": "#2"}
			}
		},
		{
			"from": [8.85581, -0.03262, 14.23584],
			"to": [9.73081, 0.21738, 14.48584],
			"rotation": {"angle": -22.5, "axis": "y", "origin": [9.29331, 0.09238, 14.36084]},
			"faces": {
				"north": {"uv": [6.26919, 15.78262, 7.14419, 16], "rotation": 270, "texture": "#2"},
				"east": {"uv": [1.51416, 15.78262, 1.76416, 16], "rotation": 270, "texture": "#2"},
				"south": {"uv": [8.85581, 15.78262, 9.73081, 16], "rotation": 270, "texture": "#2"},
				"west": {"uv": [14.23584, 15.78262, 14.48584, 16], "rotation": 90, "texture": "#2"},
				"up": {"uv": [8.85581, 14.23584, 9.73081, 14.48584], "rotation": 180, "texture": "#2"},
				"down": {"uv": [8.85581, 1.51416, 9.73081, 1.76416], "texture": "#2"}
			}
		},
		{
			"from": [10.44353, -0.03262, 14.39375],
			"to": [11.31853, 0.21738, 14.64375],
			"rotation": {"angle": 22.5, "axis": "y", "origin": [10.4841, 0.09238, 14.43979]},
			"faces": {
				"north": {"uv": [4.68147, 15.78262, 5.55647, 16], "rotation": 270, "texture": "#2"},
				"east": {"uv": [1.35625, 15.78262, 1.60625, 16], "rotation": 270, "texture": "#2"},
				"south": {"uv": [10.44353, 15.78262, 11.31853, 16], "rotation": 270, "texture": "#2"},
				"west": {"uv": [14.39375, 15.78262, 14.64375, 16], "rotation": 90, "texture": "#2"},
				"up": {"uv": [10.44353, 14.39375, 11.31853, 14.64375], "rotation": 180, "texture": "#2"},
				"down": {"uv": [10.44353, 1.35625, 11.31853, 1.60625], "texture": "#2"}
			}
		},
		{
			"from": [11.2374, -0.03262, 14.07793],
			"to": [12.1124, 0.21738, 14.32793],
			"rotation": {"angle": 0, "axis": "y", "origin": [11.6749, 0.09238, 14.20293]},
			"faces": {
				"north": {"uv": [3.8876, 15.78262, 4.7626, 16], "rotation": 270, "texture": "#2"},
				"east": {"uv": [1.67207, 15.78262, 1.92207, 16], "rotation": 270, "texture": "#2"},
				"south": {"uv": [11.2374, 15.78262, 12.1124, 16], "rotation": 270, "texture": "#2"},
				"west": {"uv": [14.07793, 15.78262, 14.32793, 16], "rotation": 90, "texture": "#2"},
				"up": {"uv": [11.2374, 14.07793, 12.1124, 14.32793], "rotation": 180, "texture": "#2"},
				"down": {"uv": [11.2374, 1.67207, 12.1124, 1.92207], "texture": "#2"}
			}
		},
		{
			"from": [12.03126, -0.03262, 13.92002],
			"to": [13.03126, 0.21738, 14.17002],
			"rotation": {"angle": 22.5, "axis": "y", "origin": [12.46876, 0.09238, 14.04502]},
			"faces": {
				"north": {"uv": [2.96874, 15.78262, 3.96874, 16], "rotation": 270, "texture": "#2"},
				"east": {"uv": [1.82998, 15.78262, 2.07998, 16], "rotation": 270, "texture": "#2"},
				"south": {"uv": [12.03126, 15.78262, 13.03126, 16], "rotation": 270, "texture": "#2"},
				"west": {"uv": [13.92002, 15.78262, 14.17002, 16], "rotation": 90, "texture": "#2"},
				"up": {"uv": [12.03126, 13.92002, 13.03126, 14.17002], "rotation": 180, "texture": "#2"},
				"down": {"uv": [12.03126, 1.82998, 13.03126, 2.07998], "texture": "#2"}
			}
		},
		{
			"from": [13.67032, -0.03262, 10.76088],
			"to": [13.92032, 0.21738, 11.63588],
			"rotation": {"angle": 22.5, "axis": "y", "origin": [13.79532, 0.09238, 11.19838]},
			"faces": {
				"north": {"uv": [2.07968, 15.78262, 2.32968, 16], "rotation": 270, "texture": "#2"},
				"east": {"uv": [4.36412, 15.78262, 5.23912, 16], "rotation": 270, "texture": "#2"},
				"south": {"uv": [13.67032, 15.78262, 13.92032, 16], "rotation": 90, "texture": "#2"},
				"west": {"uv": [10.76088, 15.78262, 11.63588, 16], "rotation": 270, "texture": "#2"},
				"up": {"uv": [13.67032, 10.76088, 13.92032, 11.63588], "rotation": 90, "texture": "#2"},
				"down": {"uv": [13.67032, 4.36412, 13.92032, 5.23912], "rotation": 90, "texture": "#2"}
			}
		},
		{
			"from": [13.25147, -0.03262, 12.94717],
			"to": [13.50147, 0.21738, 13.94717],
			"rotation": {"angle": -45, "axis": "y", "origin": [13.2712, 0.09238, 13.38467]},
			"faces": {
				"north": {"uv": [2.49853, 15.78262, 2.74853, 16], "rotation": 270, "texture": "#2"},
				"east": {"uv": [2.05283, 15.78262, 3.05283, 16], "rotation": 270, "texture": "#2"},
				"south": {"uv": [13.25147, 15.78262, 13.50147, 16], "rotation": 90, "texture": "#2"},
				"west": {"uv": [12.94717, 15.78262, 13.94717, 16], "rotation": 270, "texture": "#2"},
				"up": {"uv": [13.25147, 12.94717, 13.50147, 13.94717], "rotation": 90, "texture": "#2"},
				"down": {"uv": [13.25147, 2.05283, 13.50147, 3.05283], "rotation": 90, "texture": "#2"}
			}
		},
		{
			"from": [8.03761, -0.03262, 12.76036],
			"to": [8.28761, 0.21738, 13.63536],
			"rotation": {"angle": 22.5, "axis": "y", "origin": [8.26788, 0.09238, 13.19786]},
			"faces": {
				"north": {"uv": [7.71239, 15.78262, 7.96239, 16], "rotation": 90, "texture": "#2"},
				"east": {"uv": [2.36464, 15.78262, 3.23964, 16], "rotation": 270, "texture": "#2"},
				"south": {"uv": [8.03761, 15.78262, 8.28761, 16], "rotation": 270, "texture": "#2"},
				"west": {"uv": [12.76036, 15.78262, 13.63536, 16], "rotation": 270, "texture": "#2"},
				"up": {"uv": [8.03761, 12.76036, 8.28761, 13.63536], "rotation": 270, "texture": "#2"},
				"down": {"uv": [8.03761, 2.36464, 8.28761, 3.23964], "rotation": 270, "texture": "#2"}
			}
		},
		{
			"from": [13.82823, -0.03262, 11.55474],
			"to": [14.07823, 0.21738, 12.42974],
			"rotation": {"angle": 0, "axis": "y", "origin": [13.95323, 0.09238, 11.99224]},
			"faces": {
				"north": {"uv": [1.92177, 15.78262, 2.17177, 16], "rotation": 270, "texture": "#2"},
				"east": {"uv": [3.57026, 15.78262, 4.44526, 16], "rotation": 270, "texture": "#2"},
				"south": {"uv": [13.82823, 15.78262, 14.07823, 16], "rotation": 90, "texture": "#2"},
				"west": {"uv": [11.55474, 15.78262, 12.42974, 16], "rotation": 270, "texture": "#2"},
				"up": {"uv": [13.82823, 11.55474, 14.07823, 12.42974], "rotation": 90, "texture": "#2"},
				"down": {"uv": [13.82823, 3.57026, 14.07823, 4.44526], "rotation": 90, "texture": "#2"}
			}
		},
		{
			"from": [7.88771, -0.03262, 12.00678],
			"to": [8.13771, 0.21738, 12.88178],
			"rotation": {"angle": 0, "axis": "y", "origin": [8.26788, 0.09238, 13.19786]},
			"faces": {
				"north": {"uv": [7.86229, 15.78262, 8.11229, 16], "rotation": 90, "texture": "#2"},
				"east": {"uv": [3.11822, 15.78262, 3.99322, 16], "rotation": 270, "texture": "#2"},
				"south": {"uv": [7.88771, 15.78262, 8.13771, 16], "rotation": 270, "texture": "#2"},
				"west": {"uv": [12.00678, 15.78262, 12.88178, 16], "rotation": 270, "texture": "#2"},
				"up": {"uv": [7.88771, 12.00678, 8.13771, 12.88178], "rotation": 270, "texture": "#2"},
				"down": {"uv": [7.88771, 3.11822, 8.13771, 3.99322], "rotation": 270, "texture": "#2"}
			}
		}
	],
	"display": {
		"thirdperson_righthand": {
			"rotation": [79, -180, 0],
			"translation": [0.25, 4.25, 7]
		},
		"thirdperson_lefthand": {
			"rotation": [79, -180, 0],
			"translation": [0.25, 4.25, 7]
		},
		"firstperson_righthand": {
			"rotation": [51, -180, 0],
			"translation": [3.25, 6, 4]
		},
		"firstperson_lefthand": {
			"rotation": [51, -180, 0],
			"translation": [3.25, 6, 4]
		},
		"ground": {
			"translation": [0, 4.25, 0]
		},
		"gui": {
			"rotation": [30, 225, 0],
			"translation": [0.5, 8.5, 0],
			"scale": [1.5, 1.5, 1.5]
		},
		"head": {
			"translation": [0, 14.75, 0]
		},
		"fixed": {
			"rotation": [-90, 0, 0],
			"translation": [0, -0.25, -15.75],
			"scale": [2, 2, 2]
		}
	},
	"groups": [0,
		{
			"name": "boitier",
			"origin": [7.5, 1.48438, 7.5],
			"children": [1, 2, 3, 4, 5, 6]
		},
		{
			"name": "touches",
			"origin": [7.5, 1.48438, 7.5],
			"children": [7, 8, 9, 10, 11, 12, 13, 14, 15, 16, 17, 18, 19]
		},
		{
			"name": "telehone",
			"origin": [10.45, 1.99686, 9.6737],
			"children": [20, 21, 22, 23, 24,
				{
					"name": "cable",
					"origin": [7.5, 0.98438, 3.75],
					"children": [25, 26, 27, 28, 29, 30, 31, 32, 33, 34, 35, 36, 37, 38, 39, 40, 41, 42, 43, 44, 45, 46, 47, 48, 49, 50, 51, 52, 53]
				}
			]
		}
	]
}