{
	"parent": "item/generated",
	"textures": {
		"layer0": "item/emerald"
	},
	"overrides": [
		{"predicate": {"custom_model_data":1}, "model": "custom/prog/verify"},
		
		{"predicate": {"custom_model_data":100}, "model": "custom/prog/icone/valider"},
		{"predicate": {"custom_model_data":101}, "model": "custom/prog/icone/remove"},
		
		
		{"predicate": {"custom_model_data":5000}, "model": "custom/prog/error/sens"},
		{"predicate": {"custom_model_data":5001}, "model": "custom/prog/error/tuto1"},
		{"predicate": {"custom_model_data":5002}, "model": "custom/prog/error/tuto2"},
		{"predicate": {"custom_model_data":5003}, "model": "custom/prog/error/tuto2_bis"},
		{"predicate": {"custom_model_data":5004}, "model": "custom/prog/error/sens_de_lecture"}
	]
}