{
	"parent": "item/generated",
	"textures": {
		"layer0": "item/gold_ingot"
	},
	"overrides": [
		{"predicate": {"custom_model_data":1}, "model": "custom/prog/icone/mouvement/avancer"},
		{"predicate": {"custom_model_data":2}, "model": "custom/prog/icone/mouvement/avancer_cadre"},
		{"predicate": {"custom_model_data":3}, "model": "custom/prog/icone/mouvement/reculer"},
		{"predicate": {"custom_model_data":4}, "model": "custom/prog/icone/mouvement/reculer_cadre"},
		{"predicate": {"custom_model_data":5}, "model": "custom/prog/icone/mouvement/horaire"},
		{"predicate": {"custom_model_data":6}, "model": "custom/prog/icone/mouvement/horaire_cadre"},
		{"predicate": {"custom_model_data":7}, "model": "custom/prog/icone/mouvement/antihoraire"},
		{"predicate": {"custom_model_data":8}, "model": "custom/prog/icone/mouvement/antihoraire_cadre"},

		
		{"predicate": {"custom_model_data":10}, "model": "custom/prog/icone/mouvement/deplacement-vers_dossier"},
		{"predicate": {"custom_model_data":11}, "model": "custom/prog/icone/mouvement/deplacement-vers"},
		{"predicate": {"custom_model_data":12}, "model": "custom/prog/icone/mouvement/deplacement-vers_cadre"},
		
		
		{"predicate": {"custom_model_data":20}, "model": "custom/prog/icone/bras/bras"},
		{"predicate": {"custom_model_data":21}, "model": "custom/prog/icone/bras/deplacement"},
		{"predicate": {"custom_model_data":22}, "model": "custom/prog/icone/bras/deplacement_cadre"},
		{"predicate": {"custom_model_data":23}, "model": "custom/prog/icone/bras/lacher"},
		{"predicate": {"custom_model_data":24}, "model": "custom/prog/icone/bras/lacher_cadre"},
		{"predicate": {"custom_model_data":25}, "model": "custom/prog/icone/bras/prendre"},
		{"predicate": {"custom_model_data":26}, "model": "custom/prog/icone/bras/prendre_cadre"},
		{"predicate": {"custom_model_data":27}, "model": "custom/prog/icone/bras/rentrer"},
		{"predicate": {"custom_model_data":28}, "model": "custom/prog/icone/bras/rentrer_cadre"},
		{"predicate": {"custom_model_data":29}, "model": "custom/prog/icone/bras/sortir"},
		{"predicate": {"custom_model_data":30}, "model": "custom/prog/icone/bras/sortir_cadre"},
		
		
		{"predicate": {"custom_model_data":40}, "model": "custom/prog/icone/foreuse/foreuse"},
		{"predicate": {"custom_model_data":41}, "model": "custom/prog/icone/foreuse/allumer"},
		{"predicate": {"custom_model_data":42}, "model": "custom/prog/icone/foreuse/allumer_cadre"},
		{"predicate": {"custom_model_data":43}, "model": "custom/prog/icone/foreuse/analyser"},
		{"predicate": {"custom_model_data":44}, "model": "custom/prog/icone/foreuse/analyser_cadre"},
		{"predicate": {"custom_model_data":45}, "model": "custom/prog/icone/foreuse/eteindre"},
		{"predicate": {"custom_model_data":46}, "model": "custom/prog/icone/foreuse/eteindre_cadre"},
		{"predicate": {"custom_model_data":47}, "model": "custom/prog/icone/foreuse/poser"},
		{"predicate": {"custom_model_data":48}, "model": "custom/prog/icone/foreuse/poser_cadre"},
		{"predicate": {"custom_model_data":49}, "model": "custom/prog/icone/foreuse/ramasser"},
		{"predicate": {"custom_model_data":50}, "model": "custom/prog/icone/foreuse/ramasser_cadre"},
		{"predicate": {"custom_model_data":51}, "model": "custom/prog/icone/foreuse/creuser"},
		{"predicate": {"custom_model_data":52}, "model": "custom/prog/icone/foreuse/creuser_cadre"},
		{"predicate": {"custom_model_data":53}, "model": "custom/prog/icone/foreuse/creuser_cadre_2"},
		{"predicate": {"custom_model_data":54}, "model": "custom/prog/icone/foreuse/creuser_cadre_3"},
		
		
		{"predicate": {"custom_model_data":60}, "model": "custom/prog/icone/scanner/scanner"},
		{"predicate": {"custom_model_data":61}, "model": "custom/prog/icone/scanner/0"},
		{"predicate": {"custom_model_data":62}, "model": "custom/prog/icone/scanner/0_cadre"},
		{"predicate": {"custom_model_data":63}, "model": "custom/prog/icone/scanner/90"},
		{"predicate": {"custom_model_data":64}, "model": "custom/prog/icone/scanner/90_cadre"},
		{"predicate": {"custom_model_data":65}, "model": "custom/prog/icone/scanner/180"},
		{"predicate": {"custom_model_data":66}, "model": "custom/prog/icone/scanner/180_cadre"},
		{"predicate": {"custom_model_data":67}, "model": "custom/prog/icone/scanner/270"},
		{"predicate": {"custom_model_data":68}, "model": "custom/prog/icone/scanner/270_cadre"},
		{"predicate": {"custom_model_data":69}, "model": "custom/prog/icone/scanner/allumer"},
		{"predicate": {"custom_model_data":70}, "model": "custom/prog/icone/scanner/allumer_cadre"},
		{"predicate": {"custom_model_data":71}, "model": "custom/prog/icone/scanner/eteindre"},
		{"predicate": {"custom_model_data":72}, "model": "custom/prog/icone/scanner/eteindre_cadre"},
		{"predicate": {"custom_model_data":73}, "model": "custom/prog/icone/scanner/rotate90"},
		{"predicate": {"custom_model_data":74}, "model": "custom/prog/icone/scanner/rotate90_cadre"},
		{"predicate": {"custom_model_data":75}, "model": "custom/prog/icone/scanner/rotate-90"},
		{"predicate": {"custom_model_data":76}, "model": "custom/prog/icone/scanner/rotate-90_cadre"},
		{"predicate": {"custom_model_data":77}, "model": "custom/prog/icone/scanner/rotate180"},
		{"predicate": {"custom_model_data":78}, "model": "custom/prog/icone/scanner/rotate180_cadre"},
		{"predicate": {"custom_model_data":79}, "model": "custom/prog/icone/scanner/start"},
		{"predicate": {"custom_model_data":80}, "model": "custom/prog/icone/scanner/start_cadre"},
		
				
		{"predicate": {"custom_model_data":90}, "model": "custom/prog/icone/test/test"},
		{"predicate": {"custom_model_data":91}, "model": "custom/prog/icone/test/rentrer"},
		{"predicate": {"custom_model_data":92}, "model": "custom/prog/icone/test/rentrer_cadre"},
		{"predicate": {"custom_model_data":93}, "model": "custom/prog/icone/test/sortir"},
		{"predicate": {"custom_model_data":94}, "model": "custom/prog/icone/test/sortir_cadre"},
		{"predicate": {"custom_model_data":95}, "model": "custom/prog/icone/test/verifier"},
		{"predicate": {"custom_model_data":96}, "model": "custom/prog/icone/test/verifier_cadre"},
		
		
		
		{"predicate": {"custom_model_data":100}, "model": "custom/prog/icone/operateur/si"},
		{"predicate": {"custom_model_data":101}, "model": "custom/prog/icone/operateur/si_cadre"},
		{"predicate": {"custom_model_data":150}, "model": "custom/prog/icone/operateur/sinon"},
		{"predicate": {"custom_model_data":151}, "model": "custom/prog/icone/operateur/sinon_cadre"},
		{"predicate": {"custom_model_data":152}, "model": "custom/prog/icone/operateur/sinon_cadre_2"},
		{"predicate": {"custom_model_data":153}, "model": "custom/prog/icone/operateur/sinon_cadre_3"},
		
		{"predicate": {"custom_model_data":200}, "model": "custom/prog/icone/operateur/fin"},
		{"predicate": {"custom_model_data":201}, "model": "custom/prog/icone/operateur/fin_cadre"},
		{"predicate": {"custom_model_data":210}, "model": "custom/prog/icone/operateur/fin2"},
		{"predicate": {"custom_model_data":211}, "model": "custom/prog/icone/operateur/fin2_cadre"},
		{"predicate": {"custom_model_data":220}, "model": "custom/prog/icone/operateur/fin3"},
		{"predicate": {"custom_model_data":221}, "model": "custom/prog/icone/operateur/fin3_cadre"},
		{"predicate": {"custom_model_data":250}, "model": "custom/prog/icone/operateur/fin_init"},		
		
		{"predicate": {"custom_model_data":300}, "model": "custom/prog/icone/operateur/boucle"},
		{"predicate": {"custom_model_data":301}, "model": "custom/prog/icone/operateur/boucle_cadre"},
		{"predicate": {"custom_model_data":302}, "model": "custom/prog/icone/operateur/boucle_cadre_1"},
		
		{"predicate": {"custom_model_data":1001}, "model": "custom/prog/icone/mouvement/avancer_cadre_2"},
		{"predicate": {"custom_model_data":1002}, "model": "custom/prog/icone/mouvement/avancer_cadre_3"},
		{"predicate": {"custom_model_data":1003}, "model": "custom/prog/icone/mouvement/reculer_cadre_2"},
		{"predicate": {"custom_model_data":1004}, "model": "custom/prog/icone/mouvement/reculer_cadre_3"},
		{"predicate": {"custom_model_data":1005}, "model": "custom/prog/icone/mouvement/horaire_cadre_2"},
		{"predicate": {"custom_model_data":1006}, "model": "custom/prog/icone/mouvement/horaire_cadre_3"},
		{"predicate": {"custom_model_data":1007}, "model": "custom/prog/icone/mouvement/antihoraire_cadre_2"},
		{"predicate": {"custom_model_data":1008}, "model": "custom/prog/icone/mouvement/antihoraire_cadre_3"},
		{"predicate": {"custom_model_data":1011}, "model": "custom/prog/icone/mouvement/deplacement-vers_cadre_2"},
		{"predicate": {"custom_model_data":1012}, "model": "custom/prog/icone/mouvement/deplacement-vers_cadre_3"},
		{"predicate": {"custom_model_data":1021}, "model": "custom/prog/icone/bras/deplacement_cadre_2"},
		{"predicate": {"custom_model_data":1022}, "model": "custom/prog/icone/bras/deplacement_cadre_3"},
		{"predicate": {"custom_model_data":1023}, "model": "custom/prog/icone/bras/lacher_cadre_2"},
		{"predicate": {"custom_model_data":1024}, "model": "custom/prog/icone/bras/lacher_cadre_3"},
		{"predicate": {"custom_model_data":1025}, "model": "custom/prog/icone/bras/prendre_cadre_2"},
		{"predicate": {"custom_model_data":1026}, "model": "custom/prog/icone/bras/prendre_cadre_3"},
		{"predicate": {"custom_model_data":1027}, "model": "custom/prog/icone/bras/rentrer_cadre_2"},
		{"predicate": {"custom_model_data":1028}, "model": "custom/prog/icone/bras/rentrer_cadre_3"},
		{"predicate": {"custom_model_data":1029}, "model": "custom/prog/icone/bras/sortir_cadre_2"},
		{"predicate": {"custom_model_data":1030}, "model": "custom/prog/icone/bras/sortir_cadre_3"},
		{"predicate": {"custom_model_data":1041}, "model": "custom/prog/icone/foreuse/allumer_cadre_2"},
		{"predicate": {"custom_model_data":1042}, "model": "custom/prog/icone/foreuse/allumer_cadre_3"},
		{"predicate": {"custom_model_data":1043}, "model": "custom/prog/icone/foreuse/analyser_cadre_2"},
		{"predicate": {"custom_model_data":1044}, "model": "custom/prog/icone/foreuse/analyser_cadre_3"},
		{"predicate": {"custom_model_data":1045}, "model": "custom/prog/icone/foreuse/eteindre_cadre_2"},
		{"predicate": {"custom_model_data":1046}, "model": "custom/prog/icone/foreuse/eteindre_cadre_3"},
		{"predicate": {"custom_model_data":1047}, "model": "custom/prog/icone/foreuse/poser_cadre_2"},
		{"predicate": {"custom_model_data":1048}, "model": "custom/prog/icone/foreuse/poser_cadre_3"},
		{"predicate": {"custom_model_data":1049}, "model": "custom/prog/icone/foreuse/ramasser_cadre_2"},
		{"predicate": {"custom_model_data":1050}, "model": "custom/prog/icone/foreuse/ramasser_cadre_3"},
		{"predicate": {"custom_model_data":1061}, "model": "custom/prog/icone/scanner/0_cadre_2"},
		{"predicate": {"custom_model_data":1062}, "model": "custom/prog/icone/scanner/0_cadre_3"},
		{"predicate": {"custom_model_data":1063}, "model": "custom/prog/icone/scanner/90_cadre_2"},
		{"predicate": {"custom_model_data":1064}, "model": "custom/prog/icone/scanner/90_cadre_3"},
		{"predicate": {"custom_model_data":1065}, "model": "custom/prog/icone/scanner/180_cadre_2"},
		{"predicate": {"custom_model_data":1066}, "model": "custom/prog/icone/scanner/180_cadre_3"},
		{"predicate": {"custom_model_data":1067}, "model": "custom/prog/icone/scanner/270_cadre_2"},
		{"predicate": {"custom_model_data":1068}, "model": "custom/prog/icone/scanner/270_cadre_3"},
		{"predicate": {"custom_model_data":1069}, "model": "custom/prog/icone/scanner/allumer_cadre_2"},
		{"predicate": {"custom_model_data":1070}, "model": "custom/prog/icone/scanner/allumer_cadre_3"},
		{"predicate": {"custom_model_data":1071}, "model": "custom/prog/icone/scanner/eteindre_cadre_2"},
		{"predicate": {"custom_model_data":1072}, "model": "custom/prog/icone/scanner/eteindre_cadre_3"},
		{"predicate": {"custom_model_data":1073}, "model": "custom/prog/icone/scanner/rotate90_cadre_2"},
		{"predicate": {"custom_model_data":1074}, "model": "custom/prog/icone/scanner/rotate90_cadre_3"},
		{"predicate": {"custom_model_data":1075}, "model": "custom/prog/icone/scanner/rotate-90_cadre_2"},
		{"predicate": {"custom_model_data":1076}, "model": "custom/prog/icone/scanner/rotate-90_cadre_3"},
		{"predicate": {"custom_model_data":1077}, "model": "custom/prog/icone/scanner/rotate180_cadre_2"},
		{"predicate": {"custom_model_data":1078}, "model": "custom/prog/icone/scanner/rotate180_cadre_3"},
		{"predicate": {"custom_model_data":1079}, "model": "custom/prog/icone/scanner/start_cadre_2"},
		{"predicate": {"custom_model_data":1080}, "model": "custom/prog/icone/scanner/start_cadre_3"},
		{"predicate": {"custom_model_data":1091}, "model": "custom/prog/icone/test/rentrer_cadre_2"},
		{"predicate": {"custom_model_data":1092}, "model": "custom/prog/icone/test/rentrer_cadre_3"},
		{"predicate": {"custom_model_data":1093}, "model": "custom/prog/icone/test/sortir_cadre_2"},
		{"predicate": {"custom_model_data":1094}, "model": "custom/prog/icone/test/sortir_cadre_3"},
		{"predicate": {"custom_model_data":1095}, "model": "custom/prog/icone/test/verifier_cadre_2"},
		{"predicate": {"custom_model_data":1096}, "model": "custom/prog/icone/test/verifier_cadre_3"},
		
		{"predicate": {"custom_model_data":2000}, "model": "custom/prog/icone/operateur/si_dossier"},
		{"predicate": {"custom_model_data":2001}, "model": "custom/prog/icone/operateur/si_dossier_barre"},
		{"predicate": {"custom_model_data":2002}, "model": "custom/prog/icone/mouvement/deplacement-vers_dossier_barre"},
		{"predicate": {"custom_model_data":2003}, "model": "custom/prog/icone/bras/bras_barre"},
		{"predicate": {"custom_model_data":2004}, "model": "custom/prog/icone/foreuse/foreuse_barre"},
		{"predicate": {"custom_model_data":2005}, "model": "custom/prog/icone/scanner/scanner_barre"},
		{"predicate": {"custom_model_data":2006}, "model": "custom/prog/icone/test/test_barre"},
		{"predicate": {"custom_model_data":2010}, "model": "custom/prog/icone/operateur/break"},
		{"predicate": {"custom_model_data":2012}, "model": "custom/prog/icone/operateur/break_cadre"},
		{"predicate": {"custom_model_data":2013}, "model": "custom/prog/icone/operateur/break_cadre2"},
		
		
		{"predicate": {"custom_model_data":3000}, "model": "custom/prog/icone/function"},
		{"predicate": {"custom_model_data":3001}, "model": "custom/prog/icone/function_barre"},
		{"predicate": {"custom_model_data":3002}, "model": "custom/prog/icone/function_dossier"},
		{"predicate": {"custom_model_data":3003}, "model": "custom/prog/icone/function_dossier_barre"},
		{"predicate": {"custom_model_data":3004}, "model": "custom/prog/icone/function_cadre"},
		{"predicate": {"custom_model_data":3005}, "model": "custom/prog/icone/function_cadre_2"},
		{"predicate": {"custom_model_data":3006}, "model": "custom/prog/icone/function_cadre_3"},
		{"predicate": {"custom_model_data":4000}, "model": "custom/prog/icone/home"},
		
		{"predicate": {"custom_model_data":10000}, "model": "custom/prog/icone/valider"},
		{"predicate": {"custom_model_data":10001}, "model": "custom/prog/icone/remove"}
	]
}