{
	"parent": "item/generated",
	"textures": {
		"layer0": "item/iron_ingot"
	},
	"overrides": [
		{"predicate": {"custom_model_data":1}, "model": "custom/rover/curiosity"},
		{"predicate": {"custom_model_data":2}, "model": "custom/rover/body/curiosity_body"},

		{"predicate": {"custom_model_data":3}, "model": "custom/rover/roues/curiosity_front_r"},
		{"predicate": {"custom_model_data":4}, "model": "custom/rover/roues/curiosity_mid_r"},
		{"predicate": {"custom_model_data":5}, "model": "custom/rover/roues/curiosity_back_r"},

		{"predicate": {"custom_model_data":6}, "model": "custom/rover/roues/curiosity_front_l"},
		{"predicate": {"custom_model_data":7}, "model": "custom/rover/roues/curiosity_mid_l"},
		{"predicate": {"custom_model_data":8}, "model": "custom/rover/roues/curiosity_back_l"},


		{"predicate": {"custom_model_data":9}, "model": "custom/rover/roues/standby/curiosity_front_r"},
		{"predicate": {"custom_model_data":10}, "model": "custom/rover/roues/standby/curiosity_mid_r"},
		{"predicate": {"custom_model_data":11}, "model": "custom/rover/roues/standby/curiosity_back_r"},

		{"predicate": {"custom_model_data":12}, "model": "custom/rover/roues/standby/curiosity_front_l"},
		{"predicate": {"custom_model_data":13}, "model": "custom/rover/roues/standby/curiosity_mid_l"},
		{"predicate": {"custom_model_data":14}, "model": "custom/rover/roues/standby/curiosity_back_l"},
		
		{"predicate": {"custom_model_data":15}, "model": "custom/rover/body/curiosity_body_arm_empty"},
		{"predicate": {"custom_model_data":16}, "model": "custom/rover/body/curiosity_body_arm_x1"},
		{"predicate": {"custom_model_data":17}, "model": "custom/rover/body/curiosity_body_arm_full"},

		{"predicate": {"custom_model_data":18}, "model": "custom/rover/arm_standby"},
		{"predicate": {"custom_model_data":19}, "model": "custom/rover/scanner"},
		{"predicate": {"custom_model_data":20}, "model": "custom/rover/body/no_scan"},
		
		{"predicate": {"custom_model_data":21}, "model": "custom/rover/arm_anim/arm_plier"},
		{"predicate": {"custom_model_data":22}, "model": "custom/rover/arm_anim/arm_1"},
		{"predicate": {"custom_model_data":23}, "model": "custom/rover/arm_anim/arm_2"},
		{"predicate": {"custom_model_data":24}, "model": "custom/rover/arm_anim/arm_2_bis"},
		{"predicate": {"custom_model_data":25}, "model": "custom/rover/arm_anim/arm_3"},
		{"predicate": {"custom_model_data":26}, "model": "custom/rover/foreuse"}
	]
}