{
    "parent": "minecraft:item/generated",
    "textures": {
        "layer0": "minecraft:item/name_tag"
    },
	"overrides": [
		{"predicate": {"custom_model_data":1}, "model": "entity/head/cassagne"},
		{"predicate": {"custom_model_data":2}, "model": "entity/head/pesier"},
		{"predicate": {"custom_model_data":3}, "model": "entity/head/dupont"},
		{"predicate": {"custom_model_data":4}, "model": "entity/head/duriff"},
		{"predicate": {"custom_model_data":5}, "model": "entity/head/leblanc"},
		{"predicate": {"custom_model_data":6}, "model": "entity/head/lussier"},
		{"predicate": {"custom_model_data":7}, "model": "entity/head/corbin"},
		{"predicate": {"custom_model_data":8}, "model": "entity/head/gabriaux"},
		{"predicate": {"custom_model_data":9}, "model": "entity/head/lesage"},
		
		{"predicate": {"custom_model_data":10}, "model": "entity/head/laux"},
		{"predicate": {"custom_model_data":11}, "model": "entity/head/duchesne"},
		{"predicate": {"custom_model_data":12}, "model": "entity/head/tachel"},
		{"predicate": {"custom_model_data":13}, "model": "entity/head/chatigny"},
		{"predicate": {"custom_model_data":14}, "model": "entity/head/julie"},
		{"predicate": {"custom_model_data":15}, "model": "entity/head/pinson"},
		{"predicate": {"custom_model_data":16}, "model": "entity/head/grillaud"},
		{"predicate": {"custom_model_data":17}, "model": "entity/head/lanoie"},
		{"predicate": {"custom_model_data":18}, "model": "entity/head/granjean"},
		{"predicate": {"custom_model_data":19}, "model": "entity/head/jack"},
		{"predicate": {"custom_model_data":20}, "model": "entity/head/steve"},
		{"predicate": {"custom_model_data":21}, "model": "entity/head/greg"},

		{"predicate": {"custom_model_data":100}, "model": "entity/template_head"}
	]
}