{
	"parent": "item/generated",
	"textures": {
		"layer0": "item/stick"
	},
	"overrides": [
		{"predicate": {"custom_model_data":1}, "model": "custom/lampe"},

		{"predicate": {"custom_model_data":2}, "model": "custom/siege/siege_0"},
		{"predicate": {"custom_model_data":3}, "model": "custom/siege/siege_90"},
		{"predicate": {"custom_model_data":4}, "model": "custom/siege/siege_180"},
		{"predicate": {"custom_model_data":5}, "model": "custom/siege/siege_270"},

		{"predicate": {"custom_model_data":6}, "model": "custom/arrow_down"},

		{"predicate": {"custom_model_data":14}, "model": "custom/palettes/palette_seul"},
		{"predicate": {"custom_model_data":15}, "model": "custom/palettes/palette_carton"},
		{"predicate": {"custom_model_data":16}, "model": "custom/palettes/palette_lampe"},

		{"predicate": {"custom_model_data":22}, "model": "custom/palettes/palette_carton2"}
	]
}