{
	"__comment": "Designed by Kikipunk with Cubik Studio - https://cubik.studio",
	"textures": {
		"3": "custom/rover/curiosity_solar-panel",
		"1_2": "custom/rover/curiosity_camera",
		"3_2": "custom/rover/curiosity_power",
		"4_2": "custom/rover/curiosity_body"
	},
	"elements": [ 	 
		{
			"__comment": "Element",
			"from": [ -2, 28, -6.75 ],
			"to": [ 5, 32, -2.75 ],
			"faces": {
				"down": { "uv": [ 9, 0, 5.5, 2 ], "texture": "#1_2" },
				"up": { "uv": [ 5.5, 2, 2, 0 ], "texture": "#1_2" },
				"north": { "uv": [ 2, 2, 5.5, 4 ], "texture": "#1_2" },
				"south": { "uv": [ 7.5, 2, 11, 4 ], "texture": "#1_2" },
				"west": { "uv": [ 5.5, 2, 7.5, 4 ], "texture": "#1_2" },
				"east": { "uv": [ 0, 2, 2, 4 ], "texture": "#1_2" }
			}
		},
		{
			"__comment": "Element",
			"from": [ 0.176, 22, -7.1358 ],
			"to": [ 1.176, 23, -5.1358 ],
			"rotation": { "origin": [ 0.67597, 22.5, -6.13582 ], "axis": "y", "angle": 22.5 },
			"faces": {
				"down": { "uv": [ 12, 10, 11.5, 11 ], "texture": "#1_2" },
				"up": { "uv": [ 11, 10, 11.5, 11 ], "texture": "#1_2", "rotation": 180 },
				"north": { "uv": [ 11, 11, 11.5, 11.5 ], "texture": "#1_2" },
				"west": { "uv": [ 11.5, 11, 12.5, 11.5 ], "texture": "#1_2" },
				"east": { "uv": [ 10, 11, 11, 11.5 ], "texture": "#1_2" }
			}
		},
		{
			"__comment": "Element",
			"from": [ -2.091, 22, -3.659 ],
			"to": [ 1.409, 23, -2.659 ],
			"rotation": { "origin": [ -0.34099, 22.5, -3.15901 ], "axis": "y", "angle": 45 },
			"faces": {
				"down": { "uv": [ 11.5, 0, 13, 0.5 ], "texture": "#1_2", "rotation": 180 },
				"up": { "uv": [ 10, 0, 11.5, 0.5 ], "texture": "#1_2", "rotation": 180 },
				"north": { "uv": [ 10, 0.5, 11.5, 1 ], "texture": "#1_2" },
				"south": { "uv": [ 12, 0.5, 13.5, 1 ], "texture": "#1_2" },
				"west": { "uv": [ 11.5, 0.5, 12, 1 ], "texture": "#1_2" }
			}
		},
		{
			"__comment": "Element",
			"from": [ 1.5026, 22, -4.0063 ],
			"to": [ 7.0026, 23, -3.0063 ],
			"rotation": { "origin": [ 4.25261, 22.5, -3.50628 ], "axis": "y", "angle": -22.5 },
			"faces": {
				"down": { "uv": [ 11, 4.5, 13.5, 5 ], "texture": "#1_2" },
				"up": { "uv": [ 8.5, 4.5, 11, 5 ], "texture": "#1_2", "rotation": 180 },
				"north": { "uv": [ 8.5, 5, 11, 5.5 ], "texture": "#1_2" },
				"south": { "uv": [ 11.5, 5, 14, 5.5 ], "texture": "#1_2" },
				"east": { "uv": [ 8, 5, 8.5, 5.5 ], "texture": "#1_2" }
			}
		},
		{
			"__comment": "Element",
			"from": [ -1, 19.5, -6.75 ],
			"to": [ 4, 20.5, -1.75 ],
			"faces": {
				"down": { "uv": [ 7.5, 4.5, 5, 7 ], "texture": "#1_2" },
				"up": { "uv": [ 5, 7, 2.5, 4.5 ], "texture": "#1_2" },
				"north": { "uv": [ 0, 7, 2.5, 7.5 ], "texture": "#1_2" },
				"south": { "uv": [ 5, 7, 7.5, 7.5 ], "texture": "#1_2" },
				"west": { "uv": [ 2.5, 7, 5, 7.5 ], "texture": "#1_2" },
				"east": { "uv": [ 7.5, 7, 10, 7.5 ], "texture": "#1_2" }
			}
		},
		{
			"__comment": "Element",
			"from": [ -3, 26, -5.75 ],
			"to": [ 1, 29, -2.75 ],
			"faces": {
				"down": { "uv": [ 5.5, 8, 3.5, 9.5 ], "texture": "#1_2" },
				"up": { "uv": [ 3.5, 9.5, 1.5, 8 ], "texture": "#1_2" },
				"north": { "uv": [ 1.5, 9.5, 3.5, 11 ], "texture": "#1_2" },
				"south": { "uv": [ 5, 9.5, 7, 11 ], "texture": "#1_2" },
				"west": { "uv": [ 3.5, 9.5, 5, 11 ], "texture": "#1_2" },
				"east": { "uv": [ 0, 9.5, 1.5, 11 ], "texture": "#1_2" }
			}
		},
		{
			"__comment": "Element",
			"from": [ 0.5, 17, -5.5 ],
			"to": [ 2, 29, -4 ],
			"faces": {
				"down": { "uv": [ 4.5, 4, 4.25, 4.25 ], "texture": "#1_2" },
				"up": { "uv": [ 4.25, 4.25, 4, 4 ], "texture": "#1_2" },
				"north": { "uv": [ 8, 8.5, 8.5, 14.5 ], "texture": "#1_2" },
				"south": { "uv": [ 9, 8.5, 9.5, 14.5 ], "texture": "#1_2" },
				"west": { "uv": [ 8.5, 8.5, 9, 14.5 ], "texture": "#1_2" },
				"east": { "uv": [ 7.5, 8.5, 8, 14.5 ], "texture": "#1_2" }
			}
		},
		{
			"__comment": "Element",
			"from": [ 2, 15, 21.5 ],
			"to": [ 14, 23, 30.5 ],
			"rotation": { "origin": [ 2.25, 15.25, 27.25 ], "axis": "x", "angle": -22.5 },
			"faces": {
				"down": { "uv": [ 6, 4.5, 0, 9 ], "texture": "#3_2" },
				"up": { "uv": [ 6, 4.5, 0, 0 ], "texture": "#3_2" },
				"south": { "uv": [ 6, 6, 12, 10 ], "texture": "#3_2" },
				"west": { "uv": [ 0, 9, 4.5, 13 ], "texture": "#3_2" },
				"east": { "uv": [ 0, 9, 4.5, 13 ], "texture": "#3_2" }
			}
		},
		{
			"__comment": "Element",
			"from": [ 2.5, 15.5, 30.5 ],
			"to": [ 13.5, 22.5, 31.5 ],
			"rotation": { "origin": [ 2.25, 15.25, 27.25 ], "axis": "x", "angle": -22.5 },
			"faces": {
				"down": { "uv": [ 10.5, 11.5, 5, 12 ], "texture": "#3_2" },
				"up": { "uv": [ 10.5, 12.5, 5, 12 ], "texture": "#3_2" },
				"south": { "uv": [ 6, 0, 11.5, 3.5 ], "texture": "#3_2" },
				"west": { "uv": [ 4.5, 9, 5, 12.5 ], "texture": "#3_2", "rotation": 180 },
				"east": { "uv": [ 4.5, 9, 5, 12.5 ], "texture": "#3_2" }
			}
		},
		{
			"__comment": "Element",
			"from": [ 3, 16.2, 14 ],
			"to": [ 13, 20.2, 19 ],
			"rotation": { "origin": [ 3.5, 20.22, 18.98 ], "axis": "x", "angle": -45 },
			"faces": {
				"down": { "uv": [ 4.75, 5, 2.25, 6.25 ], "texture": "#3_2" },
				"up": { "uv": [ 11, 6, 6, 3.5 ], "texture": "#3_2" },
				"west": { "uv": [ 11, 3.5, 13.5, 5.5 ], "texture": "#3_2" },
				"east": { "uv": [ 11, 3.5, 13.5, 5.5 ], "texture": "#3_2" }
			}
		},
		{
			"__comment": "Element",
			"from": [ 2, 12.82, 19.05 ],
			"to": [ 14, 15.32, 22.05 ],
			"faces": {
				"down": { "uv": [ 11, 10, 5, 11.5 ], "texture": "#3_2" },
				"west": { "uv": [ 13, 0, 11.5, 1.5 ], "texture": "#3_2" },
				"east": { "uv": [ 11.5, 0, 13, 1.5 ], "texture": "#3_2" }
			}
		},
		{
			"__comment": "Element",
			"from": [ 12, 17, 3 ],
			"to": [ 14, 19.5, 5 ],
			"faces": {
				"up": { "uv": [ 11.5, 10, 12, 10.5 ], "texture": "#4_2" },
				"north": { "uv": [ 11.5, 11.5, 12, 12.25 ], "texture": "#4_2" },
				"south": { "uv": [ 11.5, 9.25, 12, 10 ], "texture": "#4_2" },
				"west": { "uv": [ 11.5, 10, 12, 10.75 ], "texture": "#4_2" },
				"east": { "uv": [ 11.5, 6.5, 12, 7.25 ], "texture": "#4_2" }
			}
		},
		{
			"__comment": "Element",
			"from": [ 13.25, 21.5, 17.5 ],
			"to": [ 17.25, 28.5, 21.5 ],
			"faces": {
				"down": { "uv": [ 11.5, 9.25, 10.5, 10.25 ], "texture": "#4_2" },
				"up": { "uv": [ 11.5, 11.5, 10.5, 10.5 ], "texture": "#4_2" },
				"north": { "uv": [ 8.5, 4.25, 9.5, 6 ], "texture": "#4_2" },
				"south": { "uv": [ 8.5, 9.25, 9.5, 11 ], "texture": "#4_2" },
				"west": { "uv": [ 9.5, 9.5, 10.5, 11.25 ], "texture": "#4_2" },
				"east": { "uv": [ 8.5, 6, 9.5, 7.75 ], "texture": "#4_2" }
			}
		},
		{
			"__comment": "Element",
			"from": [ 14.25, 19, 18.501 ],
			"to": [ 16.25, 21.5, 20.501 ],
			"faces": {
				"north": { "uv": [ 9, 3.5, 9.5, 4.25 ], "texture": "#4_2" },
				"south": { "uv": [ 10.5, 11.5, 11, 12.25 ], "texture": "#4_2" },
				"west": { "uv": [ 11, 11.5, 11.5, 12.25 ], "texture": "#4_2" },
				"east": { "uv": [ 3.75, 10, 4.25, 10.75 ], "texture": "#4_2" }
			}
		},
		{
			"__comment": "Element",
			"from": [ 6, 18.5, -8.25 ],
			"to": [ 7, 19.5, -7.75 ],
			"rotation": { "origin": [ 7.8125, 18.5625, -6.1875 ], "axis": "y", "angle": -22.5 },
			"faces": {
				"down": { "uv": [ 11.5, 12.25, 11.25, 12.5 ], "texture": "#4_2" },
				"up": { "uv": [ 11.25, 12.5, 11, 12.25 ], "texture": "#4_2" },
				"north": { "uv": [ 8.25, 10.75, 8.5, 11 ], "texture": "#4_2" },
				"west": { "uv": [ 11.25, 7.5, 11.5, 7.75 ], "texture": "#4_2" },
				"east": { "uv": [ 9.25, 11, 9.5, 11.25 ], "texture": "#4_2" }
			}
		},
		{
			"__comment": "Element",
			"from": [ 7, 17.5, -8.25 ],
			"to": [ 8, 18.5, -7.75 ],
			"rotation": { "origin": [ 7.8125, 18.5625, -6.1875 ], "axis": "y", "angle": -22.5 },
			"faces": {
				"down": { "uv": [ 11.25, 7.5, 11.5, 7.75 ], "texture": "#4_2" },
				"up": { "uv": [ 11.25, 12.25, 11, 12.5 ], "texture": "#4_2" },
				"north": { "uv": [ 8.25, 10.75, 8.5, 11 ], "texture": "#4_2" },
				"south": { "uv": [ 0, 0, 0, 0 ], "texture": "#4_2" },
				"west": { "uv": [ 11.25, 12.25, 11.5, 12.5 ], "texture": "#4_2" },
				"east": { "uv": [ 11.25, 12.25, 11.5, 12.5 ], "texture": "#4_2" }
			}
		},
		{
			"__comment": "Element",
			"from": [ 8.5, 18, -8.25 ],
			"to": [ 10, 19.5, -7.75 ],
			"rotation": { "origin": [ 7.8125, 18.5625, -6.1875 ], "axis": "y", "angle": -22.5 },
			"faces": {
				"down": { "uv": [ 9.5, 11, 9.25, 11.25 ], "texture": "#4_2" },
				"up": { "uv": [ 11.5, 7.5, 11.25, 7.75 ], "texture": "#4_2" },
				"north": { "uv": [ 8.25, 10.75, 8.5, 11 ], "texture": "#4_2" },
				"south": { "uv": [ 0, 0, 0, 0 ], "texture": "#4_2" },
				"west": { "uv": [ 9.25, 11, 9.5, 11.25 ], "texture": "#4_2" },
				"east": { "uv": [ 11, 12.25, 11.25, 12.5 ], "texture": "#4_2" }
			}
		},
		{
			"__comment": "Element",
			"from": [ 5.5, 13.5, -8 ],
			"to": [ 10.5, 16.5, -7 ],
			"rotation": { "origin": [ 5.5, 16.5, -8 ], "axis": "x", "angle": -45 },
			"faces": {
				"up": { "uv": [ 11.5, 8.5, 10.25, 8.25 ], "texture": "#4_2" },
				"north": { "uv": [ 5.75, 10.75, 7, 11.5 ], "texture": "#4_2" },
				"south": { "uv": [ 7, 10.75, 8.25, 11.5 ], "texture": "#4_2" },
				"west": { "uv": [ 4, 12, 4.25, 12.75 ], "texture": "#4_2" },
				"east": { "uv": [ 11.75, 2, 12, 2.75 ], "texture": "#4_2" }
			}
		},
		{
			"__comment": "Element",
			"from": [ 5.5, 17, -8 ],
			"to": [ 10.5, 20, -4 ],
			"rotation": { "origin": [ 7.8125, 18.5625, -6.1875 ], "axis": "y", "angle": -22.5 },
			"faces": {
				"down": { "uv": [ 10.75, 6.5, 9.5, 7.5 ], "texture": "#4_2" },
				"up": { "uv": [ 10.75, 6.5, 9.5, 5.5 ], "texture": "#4_2" },
				"north": { "uv": [ 10.75, 0, 12, 0.75 ], "texture": "#4_2" },
				"south": { "uv": [ 10.75, 0.75, 12, 1.5 ], "texture": "#4_2" },
				"west": { "uv": [ 10.75, 2.25, 11.75, 3 ], "texture": "#4_2" },
				"east": { "uv": [ 10.75, 1.5, 11.75, 2.25 ], "texture": "#4_2" }
			}
		},
		{
			"__comment": "Element",
			"from": [ -0.5, 10, -7 ],
			"to": [ 16.5, 17, 19 ],
			"faces": {
				"down": { "uv": [ 8.5, 4.25, 4.25, 10.75 ], "texture": "#4_2" },
				"up": { "uv": [ 4.25, 6.5, 0, 0 ], "texture": "#4_2" },
				"north": { "uv": [ 0, 6.5, 4.25, 8.25 ], "texture": "#4_2" },
				"south": { "uv": [ 0, 8.25, 4.25, 10 ], "texture": "#4_2" },
				"west": { "uv": [ 4.25, 1.75, 10.75, 3.5 ], "texture": "#4_2" },
				"east": { "uv": [ 4.25, 0, 10.75, 1.75 ], "texture": "#4_2" }
			}
		},
		{
			"__comment": "Element",
			"from": [ 5, 20, 18.499 ],
			"to": [ 11, 22, 20.499 ],
			"faces": {
				"up": { "uv": [ 12.25, 6.5, 10.75, 6 ], "texture": "#4_2" },
				"north": { "uv": [ 10.75, 3, 12.25, 3.5 ], "texture": "#4_2" },
				"south": { "uv": [ 10.75, 5.5, 12.25, 6 ], "texture": "#4_2" }
			}
		},
		{
			"__comment": "Element",
			"from": [ -1.5, 17, 10 ],
			"to": [ 17.5, 18, 12.5 ],
			"faces": {
				"down": { "uv": [ 13.25, 8.5, 8.5, 9.25 ], "texture": "#4_2" },
				"up": { "uv": [ 9, 4.25, 4.25, 3.5 ], "texture": "#4_2" },
				"north": { "uv": [ 8.5, 7.75, 13.25, 8 ], "texture": "#4_2" },
				"south": { "uv": [ 8.5, 8, 13.25, 8.25 ], "texture": "#4_2" },
				"west": { "uv": [ 4.25, 12, 5, 12.25 ], "texture": "#4_2" },
				"east": { "uv": [ 11.75, 2.75, 12.5, 3 ], "texture": "#4_2" }
			}
		},
		{
			"__comment": "Element",
			"from": [ 9, 17, 13 ],
			"to": [ 10, 17.5, 14 ],
			"faces": {
				"up": { "uv": [ 12.5, 3.5, 12.25, 3.25 ], "texture": "#4_2" },
				"north": { "uv": [ 12.25, 2, 12.5, 2.25 ], "texture": "#4_2" },
				"south": { "uv": [ 12.25, 2.5, 12.5, 2.75 ], "texture": "#4_2" },
				"west": { "uv": [ 12.25, 3, 12.5, 3.25 ], "texture": "#4_2" },
				"east": { "uv": [ 12.25, 2.25, 12.5, 2.5 ], "texture": "#4_2" }
			}
		},
		{
			"__comment": "Element",
			"from": [ 8, 17, 14 ],
			"to": [ 9, 17.5, 15 ],
			"faces": {
				"up": { "uv": [ 12.5, 3.5, 12.25, 3.25 ], "texture": "#4_2" },
				"north": { "uv": [ 12.25, 2, 12.5, 2.25 ], "texture": "#4_2" },
				"south": { "uv": [ 12.25, 2.5, 12.5, 2.75 ], "texture": "#4_2" },
				"west": { "uv": [ 12.25, 3, 12.5, 3.25 ], "texture": "#4_2" },
				"east": { "uv": [ 12.25, 2.25, 12.5, 2.5 ], "texture": "#4_2" }
			}
		},
		{
			"__comment": "Element",
			"from": [ 10, 17, 13.5 ],
			"to": [ 11, 17.5, 14.5 ],
			"faces": {
				"up": { "uv": [ 12.5, 3.5, 12.25, 3.25 ], "texture": "#4_2" },
				"north": { "uv": [ 12.25, 2, 12.5, 2.25 ], "texture": "#4_2" },
				"south": { "uv": [ 12.25, 2.5, 12.5, 2.75 ], "texture": "#4_2" },
				"west": { "uv": [ 12.25, 3, 12.5, 3.25 ], "texture": "#4_2" },
				"east": { "uv": [ 12.25, 2.25, 12.5, 2.5 ], "texture": "#4_2" }
			}
		},
		{
			"__comment": "Element",
			"from": [ -1.059, 13.5, 10.7008 ],
			"to": [ -0.05900002, 15, 11.7008 ],
			"rotation": { "origin": [ -0.44103, 14.75, 11.20078 ], "axis": "y", "angle": -22.5 },
			"shade": false,
			"faces": {
				"down": { "uv": [ 12.5, 12.25, 12.25, 12.5 ], "texture": "#4_2", "rotation": 180 },
				"up": { "uv": [ 12.25, 12.5, 12, 12.25 ], "texture": "#4_2", "rotation": 180 },
				"north": { "uv": [ 9.25, 12.25, 9.5, 12.75 ], "texture": "#4_2" },
				"south": { "uv": [ 6.75, 12.25, 7, 12.75 ], "texture": "#4_2" },
				"west": { "uv": [ 7, 12.25, 7.25, 12.75 ], "texture": "#4_2" }
			}
		},
		{
			"__comment": "Element",
			"from": [ 19.5, 14, -3.5 ],
			"to": [ 20.5, 15.5, -2.5 ],
			"rotation": { "origin": [ 12.5, 22, 4.5 ], "axis": "y", "angle": 22.5 },
			"shade": false,
			"faces": {
				"down": { "uv": [ 12.5, 12.25, 12.25, 12.5 ], "texture": "#4_2" },
				"up": { "uv": [ 12.25, 12.5, 12, 12.25 ], "texture": "#4_2" },
				"north": { "uv": [ 6.75, 12.25, 7, 12.75 ], "texture": "#4_2" },
				"south": { "uv": [ 9.25, 12.25, 9.5, 12.75 ], "texture": "#4_2" },
				"east": { "uv": [ 7, 12.25, 7.25, 12.75 ], "texture": "#4_2" }
			}
		},
		{
			"__comment": "Element",
			"from": [ -1, 12, 2 ],
			"to": [ -0.5, 15, 3 ],
			"shade": false,
			"faces": {
				"down": { "uv": [ 12, 12.25, 11.75, 12.5 ], "texture": "#4_2", "rotation": 180 },
				"up": { "uv": [ 11.75, 12.5, 11.5, 12.25 ], "texture": "#4_2", "rotation": 180 },
				"north": { "uv": [ 12, 2, 12.25, 2.75 ], "texture": "#4_2" },
				"south": { "uv": [ 5, 12, 5.25, 12.75 ], "texture": "#4_2" },
				"west": { "uv": [ 12, 0.5, 12.25, 1.25 ], "texture": "#4_2" }
			}
		},
		{
			"__comment": "Element",
			"from": [ 16.5, 12, 11 ],
			"to": [ 17, 15, 12 ],
			"shade": false,
			"faces": {
				"down": { "uv": [ 12, 12.25, 11.75, 12.5 ], "texture": "#4_2" },
				"up": { "uv": [ 11.75, 12.5, 11.5, 12.25 ], "texture": "#4_2" },
				"north": { "uv": [ 5, 12, 5.25, 12.75 ], "texture": "#4_2" },
				"south": { "uv": [ 12, 2, 12.25, 2.75 ], "texture": "#4_2" },
				"east": { "uv": [ 12, 0.5, 12.25, 1.25 ], "texture": "#4_2" }
			}
		},
		{
			"__comment": "Element",
			"from": [ 0.5, 20.5, 14 ],
			"to": [ 1.5, 21, 20.5 ],
			"rotation": { "origin": [ 0.75, 20.75, 19.75 ], "axis": "x", "angle": -45 },
			"faces": {
				"up": { "uv": [ 10.25, 13, 10, 11.25 ], "texture": "#4_2" },
				"south": { "uv": [ 12.25, 0.5, 12.5, 0.75 ], "texture": "#4_2" },
				"west": { "uv": [ 9.5, 7.5, 11.25, 7.75 ], "texture": "#4_2" },
				"east": { "uv": [ 8.5, 8.25, 10.25, 8.5 ], "texture": "#4_2" }
			}
		},
		{
			"__comment": "Element",
			"from": [ 0.5, 17, 13.5 ],
			"to": [ 1.5, 17.5, 16.5 ],
			"faces": {
				"up": { "uv": [ 12.25, 10, 12, 9.25 ], "texture": "#4_2" },
				"north": { "uv": [ 12.25, 0.75, 12.5, 1 ], "texture": "#4_2" },
				"west": { "uv": [ 12, 6.5, 12.75, 6.75 ], "texture": "#4_2" },
				"east": { "uv": [ 12, 1.25, 12.75, 1.5 ], "texture": "#4_2" }
			}
		},
		{
			"__comment": "Element",
			"from": [ 1.5, 17, 13.5 ],
			"to": [ 6.5, 17.5, 14.5 ],
			"faces": {
				"up": { "uv": [ 5.25, 12, 4, 11.75 ], "texture": "#4_2" },
				"north": { "uv": [ 11.5, 8.25, 12.75, 8.5 ], "texture": "#4_2" },
				"south": { "uv": [ 11.5, 11.25, 12.75, 11.5 ], "texture": "#4_2" },
				"east": { "uv": [ 12.25, 1, 12.5, 1.25 ], "texture": "#4_2" }
			}
		},
		{
			"__comment": "Element",
			"from": [ -1.5, 17, 7 ],
			"to": [ -0.5, 18, 10 ],
			"faces": {
				"down": { "uv": [ 0.25, 12.25, 0, 13 ], "texture": "#4_2" },
				"up": { "uv": [ 12.25, 10.75, 12, 10 ], "texture": "#4_2" },
				"north": { "uv": [ 12.25, 3.5, 12.5, 3.75 ], "texture": "#4_2" },
				"west": { "uv": [ 12, 7, 12.75, 7.25 ], "texture": "#4_2" },
				"east": { "uv": [ 12, 6.75, 12.75, 7 ], "texture": "#4_2" }
			}
		},
		{
			"__comment": "Element",
			"from": [ -1.5, 10, 7 ],
			"to": [ -0.5, 17, 8 ],
			"faces": {
				"down": { "uv": [ 12.5, 3.75, 12.25, 4 ], "texture": "#4_2" },
				"north": { "uv": [ 10.25, 11.25, 10.5, 13 ], "texture": "#4_2" },
				"south": { "uv": [ 7.5, 11.5, 7.75, 13.25 ], "texture": "#4_2" },
				"west": { "uv": [ 7.75, 11.5, 8, 13.25 ], "texture": "#4_2" },
				"east": { "uv": [ 7.25, 11.5, 7.5, 13.25 ], "texture": "#4_2" }
			}
		},
		{
			"__comment": "Element",
			"from": [ 0.5, 20, 18.5 ],
			"to": [ 5, 22, 20.5 ],
			"rotation": { "origin": [ 5, 22, 19.5 ], "axis": "z", "angle": 22.5 },
			"faces": {
				"down": { "uv": [ 12.25, 5, 11, 5.5 ], "texture": "#4_2" },
				"up": { "uv": [ 12.25, 5, 11, 4.5 ], "texture": "#4_2" },
				"north": { "uv": [ 11, 3.5, 12.25, 4 ], "texture": "#4_2" },
				"south": { "uv": [ 11, 4, 12.25, 4.5 ], "texture": "#4_2" },
				"west": { "uv": [ 5.25, 11.75, 5.75, 12.25 ], "texture": "#4_2" }
			}
		},
		{
			"__comment": "Element",
			"from": [ -0.5, 10, -7 ],
			"to": [ 0, 16, -4.5 ],
			"rotation": { "origin": [ 0, 10, -7 ], "axis": "x", "angle": -22.5 },
			"shade": false,
			"faces": {
				"down": { "uv": [ 0.75, 12.25, 0.5, 13 ], "texture": "#4_2" },
				"up": { "uv": [ 0.5, 13, 0.25, 12.25 ], "texture": "#4_2" },
				"north": { "uv": [ 8, 11.5, 8.25, 13 ], "texture": "#4_2" },
				"south": { "uv": [ 3.75, 11.75, 4, 13.25 ], "texture": "#4_2" },
				"west": { "uv": [ 3, 10, 3.6875, 11.5 ], "texture": "#4_2" },
				"east": { "uv": [ 2.3125, 10, 3, 11.5 ], "texture": "#4_2" }
			}
		},
		{
			"__comment": "Element",
			"from": [ 1.5, 10, -7 ],
			"to": [ 2, 16, -4.5 ],
			"rotation": { "origin": [ 2, 10, -7 ], "axis": "x", "angle": -22.5 },
			"shade": false,
			"faces": {
				"down": { "uv": [ 0.75, 12.25, 0.5, 13 ], "texture": "#4_2" },
				"up": { "uv": [ 0.5, 13, 0.25, 12.25 ], "texture": "#4_2" },
				"north": { "uv": [ 8, 11.5, 8.25, 13 ], "texture": "#4_2" },
				"south": { "uv": [ 3.75, 11.75, 4, 13.25 ], "texture": "#4_2" },
				"west": { "uv": [ 3, 10, 3.6875, 11.5 ], "texture": "#4_2" },
				"east": { "uv": [ 2.3125, 10, 3, 11.5 ], "texture": "#4_2" }
			}
		},
		{
			"__comment": "Element",
			"from": [ -0.5, 15.55, -9.29 ],
			"to": [ 2, 17, -6.79 ],
			"shade": false,
			"faces": {
				"down": { "uv": [ 2.25, 11.5, 1.5, 12.25 ], "texture": "#4_2" },
				"up": { "uv": [ 1.5, 12.25, 0.75, 11.5 ], "texture": "#4_2" },
				"north": { "uv": [ 12, 11.5, 12.75, 11.75 ], "texture": "#4_2" },
				"south": { "uv": [ 0.75, 12.25, 1.5, 12.5 ], "texture": "#4_2" },
				"west": { "uv": [ 1.5, 12.25, 2.25, 12.5 ], "texture": "#4_2" },
				"east": { "uv": [ 12, 11.75, 12.75, 12 ], "texture": "#4_2" }
			}
		},
		{
			"__comment": "Element",
			"from": [ -0.5, 17.55, -9.29 ],
			"to": [ 2, 18.05, -6.79 ],
			"shade": false,
			"faces": {
				"down": { "uv": [ 3.75, 11.5, 3, 12.25 ], "texture": "#4_2" },
				"up": { "uv": [ 3, 12.25, 2.25, 11.5 ], "texture": "#4_2" },
				"north": { "uv": [ 2.25, 12.25, 3, 12.5 ], "texture": "#4_2" },
				"west": { "uv": [ 4.25, 12.25, 5, 12.5 ], "texture": "#4_2" },
				"east": { "uv": [ 3, 12.25, 3.75, 12.5 ], "texture": "#4_2" }
			}
		},
		{
			"__comment": "Element",
			"from": [ -0.5, 17.55, -6.79 ],
			"to": [ 2, 18.05, -3.79 ],
			"rotation": { "origin": [ -0.75, 18.05, -6.8 ], "axis": "x", "angle": 22.5 },
			"shade": false,
			"faces": {
				"down": { "uv": [ 7.25, 11.5, 6.5, 12.25 ], "texture": "#4_2" },
				"up": { "uv": [ 6.5, 12.25, 5.75, 11.5 ], "texture": "#4_2" },
				"west": { "uv": [ 6, 12.25, 6.75, 12.5 ], "texture": "#4_2" },
				"east": { "uv": [ 5.25, 12.25, 6, 12.5 ], "texture": "#4_2" }
			}
		},
		{
			"__comment": "Element",
			"from": [ -0.5, 10.8, 19 ],
			"to": [ 2, 16.3, 21 ],
			"faces": {
				"down": { "uv": [ 12.25, 7.25, 11.5, 7.75 ], "texture": "#4_2" },
				"south": { "uv": [ 0, 10, 0.75, 11.5 ], "texture": "#4_2" },
				"west": { "uv": [ 8.75, 11, 9.25, 12.5 ], "texture": "#4_2" },
				"east": { "uv": [ 8.25, 11, 8.75, 12.5 ], "texture": "#4_2" }
			}
		},
		{
			"__comment": "Element",
			"from": [ -0.5, 10.43, 17.1 ],
			"to": [ 2, 11.43, 19.2 ],
			"rotation": { "origin": [ 0.75, 14.94112, 19.13564 ], "axis": "x", "angle": -22.5 },
			"faces": {
				"down": { "uv": [ 12.25, 10.75, 11.5, 11.25 ], "texture": "#4_2" },
				"west": { "uv": [ 10.5, 12.25, 11, 12.5 ], "texture": "#4_2" },
				"east": { "uv": [ 9.5, 12.25, 10, 12.5 ], "texture": "#4_2" }
			}
		},
		{
			"__comment": "Element",
			"from": [ -0.499, 17, 17.5 ],
			"to": [ 2.001, 21, 23.5 ],
			"rotation": { "origin": [ -0.25, 17.25, 21.75 ], "axis": "x", "angle": -45 },
			"faces": {
				"down": { "uv": [ 2.25, 10, 1.5, 11.5 ], "texture": "#4_2" },
				"up": { "uv": [ 1.5, 11.5, 0.75, 10 ], "texture": "#4_2" },
				"south": { "uv": [ 10.75, 6.5, 11.5, 7.5 ], "texture": "#4_2" },
				"west": { "uv": [ 9.5, 4.5, 11, 5.5 ], "texture": "#4_2" },
				"east": { "uv": [ 9.5, 3.5, 11, 4.5 ], "texture": "#4_2" }
			}
		},
		{
			"__comment": "Element",
			"from": [ 16.5, 17, 7 ],
			"to": [ 17.5, 18, 10 ],
			"faces": {
				"down": { "uv": [ 0, 12.25, 0.25, 13 ], "texture": "#4_2" },
				"up": { "uv": [ 12, 10.75, 12.25, 10 ], "texture": "#4_2" },
				"north": { "uv": [ 12.5, 3.5, 12.25, 3.75 ], "texture": "#4_2" },
				"west": { "uv": [ 12.75, 6.75, 12, 7 ], "texture": "#4_2" },
				"east": { "uv": [ 12.75, 7, 12, 7.25 ], "texture": "#4_2" }
			}
		},
		{
			"__comment": "Element",
			"from": [ 16.5, 10, 7 ],
			"to": [ 17.5, 17, 8 ],
			"faces": {
				"down": { "uv": [ 12.25, 3.75, 12.5, 4 ], "texture": "#4_2" },
				"north": { "uv": [ 10.5, 11.25, 10.25, 13 ], "texture": "#4_2" },
				"south": { "uv": [ 7.75, 11.5, 7.5, 13.25 ], "texture": "#4_2" },
				"west": { "uv": [ 7.5, 11.5, 7.25, 13.25 ], "texture": "#4_2" },
				"east": { "uv": [ 8, 11.5, 7.75, 13.25 ], "texture": "#4_2" }
			}
		},
		{
			"__comment": "Element",
			"from": [ 11, 20, 18.5 ],
			"to": [ 15.5, 22, 20.5 ],
			"rotation": { "origin": [ 11, 22, 19.5 ], "axis": "z", "angle": -22.5 },
			"faces": {
				"down": { "uv": [ 11, 5, 12.25, 5.5 ], "texture": "#4_2" },
				"up": { "uv": [ 11, 5, 12.25, 4.5 ], "texture": "#4_2" },
				"north": { "uv": [ 12.25, 3.5, 11, 4 ], "texture": "#4_2" },
				"south": { "uv": [ 12.25, 4, 11, 4.5 ], "texture": "#4_2" },
				"east": { "uv": [ 5.75, 11.75, 5.25, 12.25 ], "texture": "#4_2" }
			}
		},
		{
			"__comment": "Element",
			"from": [ 16, 10, -7 ],
			"to": [ 16.5, 16, -4.5 ],
			"rotation": { "origin": [ 16, 10, -7 ], "axis": "x", "angle": -22.5 },
			"shade": false,
			"faces": {
				"down": { "uv": [ 0.5, 12.25, 0.75, 13 ], "texture": "#4_2" },
				"up": { "uv": [ 0.25, 13, 0.5, 12.25 ], "texture": "#4_2" },
				"north": { "uv": [ 8.25, 11.5, 8, 13 ], "texture": "#4_2" },
				"south": { "uv": [ 4, 11.75, 3.75, 13.25 ], "texture": "#4_2" },
				"west": { "uv": [ 3, 10, 2.3125, 11.5 ], "texture": "#4_2" },
				"east": { "uv": [ 3.6875, 10, 3, 11.5 ], "texture": "#4_2" }
			}
		},
		{
			"__comment": "Element",
			"from": [ 14, 10, -7 ],
			"to": [ 14.5, 16, -4.5 ],
			"rotation": { "origin": [ 14, 10, -7 ], "axis": "x", "angle": -22.5 },
			"shade": false,
			"faces": {
				"down": { "uv": [ 0.5, 12.25, 0.75, 13 ], "texture": "#4_2" },
				"up": { "uv": [ 0.25, 13, 0.5, 12.25 ], "texture": "#4_2" },
				"north": { "uv": [ 8.25, 11.5, 8, 13 ], "texture": "#4_2" },
				"south": { "uv": [ 4, 11.75, 3.75, 13.25 ], "texture": "#4_2" },
				"west": { "uv": [ 3, 10, 2.3125, 11.5 ], "texture": "#4_2" },
				"east": { "uv": [ 3.6875, 10, 3, 11.5 ], "texture": "#4_2" }
			}
		},
		{
			"__comment": "Element",
			"from": [ 14, 15.55, -9.29 ],
			"to": [ 16.5, 17, -6.79 ],
			"shade": false,
			"faces": {
				"down": { "uv": [ 1.5, 11.5, 2.25, 12.25 ], "texture": "#4_2" },
				"up": { "uv": [ 0.75, 12.25, 1.5, 11.5 ], "texture": "#4_2" },
				"north": { "uv": [ 12.75, 11.5, 12, 11.75 ], "texture": "#4_2" },
				"south": { "uv": [ 1.5, 12.25, 0.75, 12.5 ], "texture": "#4_2" },
				"west": { "uv": [ 12.75, 11.75, 12, 12 ], "texture": "#4_2" },
				"east": { "uv": [ 2.25, 12.25, 1.5, 12.5 ], "texture": "#4_2" }
			}
		},
		{
			"__comment": "Element",
			"from": [ 14, 17.55, -9.29 ],
			"to": [ 16.5, 18.05, -6.79 ],
			"shade": false,
			"faces": {
				"down": { "uv": [ 3, 11.5, 3.75, 12.25 ], "texture": "#4_2" },
				"up": { "uv": [ 2.25, 12.25, 3, 11.5 ], "texture": "#4_2" },
				"north": { "uv": [ 3, 12.25, 2.25, 12.5 ], "texture": "#4_2" },
				"west": { "uv": [ 3.75, 12.25, 3, 12.5 ], "texture": "#4_2" },
				"east": { "uv": [ 5, 12.25, 4.25, 12.5 ], "texture": "#4_2" }
			}
		},
		{
			"__comment": "Element",
			"from": [ 14, 17.55, -6.79 ],
			"to": [ 16.5, 18.05, -3.79 ],
			"rotation": { "origin": [ 16.75, 18.05, -6.8 ], "axis": "x", "angle": 22.5 },
			"shade": false,
			"faces": {
				"down": { "uv": [ 6.5, 11.5, 7.25, 12.25 ], "texture": "#4_2" },
				"up": { "uv": [ 5.75, 12.25, 6.5, 11.5 ], "texture": "#4_2" },
				"west": { "uv": [ 6, 12.25, 5.25, 12.5 ], "texture": "#4_2" },
				"east": { "uv": [ 6.75, 12.25, 6, 12.5 ], "texture": "#4_2" }
			}
		},
		{
			"__comment": "Element",
			"from": [ 14, 10.8, 19 ],
			"to": [ 16.5, 16.3, 21 ],
			"faces": {
				"down": { "uv": [ 11.5, 7.25, 12.25, 7.75 ], "texture": "#4_2" },
				"south": { "uv": [ 0.75, 10, 0, 11.5 ], "texture": "#4_2" },
				"west": { "uv": [ 8.75, 11, 8.25, 12.5 ], "texture": "#4_2" },
				"east": { "uv": [ 9.25, 11, 8.75, 12.5 ], "texture": "#4_2" }
			}
		},
		{
			"__comment": "Element",
			"from": [ 14, 10.43, 17.1 ],
			"to": [ 16.5, 11.43, 19.2 ],
			"rotation": { "origin": [ 15.25, 14.94112, 19.13564 ], "axis": "x", "angle": -22.5 },
			"faces": {
				"down": { "uv": [ 11.5, 10.75, 12.25, 11.25 ], "texture": "#4_2" },
				"west": { "uv": [ 10, 12.25, 9.5, 12.5 ], "texture": "#4_2" },
				"east": { "uv": [ 11, 12.25, 10.5, 12.5 ], "texture": "#4_2" }
			}
		},
		{
			"__comment": "Element",
			"from": [ 13.999, 17, 17.5 ],
			"to": [ 16.499, 21, 23.5 ],
			"rotation": { "origin": [ 16.25, 17.25, 21.75 ], "axis": "x", "angle": -45 },
			"faces": {
				"down": { "uv": [ 1.5, 10, 2.25, 11.5 ], "texture": "#4_2" },
				"up": { "uv": [ 0.75, 11.5, 1.5, 10 ], "texture": "#4_2" },
				"south": { "uv": [ 11.5, 6.5, 10.75, 7.5 ], "texture": "#4_2" },
				"west": { "uv": [ 11, 3.5, 9.5, 4.5 ], "texture": "#4_2" },
				"east": { "uv": [ 11, 4.5, 9.5, 5.5 ], "texture": "#4_2" }
			}
		},
		{
			"__comment": "Element",
			"from": [ -1, 17, 19 ],
			"to": [ 0, 27, 20 ],
			"faces": {
				"down": { "uv": [ 2.5, 6, 2, 6.5 ], "texture": "#3" },
				"up": { "uv": [ 3.5, 6, 3, 5.5 ], "texture": "#3" },
				"north": { "uv": [ 0, 5.5, 0.5, 10.5 ], "texture": "#3" },
				"south": { "uv": [ 1, 5.5, 1.5, 10.5 ], "texture": "#3" },
				"west": { "uv": [ 1.5, 5.5, 2, 10.5 ], "texture": "#3" },
				"east": { "uv": [ 0.5, 5.5, 1, 10.5 ], "texture": "#3" }
			}
		},
		{
			"__comment": "Element",
			"from": [ -3.75, 27, 19 ],
			"to": [ 2.75, 28, 20 ],
			"faces": {
				"down": { "uv": [ 7, 2.5, 3.5, 3 ], "texture": "#3" },
				"up": { "uv": [ 7, 2.5, 3.5, 2 ], "texture": "#3" },
				"north": { "uv": [ 3.5, 1, 7, 1.5 ], "texture": "#3" },
				"south": { "uv": [ 3.5, 1.5, 7, 2 ], "texture": "#3" },
				"west": { "uv": [ 2.5, 5.5, 3, 6 ], "texture": "#3" },
				"east": { "uv": [ 2, 5.5, 2.5, 6 ], "texture": "#3" }
			}
		},
		{
			"__comment": "Element",
			"from": [ -3.75, 27, 23 ],
			"to": [ 2.75, 28, 24 ],
			"faces": {
				"down": { "uv": [ 7, 2.5, 3.5, 3 ], "texture": "#3" },
				"up": { "uv": [ 7, 2.5, 3.5, 2 ], "texture": "#3" },
				"north": { "uv": [ 3.5, 1, 7, 1.5 ], "texture": "#3" },
				"south": { "uv": [ 3.5, 1.5, 7, 2 ], "texture": "#3" },
				"west": { "uv": [ 2.5, 5.5, 3, 6 ], "texture": "#3" },
				"east": { "uv": [ 2, 5.5, 2.5, 6 ], "texture": "#3" }
			}
		},
		{
			"__comment": "Element",
			"from": [ -3.75, 27, 15 ],
			"to": [ 2.75, 28, 16 ],
			"faces": {
				"down": { "uv": [ 7, 2.5, 3.5, 3 ], "texture": "#3" },
				"up": { "uv": [ 7, 2.5, 3.5, 2 ], "texture": "#3" },
				"north": { "uv": [ 3.5, 1, 7, 1.5 ], "texture": "#3" },
				"south": { "uv": [ 3.5, 1.5, 7, 2 ], "texture": "#3" },
				"west": { "uv": [ 2.5, 5.5, 3, 6 ], "texture": "#3" },
				"east": { "uv": [ 2, 5.5, 2.5, 6 ], "texture": "#3" }
			}
		},
		{
			"__comment": "Element",
			"from": [ -9.5, 26.5, 14 ],
			"to": [ -2.5, 27.5, 25 ],
			"rotation": { "origin": [ -2.5, 27, 19.5 ], "axis": "z", "angle": -22.5 },
			"faces": {
				"down": { "uv": [ 7, 3.5, 3.5, 9 ], "texture": "#3" },
				"up": { "uv": [ 3.5, 5.5, 0, 0 ], "texture": "#3" },
				"north": { "uv": [ 3.5, 3, 7, 3.5 ], "texture": "#3" },
				"south": { "uv": [ 7, 7, 10.5, 7.5 ], "texture": "#3" },
				"west": { "uv": [ 3.5, 0.5, 9, 1 ], "texture": "#3" },
				"east": { "uv": [ 3.5, 0, 9, 0.5 ], "texture": "#3" }
			}
		},
		{
			"__comment": "Element",
			"from": [ 1.5, 26.5, 14 ],
			"to": [ 8.5, 27.5, 25 ],
			"rotation": { "origin": [ 1.5, 27, 19.5 ], "axis": "z", "angle": 22.5 },
			"faces": {
				"down": { "uv": [ 3.5, 3.5, 7, 9 ], "texture": "#3" },
				"up": { "uv": [ 0, 5.5, 3.5, 0 ], "texture": "#3" },
				"north": { "uv": [ 7, 3, 3.5, 3.5 ], "texture": "#3" },
				"south": { "uv": [ 10.5, 7, 7, 7.5 ], "texture": "#3" },
				"west": { "uv": [ 9, 0, 3.5, 0.5 ], "texture": "#3" },
				"east": { "uv": [ 9, 0.5, 3.5, 1 ], "texture": "#3" }
			}
		}
	],
	"display": {
		"head": {
			"translation":  [ 0, -33, 0 ],
			"scale":  [ 1.8, 1.8, 1.8 ]
		}
	}
}